<?xml version="1.0" encoding="UTF-8"?>
<gpx version="1.1" creator="track-viewer sample" xmlns="http://www.topografix.com/GPX/1/1">
 <trk>
  <name>Rio Acima</name>
  <type>cycling</type>
  <trkseg>
   <trkpt lat="-20.166140" lon="-43.949676"><ele>1345.2</ele></trkpt>
   <trkpt lat="-20.165420" lon="-43.950227"><ele>1334.1</ele></trkpt>
   <trkpt lat="-20.165084" lon="-43.950510"><ele>1329.3</ele></trkpt>
   <trkpt lat="-20.164779" lon="-43.950808"><ele>1325.6</ele></trkpt>
   <trkpt lat="-20.164518" lon="-43.951117"><ele>1323.0</ele></trkpt>
   <trkpt lat="-20.164304" lon="-43.951422"><ele>1321.5</ele></trkpt>
   <trkpt lat="-20.164127" lon="-43.951717"><ele>1321.1</ele></trkpt>
   <trkpt lat="-20.163976" lon="-43.952007"><ele>1321.2</ele></trkpt>
   <trkpt lat="-20.163803" lon="-43.952399"><ele>1321.4</ele></trkpt>
   <trkpt lat="-20.163670" lon="-43.952676"><ele>1321.7</ele></trkpt>
   <trkpt lat="-20.163419" lon="-43.953097"><ele>1322.5</ele></trkpt>
   <trkpt lat="-20.163316" lon="-43.953243"><ele>1322.9</ele></trkpt>
   <trkpt lat="-20.163214" lon="-43.953371"><ele>1323.3</ele></trkpt>
   <trkpt lat="-20.162808" lon="-43.953829"><ele>1326.8</ele></trkpt>
   <trkpt lat="-20.162612" lon="-43.954078"><ele>1327.1</ele></trkpt>
   <trkpt lat="-20.162218" lon="-43.954708"><ele>1324.2</ele></trkpt>
   <trkpt lat="-20.161930" lon="-43.955236"><ele>1321.1</ele></trkpt>
   <trkpt lat="-20.161823" lon="-43.955373"><ele>1320.2</ele></trkpt>
   <trkpt lat="-20.161758" lon="-43.955419"><ele>1319.8</ele></trkpt>
   <trkpt lat="-20.161687" lon="-43.955447"><ele>1319.5</ele></trkpt>
   <trkpt lat="-20.161538" lon="-43.955446"><ele>1319.1</ele></trkpt>
   <trkpt lat="-20.161308" lon="-43.955368"><ele>1318.7</ele></trkpt>
   <trkpt lat="-20.160640" lon="-43.955087"><ele>1317.7</ele></trkpt>
   <trkpt lat="-20.160508" lon="-43.955056"><ele>1317.6</ele></trkpt>
   <trkpt lat="-20.160450" lon="-43.955064"><ele>1317.6</ele></trkpt>
   <trkpt lat="-20.160402" lon="-43.955090"><ele>1317.6</ele></trkpt>
   <trkpt lat="-20.160324" lon="-43.955154"><ele>1317.6</ele></trkpt>
   <trkpt lat="-20.160251" lon="-43.955192"><ele>1317.7</ele></trkpt>
   <trkpt lat="-20.160138" lon="-43.955223"><ele>1318.1</ele></trkpt>
   <trkpt lat="-20.160111" lon="-43.955240"><ele>1318.3</ele></trkpt>
   <trkpt lat="-20.160073" lon="-43.955284"><ele>1318.6</ele></trkpt>
   <trkpt lat="-20.160015" lon="-43.955422"><ele>1319.0</ele></trkpt>
   <trkpt lat="-20.159975" lon="-43.955621"><ele>1318.6</ele></trkpt>
   <trkpt lat="-20.159945" lon="-43.955717"><ele>1318.4</ele></trkpt>
   <trkpt lat="-20.159825" lon="-43.955968"><ele>1317.9</ele></trkpt>
   <trkpt lat="-20.159612" lon="-43.956494"><ele>1316.2</ele></trkpt>
   <trkpt lat="-20.159343" lon="-43.957196"><ele>1314.9</ele></trkpt>
   <trkpt lat="-20.159186" lon="-43.957632"><ele>1313.1</ele></trkpt>
   <trkpt lat="-20.158843" lon="-43.958498"><ele>1315.0</ele></trkpt>
   <trkpt lat="-20.158636" lon="-43.959059"><ele>1315.9</ele></trkpt>
   <trkpt lat="-20.158527" lon="-43.959326"><ele>1316.8</ele></trkpt>
   <trkpt lat="-20.158491" lon="-43.959380"><ele>1317.4</ele></trkpt>
   <trkpt lat="-20.158452" lon="-43.959403"><ele>1317.7</ele></trkpt>
   <trkpt lat="-20.158354" lon="-43.959414"><ele>1317.8</ele></trkpt>
   <trkpt lat="-20.158225" lon="-43.959389"><ele>1317.8</ele></trkpt>
   <trkpt lat="-20.158161" lon="-43.959388"><ele>1318.0</ele></trkpt>
   <trkpt lat="-20.158129" lon="-43.959404"><ele>1318.2</ele></trkpt>
   <trkpt lat="-20.158100" lon="-43.959433"><ele>1318.3</ele></trkpt>
   <trkpt lat="-20.158051" lon="-43.959521"><ele>1318.6</ele></trkpt>
   <trkpt lat="-20.157740" lon="-43.960279"><ele>1319.8</ele></trkpt>
   <trkpt lat="-20.157710" lon="-43.960378"><ele>1319.9</ele></trkpt>
   <trkpt lat="-20.157674" lon="-43.960542"><ele>1320.7</ele></trkpt>
   <trkpt lat="-20.157620" lon="-43.960705"><ele>1321.4</ele></trkpt>
   <trkpt lat="-20.157334" lon="-43.961427"><ele>1324.9</ele></trkpt>
   <trkpt lat="-20.157039" lon="-43.962232"><ele>1330.2</ele></trkpt>
   <trkpt lat="-20.156933" lon="-43.962476"><ele>1331.5</ele></trkpt>
   <trkpt lat="-20.156579" lon="-43.963446"><ele>1338.7</ele></trkpt>
   <trkpt lat="-20.156566" lon="-43.963459"><ele>1339.3</ele></trkpt>
   <trkpt lat="-20.156546" lon="-43.963451"><ele>1339.8</ele></trkpt>
   <trkpt lat="-20.156508" lon="-43.963403"><ele>1339.9</ele></trkpt>
   <trkpt lat="-20.156499" lon="-43.963376"><ele>1339.9</ele></trkpt>
   <trkpt lat="-20.156460" lon="-43.963333"><ele>1339.8</ele></trkpt>
   <trkpt lat="-20.156406" lon="-43.963298"><ele>1339.8</ele></trkpt>
   <trkpt lat="-20.156278" lon="-43.963269"><ele>1339.9</ele></trkpt>
   <trkpt lat="-20.156202" lon="-43.963242"><ele>1340.3</ele></trkpt>
   <trkpt lat="-20.156003" lon="-43.963119"><ele>1340.7</ele></trkpt>
   <trkpt lat="-20.155766" lon="-43.963014"><ele>1339.6</ele></trkpt>
   <trkpt lat="-20.155580" lon="-43.962970"><ele>1338.0</ele></trkpt>
   <trkpt lat="-20.155521" lon="-43.962936"><ele>1337.4</ele></trkpt>
   <trkpt lat="-20.155440" lon="-43.962909"><ele>1336.8</ele></trkpt>
   <trkpt lat="-20.155343" lon="-43.962900"><ele>1335.6</ele></trkpt>
   <trkpt lat="-20.155145" lon="-43.962940"><ele>1333.4</ele></trkpt>
   <trkpt lat="-20.155006" lon="-43.962933"><ele>1332.2</ele></trkpt>
   <trkpt lat="-20.154768" lon="-43.962997"><ele>1330.2</ele></trkpt>
   <trkpt lat="-20.154415" lon="-43.963074"><ele>1328.9</ele></trkpt>
   <trkpt lat="-20.154354" lon="-43.963097"><ele>1329.0</ele></trkpt>
   <trkpt lat="-20.154242" lon="-43.963163"><ele>1329.7</ele></trkpt>
   <trkpt lat="-20.154067" lon="-43.963193"><ele>1330.8</ele></trkpt>
   <trkpt lat="-20.153858" lon="-43.963262"><ele>1330.9</ele></trkpt>
   <trkpt lat="-20.153675" lon="-43.963241"><ele>1330.1</ele></trkpt>
   <trkpt lat="-20.153644" lon="-43.963212"><ele>1329.7</ele></trkpt>
   <trkpt lat="-20.153614" lon="-43.963163"><ele>1329.0</ele></trkpt>
   <trkpt lat="-20.153586" lon="-43.963154"><ele>1328.2</ele></trkpt>
   <trkpt lat="-20.153500" lon="-43.963184"><ele>1327.6</ele></trkpt>
   <trkpt lat="-20.153213" lon="-43.963235"><ele>1324.7</ele></trkpt>
   <trkpt lat="-20.153114" lon="-43.963286"><ele>1323.0</ele></trkpt>
   <trkpt lat="-20.152988" lon="-43.963297"><ele>1322.4</ele></trkpt>
   <trkpt lat="-20.152660" lon="-43.963432"><ele>1320.0</ele></trkpt>
   <trkpt lat="-20.152548" lon="-43.963452"><ele>1319.9</ele></trkpt>
   <trkpt lat="-20.152424" lon="-43.963491"><ele>1319.0</ele></trkpt>
   <trkpt lat="-20.152410" lon="-43.963487"><ele>1318.8</ele></trkpt>
   <trkpt lat="-20.152410" lon="-43.963469"><ele>1318.6</ele></trkpt>
   <trkpt lat="-20.152503" lon="-43.963392"><ele>1317.3</ele></trkpt>
   <trkpt lat="-20.152514" lon="-43.963378"><ele>1317.1</ele></trkpt>
   <trkpt lat="-20.152509" lon="-43.963357"><ele>1316.6</ele></trkpt>
   <trkpt lat="-20.152499" lon="-43.963355"><ele>1316.4</ele></trkpt>
   <trkpt lat="-20.152442" lon="-43.963384"><ele>1315.5</ele></trkpt>
   <trkpt lat="-20.152290" lon="-43.963394"><ele>1314.8</ele></trkpt>
   <trkpt lat="-20.152115" lon="-43.963426"><ele>1313.6</ele></trkpt>
   <trkpt lat="-20.152028" lon="-43.963431"><ele>1312.9</ele></trkpt>
   <trkpt lat="-20.151960" lon="-43.963457"><ele>1312.1</ele></trkpt>
   <trkpt lat="-20.151915" lon="-43.963490"><ele>1311.6</ele></trkpt>
   <trkpt lat="-20.151859" lon="-43.963556"><ele>1311.1</ele></trkpt>
   <trkpt lat="-20.151731" lon="-43.963633"><ele>1311.4</ele></trkpt>
   <trkpt lat="-20.151648" lon="-43.963667"><ele>1311.6</ele></trkpt>
   <trkpt lat="-20.151589" lon="-43.963680"><ele>1311.4</ele></trkpt>
   <trkpt lat="-20.151569" lon="-43.963667"><ele>1311.2</ele></trkpt>
   <trkpt lat="-20.151581" lon="-43.963627"><ele>1310.7</ele></trkpt>
   <trkpt lat="-20.151702" lon="-43.963493"><ele>1309.1</ele></trkpt>
   <trkpt lat="-20.151749" lon="-43.963420"><ele>1308.0</ele></trkpt>
   <trkpt lat="-20.151751" lon="-43.963391"><ele>1307.6</ele></trkpt>
   <trkpt lat="-20.151734" lon="-43.963360"><ele>1307.1</ele></trkpt>
   <trkpt lat="-20.151699" lon="-43.963333"><ele>1306.6</ele></trkpt>
   <trkpt lat="-20.151566" lon="-43.963267"><ele>1304.3</ele></trkpt>
   <trkpt lat="-20.151546" lon="-43.963249"><ele>1303.8</ele></trkpt>
   <trkpt lat="-20.151527" lon="-43.963199"><ele>1302.7</ele></trkpt>
   <trkpt lat="-20.151534" lon="-43.963062"><ele>1301.1</ele></trkpt>
   <trkpt lat="-20.151519" lon="-43.963008"><ele>1300.4</ele></trkpt>
   <trkpt lat="-20.151487" lon="-43.962967"><ele>1299.9</ele></trkpt>
   <trkpt lat="-20.151396" lon="-43.962884"><ele>1299.0</ele></trkpt>
   <trkpt lat="-20.151281" lon="-43.962805"><ele>1298.5</ele></trkpt>
   <trkpt lat="-20.151231" lon="-43.962789"><ele>1298.4</ele></trkpt>
   <trkpt lat="-20.151126" lon="-43.962797"><ele>1298.6</ele></trkpt>
   <trkpt lat="-20.151079" lon="-43.962813"><ele>1298.6</ele></trkpt>
   <trkpt lat="-20.151051" lon="-43.962854"><ele>1298.7</ele></trkpt>
   <trkpt lat="-20.151016" lon="-43.963033"><ele>1297.8</ele></trkpt>
   <trkpt lat="-20.150991" lon="-43.963075"><ele>1297.7</ele></trkpt>
   <trkpt lat="-20.150952" lon="-43.963096"><ele>1297.7</ele></trkpt>
   <trkpt lat="-20.150889" lon="-43.963100"><ele>1297.8</ele></trkpt>
   <trkpt lat="-20.150815" lon="-43.963128"><ele>1298.7</ele></trkpt>
   <trkpt lat="-20.150716" lon="-43.963192"><ele>1300.3</ele></trkpt>
   <trkpt lat="-20.150645" lon="-43.963215"><ele>1301.3</ele></trkpt>
   <trkpt lat="-20.150602" lon="-43.963217"><ele>1302.1</ele></trkpt>
   <trkpt lat="-20.150562" lon="-43.963197"><ele>1302.9</ele></trkpt>
   <trkpt lat="-20.150496" lon="-43.963140"><ele>1304.7</ele></trkpt>
   <trkpt lat="-20.150396" lon="-43.963108"><ele>1306.6</ele></trkpt>
   <trkpt lat="-20.150359" lon="-43.963121"><ele>1307.3</ele></trkpt>
   <trkpt lat="-20.150284" lon="-43.963173"><ele>1311.0</ele></trkpt>
   <trkpt lat="-20.150254" lon="-43.963176"><ele>1311.8</ele></trkpt>
   <trkpt lat="-20.150220" lon="-43.963128"><ele>1314.1</ele></trkpt>
   <trkpt lat="-20.150190" lon="-43.963049"><ele>1314.5</ele></trkpt>
   <trkpt lat="-20.150184" lon="-43.963007"><ele>1314.8</ele></trkpt>
   <trkpt lat="-20.150188" lon="-43.962882"><ele>1315.7</ele></trkpt>
   <trkpt lat="-20.150167" lon="-43.962777"><ele>1315.9</ele></trkpt>
   <trkpt lat="-20.150147" lon="-43.962720"><ele>1316.1</ele></trkpt>
   <trkpt lat="-20.150104" lon="-43.962675"><ele>1316.5</ele></trkpt>
   <trkpt lat="-20.150081" lon="-43.962666"><ele>1316.6</ele></trkpt>
   <trkpt lat="-20.150055" lon="-43.962673"><ele>1317.2</ele></trkpt>
   <trkpt lat="-20.150009" lon="-43.962756"><ele>1319.8</ele></trkpt>
   <trkpt lat="-20.149907" lon="-43.962773"><ele>1320.1</ele></trkpt>
   <trkpt lat="-20.149840" lon="-43.962756"><ele>1320.4</ele></trkpt>
   <trkpt lat="-20.149725" lon="-43.962706"><ele>1321.4</ele></trkpt>
   <trkpt lat="-20.149555" lon="-43.962669"><ele>1323.3</ele></trkpt>
   <trkpt lat="-20.149497" lon="-43.962643"><ele>1324.6</ele></trkpt>
   <trkpt lat="-20.149417" lon="-43.962565"><ele>1326.1</ele></trkpt>
   <trkpt lat="-20.149316" lon="-43.962500"><ele>1327.9</ele></trkpt>
   <trkpt lat="-20.149222" lon="-43.962425"><ele>1329.3</ele></trkpt>
   <trkpt lat="-20.149112" lon="-43.962299"><ele>1331.5</ele></trkpt>
   <trkpt lat="-20.148997" lon="-43.962228"><ele>1332.4</ele></trkpt>
   <trkpt lat="-20.148868" lon="-43.962089"><ele>1334.0</ele></trkpt>
   <trkpt lat="-20.148783" lon="-43.961929"><ele>1334.2</ele></trkpt>
   <trkpt lat="-20.148730" lon="-43.961873"><ele>1334.1</ele></trkpt>
   <trkpt lat="-20.148698" lon="-43.961858"><ele>1334.2</ele></trkpt>
   <trkpt lat="-20.148562" lon="-43.961823"><ele>1334.7</ele></trkpt>
   <trkpt lat="-20.148100" lon="-43.961609"><ele>1338.6</ele></trkpt>
   <trkpt lat="-20.147933" lon="-43.961523"><ele>1340.3</ele></trkpt>
   <trkpt lat="-20.147809" lon="-43.961437"><ele>1341.5</ele></trkpt>
   <trkpt lat="-20.147696" lon="-43.961313"><ele>1342.9</ele></trkpt>
   <trkpt lat="-20.147630" lon="-43.961255"><ele>1343.5</ele></trkpt>
   <trkpt lat="-20.147406" lon="-43.961101"><ele>1345.0</ele></trkpt>
   <trkpt lat="-20.147329" lon="-43.961061"><ele>1345.7</ele></trkpt>
   <trkpt lat="-20.147104" lon="-43.961002"><ele>1346.1</ele></trkpt>
   <trkpt lat="-20.147017" lon="-43.960988"><ele>1346.0</ele></trkpt>
   <trkpt lat="-20.146788" lon="-43.960983"><ele>1344.8</ele></trkpt>
   <trkpt lat="-20.146750" lon="-43.960972"><ele>1344.5</ele></trkpt>
   <trkpt lat="-20.146503" lon="-43.960858"><ele>1343.0</ele></trkpt>
   <trkpt lat="-20.146046" lon="-43.960701"><ele>1336.8</ele></trkpt>
   <trkpt lat="-20.145916" lon="-43.960669"><ele>1335.2</ele></trkpt>
   <trkpt lat="-20.145777" lon="-43.960649"><ele>1333.2</ele></trkpt>
   <trkpt lat="-20.145631" lon="-43.960637"><ele>1331.8</ele></trkpt>
   <trkpt lat="-20.145356" lon="-43.960637"><ele>1329.2</ele></trkpt>
   <trkpt lat="-20.144982" lon="-43.960619"><ele>1326.0</ele></trkpt>
   <trkpt lat="-20.144611" lon="-43.960566"><ele>1321.2</ele></trkpt>
   <trkpt lat="-20.144467" lon="-43.960557"><ele>1318.8</ele></trkpt>
   <trkpt lat="-20.143924" lon="-43.960612"><ele>1311.5</ele></trkpt>
   <trkpt lat="-20.143694" lon="-43.960605"><ele>1310.1</ele></trkpt>
   <trkpt lat="-20.143535" lon="-43.960617"><ele>1308.7</ele></trkpt>
   <trkpt lat="-20.143467" lon="-43.960633"><ele>1307.8</ele></trkpt>
   <trkpt lat="-20.143407" lon="-43.960658"><ele>1307.1</ele></trkpt>
   <trkpt lat="-20.143359" lon="-43.960690"><ele>1306.5</ele></trkpt>
   <trkpt lat="-20.143324" lon="-43.960726"><ele>1306.0</ele></trkpt>
   <trkpt lat="-20.143274" lon="-43.960800"><ele>1305.7</ele></trkpt>
   <trkpt lat="-20.143219" lon="-43.960851"><ele>1306.1</ele></trkpt>
   <trkpt lat="-20.143183" lon="-43.960859"><ele>1306.5</ele></trkpt>
   <trkpt lat="-20.142972" lon="-43.960824"><ele>1307.8</ele></trkpt>
   <trkpt lat="-20.142842" lon="-43.960835"><ele>1307.3</ele></trkpt>
   <trkpt lat="-20.142447" lon="-43.960968"><ele>1304.8</ele></trkpt>
   <trkpt lat="-20.142385" lon="-43.961009"><ele>1304.9</ele></trkpt>
   <trkpt lat="-20.142366" lon="-43.961033"><ele>1305.3</ele></trkpt>
   <trkpt lat="-20.142324" lon="-43.961148"><ele>1306.7</ele></trkpt>
   <trkpt lat="-20.142265" lon="-43.961241"><ele>1308.5</ele></trkpt>
   <trkpt lat="-20.142236" lon="-43.961345"><ele>1309.2</ele></trkpt>
   <trkpt lat="-20.142185" lon="-43.961397"><ele>1309.6</ele></trkpt>
   <trkpt lat="-20.142109" lon="-43.961411"><ele>1309.7</ele></trkpt>
   <trkpt lat="-20.142028" lon="-43.961409"><ele>1310.0</ele></trkpt>
   <trkpt lat="-20.141826" lon="-43.961332"><ele>1309.5</ele></trkpt>
   <trkpt lat="-20.141771" lon="-43.961297"><ele>1309.3</ele></trkpt>
   <trkpt lat="-20.141747" lon="-43.961218"><ele>1308.6</ele></trkpt>
   <trkpt lat="-20.141730" lon="-43.961200"><ele>1308.6</ele></trkpt>
   <trkpt lat="-20.141681" lon="-43.961172"><ele>1308.4</ele></trkpt>
   <trkpt lat="-20.141552" lon="-43.961143"><ele>1307.7</ele></trkpt>
   <trkpt lat="-20.141463" lon="-43.961151"><ele>1307.5</ele></trkpt>
   <trkpt lat="-20.141408" lon="-43.961165"><ele>1307.7</ele></trkpt>
   <trkpt lat="-20.141351" lon="-43.961184"><ele>1308.1</ele></trkpt>
   <trkpt lat="-20.141053" lon="-43.961318"><ele>1312.1</ele></trkpt>
   <trkpt lat="-20.140857" lon="-43.961357"><ele>1313.8</ele></trkpt>
   <trkpt lat="-20.140668" lon="-43.961377"><ele>1315.7</ele></trkpt>
   <trkpt lat="-20.140566" lon="-43.961402"><ele>1316.9</ele></trkpt>
   <trkpt lat="-20.140338" lon="-43.961501"><ele>1319.6</ele></trkpt>
   <trkpt lat="-20.140199" lon="-43.961529"><ele>1320.3</ele></trkpt>
   <trkpt lat="-20.140094" lon="-43.961560"><ele>1320.3</ele></trkpt>
   <trkpt lat="-20.139720" lon="-43.961724"><ele>1320.7</ele></trkpt>
   <trkpt lat="-20.139322" lon="-43.961867"><ele>1320.7</ele></trkpt>
   <trkpt lat="-20.139135" lon="-43.961917"><ele>1321.5</ele></trkpt>
   <trkpt lat="-20.138883" lon="-43.962002"><ele>1321.6</ele></trkpt>
   <trkpt lat="-20.138569" lon="-43.962083"><ele>1321.4</ele></trkpt>
   <trkpt lat="-20.138429" lon="-43.962128"><ele>1321.0</ele></trkpt>
   <trkpt lat="-20.138076" lon="-43.962262"><ele>1319.2</ele></trkpt>
   <trkpt lat="-20.137949" lon="-43.962282"><ele>1318.5</ele></trkpt>
   <trkpt lat="-20.137875" lon="-43.962305"><ele>1317.9</ele></trkpt>
   <trkpt lat="-20.137671" lon="-43.962345"><ele>1316.5</ele></trkpt>
   <trkpt lat="-20.137442" lon="-43.962452"><ele>1314.2</ele></trkpt>
   <trkpt lat="-20.137100" lon="-43.962576"><ele>1311.2</ele></trkpt>
   <trkpt lat="-20.136841" lon="-43.962700"><ele>1310.8</ele></trkpt>
   <trkpt lat="-20.136757" lon="-43.962731"><ele>1310.6</ele></trkpt>
   <trkpt lat="-20.136602" lon="-43.962772"><ele>1310.0</ele></trkpt>
   <trkpt lat="-20.136252" lon="-43.962838"><ele>1307.8</ele></trkpt>
   <trkpt lat="-20.136053" lon="-43.962911"><ele>1306.7</ele></trkpt>
   <trkpt lat="-20.135669" lon="-43.963024"><ele>1305.3</ele></trkpt>
   <trkpt lat="-20.135389" lon="-43.963128"><ele>1304.3</ele></trkpt>
   <trkpt lat="-20.135198" lon="-43.963183"><ele>1303.3</ele></trkpt>
   <trkpt lat="-20.135168" lon="-43.963202"><ele>1303.1</ele></trkpt>
   <trkpt lat="-20.135042" lon="-43.963342"><ele>1303.1</ele></trkpt>
   <trkpt lat="-20.134935" lon="-43.963445"><ele>1303.7</ele></trkpt>
   <trkpt lat="-20.134907" lon="-43.963509"><ele>1304.2</ele></trkpt>
   <trkpt lat="-20.134863" lon="-43.963654"><ele>1305.4</ele></trkpt>
   <trkpt lat="-20.134814" lon="-43.963849"><ele>1307.4</ele></trkpt>
   <trkpt lat="-20.134752" lon="-43.963974"><ele>1308.8</ele></trkpt>
   <trkpt lat="-20.134727" lon="-43.964068"><ele>1310.4</ele></trkpt>
   <trkpt lat="-20.134713" lon="-43.964091"><ele>1310.8</ele></trkpt>
   <trkpt lat="-20.134679" lon="-43.964121"><ele>1311.3</ele></trkpt>
   <trkpt lat="-20.134636" lon="-43.964128"><ele>1311.5</ele></trkpt>
   <trkpt lat="-20.134542" lon="-43.964105"><ele>1311.8</ele></trkpt>
   <trkpt lat="-20.134463" lon="-43.964117"><ele>1311.9</ele></trkpt>
   <trkpt lat="-20.134265" lon="-43.964094"><ele>1312.2</ele></trkpt>
   <trkpt lat="-20.134230" lon="-43.964077"><ele>1312.1</ele></trkpt>
   <trkpt lat="-20.134151" lon="-43.964004"><ele>1311.7</ele></trkpt>
   <trkpt lat="-20.134088" lon="-43.963979"><ele>1311.2</ele></trkpt>
   <trkpt lat="-20.134052" lon="-43.963977"><ele>1311.0</ele></trkpt>
   <trkpt lat="-20.133932" lon="-43.963997"><ele>1310.0</ele></trkpt>
   <trkpt lat="-20.133890" lon="-43.963991"><ele>1309.7</ele></trkpt>
   <trkpt lat="-20.133813" lon="-43.963954"><ele>1309.0</ele></trkpt>
   <trkpt lat="-20.133783" lon="-43.963921"><ele>1308.6</ele></trkpt>
   <trkpt lat="-20.133728" lon="-43.963787"><ele>1307.1</ele></trkpt>
   <trkpt lat="-20.133685" lon="-43.963711"><ele>1305.7</ele></trkpt>
   <trkpt lat="-20.133657" lon="-43.963688"><ele>1305.0</ele></trkpt>
   <trkpt lat="-20.133591" lon="-43.963680"><ele>1303.6</ele></trkpt>
   <trkpt lat="-20.133334" lon="-43.963772"><ele>1301.3</ele></trkpt>
   <trkpt lat="-20.132892" lon="-43.963914"><ele>1301.7</ele></trkpt>
   <trkpt lat="-20.132662" lon="-43.964001"><ele>1302.5</ele></trkpt>
   <trkpt lat="-20.132528" lon="-43.964035"><ele>1302.9</ele></trkpt>
   <trkpt lat="-20.132369" lon="-43.964088"><ele>1303.6</ele></trkpt>
   <trkpt lat="-20.132128" lon="-43.964147"><ele>1305.5</ele></trkpt>
   <trkpt lat="-20.131813" lon="-43.964262"><ele>1305.1</ele></trkpt>
   <trkpt lat="-20.131312" lon="-43.964412"><ele>1302.2</ele></trkpt>
   <trkpt lat="-20.131022" lon="-43.964527"><ele>1301.3</ele></trkpt>
   <trkpt lat="-20.130915" lon="-43.964620"><ele>1301.7</ele></trkpt>
   <trkpt lat="-20.130852" lon="-43.964655"><ele>1301.9</ele></trkpt>
   <trkpt lat="-20.130716" lon="-43.964689"><ele>1302.1</ele></trkpt>
   <trkpt lat="-20.130394" lon="-43.964722"><ele>1301.7</ele></trkpt>
   <trkpt lat="-20.130171" lon="-43.964773"><ele>1301.7</ele></trkpt>
   <trkpt lat="-20.130097" lon="-43.964797"><ele>1301.8</ele></trkpt>
   <trkpt lat="-20.129998" lon="-43.964844"><ele>1302.0</ele></trkpt>
   <trkpt lat="-20.129843" lon="-43.964952"><ele>1302.2</ele></trkpt>
   <trkpt lat="-20.129571" lon="-43.965107"><ele>1302.3</ele></trkpt>
   <trkpt lat="-20.129302" lon="-43.965125"><ele>1302.2</ele></trkpt>
   <trkpt lat="-20.129222" lon="-43.965143"><ele>1302.1</ele></trkpt>
   <trkpt lat="-20.129198" lon="-43.965163"><ele>1302.1</ele></trkpt>
   <trkpt lat="-20.129143" lon="-43.965312"><ele>1301.9</ele></trkpt>
   <trkpt lat="-20.129117" lon="-43.965355"><ele>1301.8</ele></trkpt>
   <trkpt lat="-20.129082" lon="-43.965387"><ele>1301.8</ele></trkpt>
   <trkpt lat="-20.128900" lon="-43.965448"><ele>1301.4</ele></trkpt>
   <trkpt lat="-20.128804" lon="-43.965500"><ele>1301.2</ele></trkpt>
   <trkpt lat="-20.128621" lon="-43.965617"><ele>1300.6</ele></trkpt>
   <trkpt lat="-20.128525" lon="-43.965660"><ele>1300.4</ele></trkpt>
   <trkpt lat="-20.128434" lon="-43.965681"><ele>1300.2</ele></trkpt>
   <trkpt lat="-20.128090" lon="-43.965673"><ele>1299.5</ele></trkpt>
   <trkpt lat="-20.127898" lon="-43.965660"><ele>1298.6</ele></trkpt>
   <trkpt lat="-20.127794" lon="-43.965670"><ele>1298.1</ele></trkpt>
   <trkpt lat="-20.127576" lon="-43.965724"><ele>1297.1</ele></trkpt>
   <trkpt lat="-20.127506" lon="-43.965758"><ele>1296.7</ele></trkpt>
   <trkpt lat="-20.127442" lon="-43.965830"><ele>1296.0</ele></trkpt>
   <trkpt lat="-20.127375" lon="-43.965965"><ele>1295.0</ele></trkpt>
   <trkpt lat="-20.127342" lon="-43.965996"><ele>1294.8</ele></trkpt>
   <trkpt lat="-20.127303" lon="-43.966013"><ele>1294.4</ele></trkpt>
   <trkpt lat="-20.127158" lon="-43.966027"><ele>1293.6</ele></trkpt>
   <trkpt lat="-20.127050" lon="-43.966027"><ele>1292.9</ele></trkpt>
   <trkpt lat="-20.126905" lon="-43.966002"><ele>1292.2</ele></trkpt>
   <trkpt lat="-20.126857" lon="-43.966009"><ele>1292.0</ele></trkpt>
   <trkpt lat="-20.126580" lon="-43.966094"><ele>1290.5</ele></trkpt>
   <trkpt lat="-20.126350" lon="-43.966204"><ele>1289.3</ele></trkpt>
   <trkpt lat="-20.126142" lon="-43.966336"><ele>1288.6</ele></trkpt>
   <trkpt lat="-20.126093" lon="-43.966373"><ele>1288.3</ele></trkpt>
   <trkpt lat="-20.125954" lon="-43.966504"><ele>1287.5</ele></trkpt>
   <trkpt lat="-20.125866" lon="-43.966573"><ele>1287.3</ele></trkpt>
   <trkpt lat="-20.125786" lon="-43.966622"><ele>1286.9</ele></trkpt>
   <trkpt lat="-20.125724" lon="-43.966647"><ele>1286.4</ele></trkpt>
   <trkpt lat="-20.125609" lon="-43.966662"><ele>1285.8</ele></trkpt>
   <trkpt lat="-20.125526" lon="-43.966683"><ele>1285.5</ele></trkpt>
   <trkpt lat="-20.125348" lon="-43.966784"><ele>1285.6</ele></trkpt>
   <trkpt lat="-20.125131" lon="-43.966874"><ele>1288.4</ele></trkpt>
   <trkpt lat="-20.125049" lon="-43.966920"><ele>1289.9</ele></trkpt>
   <trkpt lat="-20.124786" lon="-43.967166"><ele>1293.2</ele></trkpt>
   <trkpt lat="-20.124708" lon="-43.967248"><ele>1294.5</ele></trkpt>
   <trkpt lat="-20.124647" lon="-43.967293"><ele>1295.5</ele></trkpt>
   <trkpt lat="-20.124605" lon="-43.967347"><ele>1296.5</ele></trkpt>
   <trkpt lat="-20.124575" lon="-43.967372"><ele>1298.3</ele></trkpt>
   <trkpt lat="-20.124552" lon="-43.967441"><ele>1298.2</ele></trkpt>
   <trkpt lat="-20.124504" lon="-43.967508"><ele>1298.2</ele></trkpt>
   <trkpt lat="-20.124341" lon="-43.967616"><ele>1299.0</ele></trkpt>
   <trkpt lat="-20.124171" lon="-43.967780"><ele>1300.3</ele></trkpt>
   <trkpt lat="-20.124036" lon="-43.967853"><ele>1300.3</ele></trkpt>
   <trkpt lat="-20.123921" lon="-43.967951"><ele>1300.0</ele></trkpt>
   <trkpt lat="-20.123895" lon="-43.967983"><ele>1300.1</ele></trkpt>
   <trkpt lat="-20.123886" lon="-43.968007"><ele>1300.2</ele></trkpt>
   <trkpt lat="-20.123913" lon="-43.968076"><ele>1300.4</ele></trkpt>
   <trkpt lat="-20.123916" lon="-43.968113"><ele>1300.4</ele></trkpt>
   <trkpt lat="-20.123896" lon="-43.968168"><ele>1301.8</ele></trkpt>
   <trkpt lat="-20.123745" lon="-43.968019"><ele>1302.1</ele></trkpt>
   <trkpt lat="-20.123696" lon="-43.967994"><ele>1302.3</ele></trkpt>
   <trkpt lat="-20.123646" lon="-43.967985"><ele>1302.9</ele></trkpt>
   <trkpt lat="-20.123642" lon="-43.968002"><ele>1303.3</ele></trkpt>
   <trkpt lat="-20.123658" lon="-43.968077"><ele>1303.9</ele></trkpt>
   <trkpt lat="-20.123638" lon="-43.968108"><ele>1304.1</ele></trkpt>
   <trkpt lat="-20.123602" lon="-43.968142"><ele>1304.1</ele></trkpt>
   <trkpt lat="-20.123483" lon="-43.968231"><ele>1304.8</ele></trkpt>
   <trkpt lat="-20.123313" lon="-43.968375"><ele>1306.2</ele></trkpt>
   <trkpt lat="-20.123074" lon="-43.968556"><ele>1307.3</ele></trkpt>
   <trkpt lat="-20.122842" lon="-43.968711"><ele>1307.1</ele></trkpt>
   <trkpt lat="-20.122617" lon="-43.968889"><ele>1306.5</ele></trkpt>
   <trkpt lat="-20.122379" lon="-43.969003"><ele>1305.8</ele></trkpt>
   <trkpt lat="-20.121943" lon="-43.969235"><ele>1304.1</ele></trkpt>
   <trkpt lat="-20.121826" lon="-43.969282"><ele>1303.9</ele></trkpt>
   <trkpt lat="-20.121731" lon="-43.969306"><ele>1303.9</ele></trkpt>
   <trkpt lat="-20.121656" lon="-43.969365"><ele>1303.9</ele></trkpt>
   <trkpt lat="-20.121629" lon="-43.969374"><ele>1303.9</ele></trkpt>
   <trkpt lat="-20.121575" lon="-43.969374"><ele>1304.0</ele></trkpt>
   <trkpt lat="-20.121426" lon="-43.969352"><ele>1304.3</ele></trkpt>
   <trkpt lat="-20.121370" lon="-43.969321"><ele>1304.5</ele></trkpt>
   <trkpt lat="-20.121326" lon="-43.969200"><ele>1304.7</ele></trkpt>
   <trkpt lat="-20.121261" lon="-43.969112"><ele>1304.5</ele></trkpt>
   <trkpt lat="-20.121224" lon="-43.969013"><ele>1304.3</ele></trkpt>
   <trkpt lat="-20.121138" lon="-43.968919"><ele>1303.6</ele></trkpt>
   <trkpt lat="-20.121059" lon="-43.968898"><ele>1303.4</ele></trkpt>
   <trkpt lat="-20.120961" lon="-43.968847"><ele>1303.9</ele></trkpt>
   <trkpt lat="-20.120884" lon="-43.968826"><ele>1304.1</ele></trkpt>
   <trkpt lat="-20.120793" lon="-43.968815"><ele>1304.1</ele></trkpt>
   <trkpt lat="-20.120589" lon="-43.968821"><ele>1304.6</ele></trkpt>
   <trkpt lat="-20.120488" lon="-43.968801"><ele>1305.1</ele></trkpt>
   <trkpt lat="-20.120383" lon="-43.968729"><ele>1305.4</ele></trkpt>
   <trkpt lat="-20.120243" lon="-43.968604"><ele>1305.0</ele></trkpt>
   <trkpt lat="-20.120091" lon="-43.968498"><ele>1303.2</ele></trkpt>
   <trkpt lat="-20.119986" lon="-43.968493"><ele>1302.7</ele></trkpt>
   <trkpt lat="-20.119888" lon="-43.968469"><ele>1302.8</ele></trkpt>
   <trkpt lat="-20.119843" lon="-43.968471"><ele>1302.9</ele></trkpt>
   <trkpt lat="-20.119776" lon="-43.968488"><ele>1303.2</ele></trkpt>
   <trkpt lat="-20.119612" lon="-43.968566"><ele>1304.3</ele></trkpt>
   <trkpt lat="-20.119562" lon="-43.968578"><ele>1304.6</ele></trkpt>
   <trkpt lat="-20.119505" lon="-43.968562"><ele>1305.0</ele></trkpt>
   <trkpt lat="-20.119340" lon="-43.968479"><ele>1305.8</ele></trkpt>
   <trkpt lat="-20.119216" lon="-43.968441"><ele>1306.3</ele></trkpt>
   <trkpt lat="-20.119187" lon="-43.968441"><ele>1306.4</ele></trkpt>
   <trkpt lat="-20.119102" lon="-43.968481"><ele>1306.7</ele></trkpt>
   <trkpt lat="-20.118948" lon="-43.968507"><ele>1307.2</ele></trkpt>
   <trkpt lat="-20.118720" lon="-43.968575"><ele>1307.8</ele></trkpt>
   <trkpt lat="-20.118511" lon="-43.968582"><ele>1308.4</ele></trkpt>
   <trkpt lat="-20.118365" lon="-43.968607"><ele>1308.7</ele></trkpt>
   <trkpt lat="-20.118163" lon="-43.968666"><ele>1309.0</ele></trkpt>
   <trkpt lat="-20.118066" lon="-43.968708"><ele>1309.0</ele></trkpt>
   <trkpt lat="-20.117940" lon="-43.968788"><ele>1309.2</ele></trkpt>
   <trkpt lat="-20.117907" lon="-43.968820"><ele>1309.3</ele></trkpt>
   <trkpt lat="-20.117829" lon="-43.968930"><ele>1309.5</ele></trkpt>
   <trkpt lat="-20.117726" lon="-43.969022"><ele>1309.8</ele></trkpt>
   <trkpt lat="-20.117613" lon="-43.969102"><ele>1310.0</ele></trkpt>
   <trkpt lat="-20.117427" lon="-43.969201"><ele>1310.7</ele></trkpt>
   <trkpt lat="-20.117391" lon="-43.969217"><ele>1310.8</ele></trkpt>
   <trkpt lat="-20.117272" lon="-43.969239"><ele>1311.0</ele></trkpt>
   <trkpt lat="-20.117112" lon="-43.969313"><ele>1311.3</ele></trkpt>
   <trkpt lat="-20.116848" lon="-43.969400"><ele>1312.1</ele></trkpt>
   <trkpt lat="-20.116717" lon="-43.969412"><ele>1313.1</ele></trkpt>
   <trkpt lat="-20.116681" lon="-43.969420"><ele>1313.6</ele></trkpt>
   <trkpt lat="-20.116653" lon="-43.969437"><ele>1314.0</ele></trkpt>
   <trkpt lat="-20.116636" lon="-43.969466"><ele>1314.4</ele></trkpt>
   <trkpt lat="-20.116621" lon="-43.969581"><ele>1315.5</ele></trkpt>
   <trkpt lat="-20.116605" lon="-43.969607"><ele>1315.8</ele></trkpt>
   <trkpt lat="-20.116578" lon="-43.969621"><ele>1316.1</ele></trkpt>
   <trkpt lat="-20.116398" lon="-43.969673"><ele>1317.2</ele></trkpt>
   <trkpt lat="-20.116314" lon="-43.969682"><ele>1317.5</ele></trkpt>
   <trkpt lat="-20.116227" lon="-43.969678"><ele>1317.7</ele></trkpt>
   <trkpt lat="-20.116085" lon="-43.969647"><ele>1317.9</ele></trkpt>
   <trkpt lat="-20.116038" lon="-43.969645"><ele>1317.9</ele></trkpt>
   <trkpt lat="-20.115839" lon="-43.969686"><ele>1317.9</ele></trkpt>
   <trkpt lat="-20.115635" lon="-43.969678"><ele>1317.8</ele></trkpt>
   <trkpt lat="-20.115533" lon="-43.969684"><ele>1317.8</ele></trkpt>
   <trkpt lat="-20.115384" lon="-43.969707"><ele>1317.9</ele></trkpt>
   <trkpt lat="-20.115297" lon="-43.969702"><ele>1318.1</ele></trkpt>
   <trkpt lat="-20.115226" lon="-43.969713"><ele>1318.4</ele></trkpt>
   <trkpt lat="-20.115161" lon="-43.969755"><ele>1318.6</ele></trkpt>
   <trkpt lat="-20.115099" lon="-43.969808"><ele>1319.1</ele></trkpt>
   <trkpt lat="-20.115073" lon="-43.969836"><ele>1319.3</ele></trkpt>
   <trkpt lat="-20.115035" lon="-43.969903"><ele>1319.7</ele></trkpt>
   <trkpt lat="-20.114985" lon="-43.969970"><ele>1320.2</ele></trkpt>
   <trkpt lat="-20.114953" lon="-43.969997"><ele>1320.6</ele></trkpt>
   <trkpt lat="-20.114873" lon="-43.970034"><ele>1320.9</ele></trkpt>
   <trkpt lat="-20.114709" lon="-43.970078"><ele>1322.6</ele></trkpt>
   <trkpt lat="-20.114598" lon="-43.970141"><ele>1323.3</ele></trkpt>
   <trkpt lat="-20.114418" lon="-43.970172"><ele>1324.0</ele></trkpt>
   <trkpt lat="-20.114294" lon="-43.970245"><ele>1324.2</ele></trkpt>
   <trkpt lat="-20.113906" lon="-43.970535"><ele>1326.1</ele></trkpt>
   <trkpt lat="-20.113797" lon="-43.970632"><ele>1326.7</ele></trkpt>
   <trkpt lat="-20.113355" lon="-43.970985"><ele>1328.5</ele></trkpt>
   <trkpt lat="-20.113245" lon="-43.971059"><ele>1328.7</ele></trkpt>
   <trkpt lat="-20.113177" lon="-43.971127"><ele>1328.9</ele></trkpt>
   <trkpt lat="-20.113097" lon="-43.971267"><ele>1328.6</ele></trkpt>
   <trkpt lat="-20.113061" lon="-43.971390"><ele>1327.6</ele></trkpt>
   <trkpt lat="-20.113051" lon="-43.971472"><ele>1326.8</ele></trkpt>
   <trkpt lat="-20.113055" lon="-43.971632"><ele>1325.6</ele></trkpt>
   <trkpt lat="-20.113049" lon="-43.971719"><ele>1325.3</ele></trkpt>
   <trkpt lat="-20.113095" lon="-43.971846"><ele>1325.4</ele></trkpt>
   <trkpt lat="-20.113141" lon="-43.972007"><ele>1325.7</ele></trkpt>
   <trkpt lat="-20.113157" lon="-43.972030"><ele>1325.8</ele></trkpt>
   <trkpt lat="-20.113244" lon="-43.972107"><ele>1326.2</ele></trkpt>
   <trkpt lat="-20.113250" lon="-43.972143"><ele>1326.4</ele></trkpt>
   <trkpt lat="-20.113237" lon="-43.972172"><ele>1326.6</ele></trkpt>
   <trkpt lat="-20.113213" lon="-43.972183"><ele>1326.8</ele></trkpt>
   <trkpt lat="-20.113180" lon="-43.972179"><ele>1327.1</ele></trkpt>
   <trkpt lat="-20.113024" lon="-43.972091"><ele>1327.4</ele></trkpt>
   <trkpt lat="-20.112969" lon="-43.972072"><ele>1327.3</ele></trkpt>
   <trkpt lat="-20.112915" lon="-43.972065"><ele>1327.2</ele></trkpt>
   <trkpt lat="-20.112845" lon="-43.972068"><ele>1327.1</ele></trkpt>
   <trkpt lat="-20.112781" lon="-43.972084"><ele>1327.1</ele></trkpt>
   <trkpt lat="-20.112735" lon="-43.972100"><ele>1327.1</ele></trkpt>
   <trkpt lat="-20.112576" lon="-43.972183"><ele>1326.9</ele></trkpt>
   <trkpt lat="-20.112521" lon="-43.972189"><ele>1326.9</ele></trkpt>
   <trkpt lat="-20.112112" lon="-43.972143"><ele>1325.6</ele></trkpt>
   <trkpt lat="-20.111991" lon="-43.972101"><ele>1325.1</ele></trkpt>
   <trkpt lat="-20.111966" lon="-43.972105"><ele>1324.9</ele></trkpt>
   <trkpt lat="-20.111913" lon="-43.972139"><ele>1324.5</ele></trkpt>
   <trkpt lat="-20.111768" lon="-43.972250"><ele>1323.5</ele></trkpt>
   <trkpt lat="-20.111596" lon="-43.972400"><ele>1322.0</ele></trkpt>
   <trkpt lat="-20.111495" lon="-43.972465"><ele>1320.7</ele></trkpt>
   <trkpt lat="-20.111471" lon="-43.972467"><ele>1320.4</ele></trkpt>
   <trkpt lat="-20.111457" lon="-43.972457"><ele>1320.2</ele></trkpt>
   <trkpt lat="-20.111422" lon="-43.972399"><ele>1319.5</ele></trkpt>
   <trkpt lat="-20.111398" lon="-43.972381"><ele>1319.2</ele></trkpt>
   <trkpt lat="-20.111371" lon="-43.972373"><ele>1318.8</ele></trkpt>
   <trkpt lat="-20.111313" lon="-43.972387"><ele>1318.0</ele></trkpt>
   <trkpt lat="-20.111251" lon="-43.972418"><ele>1317.1</ele></trkpt>
   <trkpt lat="-20.111227" lon="-43.972441"><ele>1316.6</ele></trkpt>
   <trkpt lat="-20.111184" lon="-43.972505"><ele>1316.2</ele></trkpt>
   <trkpt lat="-20.111017" lon="-43.972794"><ele>1314.1</ele></trkpt>
   <trkpt lat="-20.110957" lon="-43.972880"><ele>1313.8</ele></trkpt>
   <trkpt lat="-20.110884" lon="-43.972962"><ele>1313.5</ele></trkpt>
   <trkpt lat="-20.110809" lon="-43.973013"><ele>1313.3</ele></trkpt>
   <trkpt lat="-20.110614" lon="-43.973103"><ele>1312.4</ele></trkpt>
   <trkpt lat="-20.110558" lon="-43.973151"><ele>1311.9</ele></trkpt>
   <trkpt lat="-20.110507" lon="-43.973217"><ele>1311.3</ele></trkpt>
   <trkpt lat="-20.110429" lon="-43.973367"><ele>1310.6</ele></trkpt>
   <trkpt lat="-20.110353" lon="-43.973562"><ele>1310.6</ele></trkpt>
   <trkpt lat="-20.110307" lon="-43.973733"><ele>1310.3</ele></trkpt>
   <trkpt lat="-20.110280" lon="-43.973789"><ele>1310.2</ele></trkpt>
   <trkpt lat="-20.110263" lon="-43.973806"><ele>1310.1</ele></trkpt>
   <trkpt lat="-20.110140" lon="-43.973832"><ele>1310.5</ele></trkpt>
   <trkpt lat="-20.110093" lon="-43.973870"><ele>1310.6</ele></trkpt>
   <trkpt lat="-20.110035" lon="-43.973940"><ele>1310.6</ele></trkpt>
   <trkpt lat="-20.109928" lon="-43.974001"><ele>1310.7</ele></trkpt>
   <trkpt lat="-20.109745" lon="-43.974210"><ele>1310.1</ele></trkpt>
   <trkpt lat="-20.109644" lon="-43.974296"><ele>1309.7</ele></trkpt>
   <trkpt lat="-20.109593" lon="-43.974329"><ele>1309.8</ele></trkpt>
   <trkpt lat="-20.109235" lon="-43.974507"><ele>1307.1</ele></trkpt>
   <trkpt lat="-20.109195" lon="-43.974515"><ele>1306.6</ele></trkpt>
   <trkpt lat="-20.108962" lon="-43.974509"><ele>1305.2</ele></trkpt>
   <trkpt lat="-20.108787" lon="-43.974603"><ele>1306.1</ele></trkpt>
   <trkpt lat="-20.108667" lon="-43.974624"><ele>1306.8</ele></trkpt>
   <trkpt lat="-20.108630" lon="-43.974638"><ele>1307.3</ele></trkpt>
   <trkpt lat="-20.108599" lon="-43.974677"><ele>1307.4</ele></trkpt>
   <trkpt lat="-20.108516" lon="-43.974857"><ele>1308.4</ele></trkpt>
   <trkpt lat="-20.108472" lon="-43.974913"><ele>1309.0</ele></trkpt>
   <trkpt lat="-20.108401" lon="-43.974957"><ele>1309.7</ele></trkpt>
   <trkpt lat="-20.108221" lon="-43.975043"><ele>1310.4</ele></trkpt>
   <trkpt lat="-20.108099" lon="-43.975136"><ele>1311.0</ele></trkpt>
   <trkpt lat="-20.107958" lon="-43.975212"><ele>1312.2</ele></trkpt>
   <trkpt lat="-20.107885" lon="-43.975226"><ele>1312.8</ele></trkpt>
   <trkpt lat="-20.107691" lon="-43.975226"><ele>1313.4</ele></trkpt>
   <trkpt lat="-20.107288" lon="-43.975280"><ele>1311.7</ele></trkpt>
   <trkpt lat="-20.107221" lon="-43.975266"><ele>1311.7</ele></trkpt>
   <trkpt lat="-20.107153" lon="-43.975224"><ele>1311.7</ele></trkpt>
   <trkpt lat="-20.107076" lon="-43.975194"><ele>1311.4</ele></trkpt>
   <trkpt lat="-20.107002" lon="-43.975191"><ele>1310.7</ele></trkpt>
   <trkpt lat="-20.106772" lon="-43.975306"><ele>1309.4</ele></trkpt>
   <trkpt lat="-20.106638" lon="-43.975333"><ele>1309.8</ele></trkpt>
   <trkpt lat="-20.106610" lon="-43.975346"><ele>1309.9</ele></trkpt>
   <trkpt lat="-20.106551" lon="-43.975402"><ele>1310.3</ele></trkpt>
   <trkpt lat="-20.106504" lon="-43.975425"><ele>1310.9</ele></trkpt>
   <trkpt lat="-20.106283" lon="-43.975455"><ele>1312.5</ele></trkpt>
   <trkpt lat="-20.106117" lon="-43.975495"><ele>1310.9</ele></trkpt>
   <trkpt lat="-20.106064" lon="-43.975481"><ele>1310.1</ele></trkpt>
   <trkpt lat="-20.105987" lon="-43.975434"><ele>1309.5</ele></trkpt>
   <trkpt lat="-20.105963" lon="-43.975428"><ele>1309.4</ele></trkpt>
   <trkpt lat="-20.105821" lon="-43.975449"><ele>1309.1</ele></trkpt>
   <trkpt lat="-20.105749" lon="-43.975443"><ele>1308.9</ele></trkpt>
   <trkpt lat="-20.105649" lon="-43.975401"><ele>1308.8</ele></trkpt>
   <trkpt lat="-20.105506" lon="-43.975321"><ele>1308.1</ele></trkpt>
   <trkpt lat="-20.105423" lon="-43.975298"><ele>1307.8</ele></trkpt>
   <trkpt lat="-20.105262" lon="-43.975295"><ele>1307.5</ele></trkpt>
   <trkpt lat="-20.105066" lon="-43.975347"><ele>1308.0</ele></trkpt>
   <trkpt lat="-20.105012" lon="-43.975338"><ele>1308.5</ele></trkpt>
   <trkpt lat="-20.104848" lon="-43.975272"><ele>1309.0</ele></trkpt>
   <trkpt lat="-20.104682" lon="-43.975273"><ele>1308.8</ele></trkpt>
   <trkpt lat="-20.104520" lon="-43.975296"><ele>1308.7</ele></trkpt>
   <trkpt lat="-20.104439" lon="-43.975317"><ele>1308.6</ele></trkpt>
   <trkpt lat="-20.104381" lon="-43.975349"><ele>1308.6</ele></trkpt>
   <trkpt lat="-20.104340" lon="-43.975382"><ele>1312.7</ele></trkpt>
   <trkpt lat="-20.104271" lon="-43.975399"><ele>1312.5</ele></trkpt>
   <trkpt lat="-20.104210" lon="-43.975426"><ele>1312.5</ele></trkpt>
   <trkpt lat="-20.103986" lon="-43.975558"><ele>1313.0</ele></trkpt>
   <trkpt lat="-20.103928" lon="-43.975582"><ele>1313.2</ele></trkpt>
   <trkpt lat="-20.103831" lon="-43.975600"><ele>1314.3</ele></trkpt>
   <trkpt lat="-20.103753" lon="-43.975590"><ele>1315.0</ele></trkpt>
   <trkpt lat="-20.103616" lon="-43.975538"><ele>1316.0</ele></trkpt>
   <trkpt lat="-20.103491" lon="-43.975504"><ele>1316.3</ele></trkpt>
   <trkpt lat="-20.102879" lon="-43.975434"><ele>1311.8</ele></trkpt>
   <trkpt lat="-20.102678" lon="-43.975430"><ele>1310.6</ele></trkpt>
   <trkpt lat="-20.102370" lon="-43.975443"><ele>1313.5</ele></trkpt>
   <trkpt lat="-20.102019" lon="-43.975437"><ele>1316.8</ele></trkpt>
   <trkpt lat="-20.101701" lon="-43.975461"><ele>1319.4</ele></trkpt>
   <trkpt lat="-20.101628" lon="-43.975490"><ele>1320.0</ele></trkpt>
   <trkpt lat="-20.101604" lon="-43.975517"><ele>1320.2</ele></trkpt>
   <trkpt lat="-20.101592" lon="-43.975551"><ele>1320.4</ele></trkpt>
   <trkpt lat="-20.101620" lon="-43.975841"><ele>1322.1</ele></trkpt>
   <trkpt lat="-20.101631" lon="-43.976051"><ele>1323.9</ele></trkpt>
   <trkpt lat="-20.101636" lon="-43.976326"><ele>1327.2</ele></trkpt>
   <trkpt lat="-20.101648" lon="-43.976451"><ele>1328.7</ele></trkpt>
   <trkpt lat="-20.101638" lon="-43.976531"><ele>1329.4</ele></trkpt>
   <trkpt lat="-20.101615" lon="-43.976559"><ele>1329.8</ele></trkpt>
   <trkpt lat="-20.101542" lon="-43.976586"><ele>1330.3</ele></trkpt>
   <trkpt lat="-20.101242" lon="-43.976610"><ele>1331.3</ele></trkpt>
   <trkpt lat="-20.101097" lon="-43.976634"><ele>1330.0</ele></trkpt>
   <trkpt lat="-20.100958" lon="-43.976629"><ele>1329.7</ele></trkpt>
   <trkpt lat="-20.100618" lon="-43.976654"><ele>1331.2</ele></trkpt>
   <trkpt lat="-20.100543" lon="-43.976635"><ele>1331.5</ele></trkpt>
   <trkpt lat="-20.100513" lon="-43.976609"><ele>1331.6</ele></trkpt>
   <trkpt lat="-20.100492" lon="-43.976572"><ele>1331.7</ele></trkpt>
   <trkpt lat="-20.100475" lon="-43.976471"><ele>1331.9</ele></trkpt>
   <trkpt lat="-20.100460" lon="-43.975905"><ele>1329.9</ele></trkpt>
   <trkpt lat="-20.100445" lon="-43.975700"><ele>1327.6</ele></trkpt>
   <trkpt lat="-20.100410" lon="-43.975596"><ele>1326.2</ele></trkpt>
   <trkpt lat="-20.100381" lon="-43.975559"><ele>1325.5</ele></trkpt>
   <trkpt lat="-20.100348" lon="-43.975536"><ele>1325.0</ele></trkpt>
   <trkpt lat="-20.100285" lon="-43.975519"><ele>1324.1</ele></trkpt>
   <trkpt lat="-20.100194" lon="-43.975527"><ele>1323.2</ele></trkpt>
   <trkpt lat="-20.100026" lon="-43.975578"><ele>1322.8</ele></trkpt>
   <trkpt lat="-20.099868" lon="-43.975606"><ele>1322.7</ele></trkpt>
   <trkpt lat="-20.099579" lon="-43.975628"><ele>1322.8</ele></trkpt>
   <trkpt lat="-20.099349" lon="-43.975660"><ele>1322.1</ele></trkpt>
   <trkpt lat="-20.098728" lon="-43.975693"><ele>1324.3</ele></trkpt>
   <trkpt lat="-20.098238" lon="-43.975793"><ele>1324.3</ele></trkpt>
   <trkpt lat="-20.098111" lon="-43.975785"><ele>1323.7</ele></trkpt>
   <trkpt lat="-20.098081" lon="-43.975773"><ele>1323.7</ele></trkpt>
   <trkpt lat="-20.098049" lon="-43.975743"><ele>1323.8</ele></trkpt>
   <trkpt lat="-20.097982" lon="-43.975721"><ele>1323.9</ele></trkpt>
   <trkpt lat="-20.097907" lon="-43.975750"><ele>1323.9</ele></trkpt>
   <trkpt lat="-20.097763" lon="-43.975766"><ele>1323.8</ele></trkpt>
   <trkpt lat="-20.097463" lon="-43.975779"><ele>1324.1</ele></trkpt>
   <trkpt lat="-20.097208" lon="-43.975834"><ele>1326.7</ele></trkpt>
   <trkpt lat="-20.097112" lon="-43.975847"><ele>1327.5</ele></trkpt>
   <trkpt lat="-20.096822" lon="-43.975840"><ele>1329.1</ele></trkpt>
   <trkpt lat="-20.096552" lon="-43.975849"><ele>1330.5</ele></trkpt>
   <trkpt lat="-20.095932" lon="-43.975926"><ele>1332.8</ele></trkpt>
   <trkpt lat="-20.095569" lon="-43.975953"><ele>1333.2</ele></trkpt>
   <trkpt lat="-20.094681" lon="-43.975984"><ele>1335.1</ele></trkpt>
   <trkpt lat="-20.094015" lon="-43.976033"><ele>1339.7</ele></trkpt>
   <trkpt lat="-20.093621" lon="-43.976035"><ele>1342.3</ele></trkpt>
   <trkpt lat="-20.093076" lon="-43.976077"><ele>1343.6</ele></trkpt>
   <trkpt lat="-20.092806" lon="-43.976078"><ele>1341.4</ele></trkpt>
   <trkpt lat="-20.092605" lon="-43.976105"><ele>1341.1</ele></trkpt>
   <trkpt lat="-20.092444" lon="-43.976104"><ele>1341.2</ele></trkpt>
   <trkpt lat="-20.092119" lon="-43.976067"><ele>1342.8</ele></trkpt>
   <trkpt lat="-20.091725" lon="-43.976085"><ele>1345.3</ele></trkpt>
   <trkpt lat="-20.091501" lon="-43.976137"><ele>1345.9</ele></trkpt>
   <trkpt lat="-20.091352" lon="-43.976191"><ele>1346.7</ele></trkpt>
   <trkpt lat="-20.091057" lon="-43.976325"><ele>1349.1</ele></trkpt>
   <trkpt lat="-20.090970" lon="-43.976392"><ele>1349.8</ele></trkpt>
   <trkpt lat="-20.090938" lon="-43.976437"><ele>1350.2</ele></trkpt>
   <trkpt lat="-20.090900" lon="-43.976541"><ele>1350.9</ele></trkpt>
   <trkpt lat="-20.090880" lon="-43.976649"><ele>1351.7</ele></trkpt>
   <trkpt lat="-20.090850" lon="-43.976913"><ele>1354.0</ele></trkpt>
   <trkpt lat="-20.090816" lon="-43.977056"><ele>1355.4</ele></trkpt>
   <trkpt lat="-20.090777" lon="-43.977145"><ele>1356.2</ele></trkpt>
   <trkpt lat="-20.090729" lon="-43.977227"><ele>1357.0</ele></trkpt>
   <trkpt lat="-20.090673" lon="-43.977294"><ele>1357.7</ele></trkpt>
   <trkpt lat="-20.090606" lon="-43.977350"><ele>1358.4</ele></trkpt>
   <trkpt lat="-20.090565" lon="-43.977376"><ele>1358.7</ele></trkpt>
   <trkpt lat="-20.090469" lon="-43.977416"><ele>1359.1</ele></trkpt>
   <trkpt lat="-20.090362" lon="-43.977433"><ele>1359.1</ele></trkpt>
   <trkpt lat="-20.090155" lon="-43.977435"><ele>1358.7</ele></trkpt>
   <trkpt lat="-20.089757" lon="-43.977416"><ele>1354.7</ele></trkpt>
   <trkpt lat="-20.089483" lon="-43.977419"><ele>1352.7</ele></trkpt>
   <trkpt lat="-20.089190" lon="-43.977439"><ele>1363.0</ele></trkpt>
   <trkpt lat="-20.089177" lon="-43.977452"><ele>1364.3</ele></trkpt>
   <trkpt lat="-20.089178" lon="-43.977496"><ele>1364.6</ele></trkpt>
   <trkpt lat="-20.089161" lon="-43.977582"><ele>1364.8</ele></trkpt>
   <trkpt lat="-20.089122" lon="-43.977690"><ele>1365.0</ele></trkpt>
   <trkpt lat="-20.089028" lon="-43.977823"><ele>1365.5</ele></trkpt>
   <trkpt lat="-20.088906" lon="-43.977945"><ele>1366.5</ele></trkpt>
   <trkpt lat="-20.088889" lon="-43.977980"><ele>1366.7</ele></trkpt>
   <trkpt lat="-20.088878" lon="-43.978070"><ele>1367.3</ele></trkpt>
   <trkpt lat="-20.088857" lon="-43.978071"><ele>1367.5</ele></trkpt>
   <trkpt lat="-20.088894" lon="-43.978050"><ele>1368.2</ele></trkpt>
   <trkpt lat="-20.089023" lon="-43.978024"><ele>1368.0</ele></trkpt>
   <trkpt lat="-20.089074" lon="-43.978024"><ele>1367.7</ele></trkpt>
   <trkpt lat="-20.089121" lon="-43.978039"><ele>1367.2</ele></trkpt>
   <trkpt lat="-20.089158" lon="-43.978071"><ele>1366.6</ele></trkpt>
   <trkpt lat="-20.089213" lon="-43.978180"><ele>1365.2</ele></trkpt>
   <trkpt lat="-20.089359" lon="-43.978385"><ele>1358.9</ele></trkpt>
   <trkpt lat="-20.089412" lon="-43.978372"><ele>1358.4</ele></trkpt>
   <trkpt lat="-20.089500" lon="-43.978313"><ele>1358.0</ele></trkpt>
   <trkpt lat="-20.089542" lon="-43.978298"><ele>1357.7</ele></trkpt>
   <trkpt lat="-20.089586" lon="-43.978300"><ele>1357.4</ele></trkpt>
   <trkpt lat="-20.089669" lon="-43.978329"><ele>1357.3</ele></trkpt>
   <trkpt lat="-20.089714" lon="-43.978332"><ele>1357.5</ele></trkpt>
   <trkpt lat="-20.089856" lon="-43.978286"><ele>1358.8</ele></trkpt>
   <trkpt lat="-20.089993" lon="-43.978272"><ele>1360.6</ele></trkpt>
   <trkpt lat="-20.090073" lon="-43.978211"><ele>1361.9</ele></trkpt>
   <trkpt lat="-20.090120" lon="-43.978194"><ele>1362.1</ele></trkpt>
   <trkpt lat="-20.090304" lon="-43.978182"><ele>1364.0</ele></trkpt>
   <trkpt lat="-20.090446" lon="-43.978139"><ele>1365.2</ele></trkpt>
   <trkpt lat="-20.090599" lon="-43.978074"><ele>1366.7</ele></trkpt>
   <trkpt lat="-20.090649" lon="-43.978065"><ele>1367.2</ele></trkpt>
   <trkpt lat="-20.090742" lon="-43.978090"><ele>1367.8</ele></trkpt>
   <trkpt lat="-20.090895" lon="-43.978097"><ele>1368.8</ele></trkpt>
   <trkpt lat="-20.090977" lon="-43.978115"><ele>1369.5</ele></trkpt>
   <trkpt lat="-20.091059" lon="-43.978146"><ele>1370.4</ele></trkpt>
   <trkpt lat="-20.091211" lon="-43.978230"><ele>1372.2</ele></trkpt>
   <trkpt lat="-20.091264" lon="-43.978247"><ele>1372.8</ele></trkpt>
   <trkpt lat="-20.091349" lon="-43.978259"><ele>1373.9</ele></trkpt>
   <trkpt lat="-20.091601" lon="-43.978316"><ele>1376.6</ele></trkpt>
   <trkpt lat="-20.091818" lon="-43.978335"><ele>1377.0</ele></trkpt>
   <trkpt lat="-20.091860" lon="-43.978358"><ele>1376.7</ele></trkpt>
   <trkpt lat="-20.091897" lon="-43.978392"><ele>1376.6</ele></trkpt>
   <trkpt lat="-20.091984" lon="-43.978495"><ele>1376.5</ele></trkpt>
   <trkpt lat="-20.092000" lon="-43.978520"><ele>1376.5</ele></trkpt>
   <trkpt lat="-20.092031" lon="-43.978612"><ele>1377.4</ele></trkpt>
   <trkpt lat="-20.092126" lon="-43.978765"><ele>1378.9</ele></trkpt>
   <trkpt lat="-20.092301" lon="-43.978991"><ele>1381.5</ele></trkpt>
   <trkpt lat="-20.092413" lon="-43.979160"><ele>1383.7</ele></trkpt>
   <trkpt lat="-20.092494" lon="-43.979312"><ele>1385.4</ele></trkpt>
   <trkpt lat="-20.092558" lon="-43.979496"><ele>1387.3</ele></trkpt>
   <trkpt lat="-20.092639" lon="-43.979671"><ele>1389.6</ele></trkpt>
   <trkpt lat="-20.092677" lon="-43.979781"><ele>1391.2</ele></trkpt>
   <trkpt lat="-20.092693" lon="-43.979925"><ele>1396.1</ele></trkpt>
   <trkpt lat="-20.092739" lon="-43.980117"><ele>1399.7</ele></trkpt>
   <trkpt lat="-20.092758" lon="-43.980272"><ele>1403.4</ele></trkpt>
   <trkpt lat="-20.092744" lon="-43.980249"><ele>1403.7</ele></trkpt>
   <trkpt lat="-20.092744" lon="-43.980206"><ele>1403.4</ele></trkpt>
   <trkpt lat="-20.092693" lon="-43.979987"><ele>1401.7</ele></trkpt>
   <trkpt lat="-20.092654" lon="-43.979732"><ele>1398.2</ele></trkpt>
   <trkpt lat="-20.092634" lon="-43.979667"><ele>1397.0</ele></trkpt>
   <trkpt lat="-20.092598" lon="-43.979593"><ele>1392.9</ele></trkpt>
   <trkpt lat="-20.092635" lon="-43.979656"><ele>1393.1</ele></trkpt>
   <trkpt lat="-20.092680" lon="-43.979809"><ele>1394.4</ele></trkpt>
   <trkpt lat="-20.092692" lon="-43.979941"><ele>1395.9</ele></trkpt>
   <trkpt lat="-20.092741" lon="-43.980166"><ele>1402.3</ele></trkpt>
   <trkpt lat="-20.092757" lon="-43.980211"><ele>1403.1</ele></trkpt>
   <trkpt lat="-20.092756" lon="-43.980256"><ele>1403.4</ele></trkpt>
   <trkpt lat="-20.092789" lon="-43.980404"><ele>1404.8</ele></trkpt>
   <trkpt lat="-20.092816" lon="-43.980488"><ele>1405.5</ele></trkpt>
   <trkpt lat="-20.092877" lon="-43.980566"><ele>1406.5</ele></trkpt>
   <trkpt lat="-20.093029" lon="-43.980669"><ele>1408.8</ele></trkpt>
   <trkpt lat="-20.093125" lon="-43.980756"><ele>1410.5</ele></trkpt>
   <trkpt lat="-20.093244" lon="-43.980907"><ele>1414.0</ele></trkpt>
   <trkpt lat="-20.093360" lon="-43.981157"><ele>1422.1</ele></trkpt>
   <trkpt lat="-20.093357" lon="-43.981198"><ele>1425.4</ele></trkpt>
   <trkpt lat="-20.093384" lon="-43.981297"><ele>1427.9</ele></trkpt>
   <trkpt lat="-20.093399" lon="-43.981388"><ele>1430.6</ele></trkpt>
   <trkpt lat="-20.093398" lon="-43.981555"><ele>1437.2</ele></trkpt>
   <trkpt lat="-20.093388" lon="-43.981658"><ele>1441.0</ele></trkpt>
   <trkpt lat="-20.093396" lon="-43.981674"><ele>1442.4</ele></trkpt>
   <trkpt lat="-20.093385" lon="-43.981725"><ele>1444.1</ele></trkpt>
   <trkpt lat="-20.093404" lon="-43.981710"><ele>1444.8</ele></trkpt>
   <trkpt lat="-20.093404" lon="-43.981702"><ele>1444.6</ele></trkpt>
   <trkpt lat="-20.093405" lon="-43.981710"><ele>1444.2</ele></trkpt>
   <trkpt lat="-20.093404" lon="-43.981695"><ele>1444.7</ele></trkpt>
   <trkpt lat="-20.093392" lon="-43.981722"><ele>1444.9</ele></trkpt>
   <trkpt lat="-20.093203" lon="-43.981757"><ele>1446.8</ele></trkpt>
   <trkpt lat="-20.093007" lon="-43.981821"><ele>1449.0</ele></trkpt>
   <trkpt lat="-20.092941" lon="-43.981835"><ele>1450.0</ele></trkpt>
   <trkpt lat="-20.092821" lon="-43.981846"><ele>1451.5</ele></trkpt>
   <trkpt lat="-20.092708" lon="-43.981838"><ele>1452.4</ele></trkpt>
   <trkpt lat="-20.092590" lon="-43.981808"><ele>1453.0</ele></trkpt>
   <trkpt lat="-20.092292" lon="-43.981683"><ele>1453.2</ele></trkpt>
   <trkpt lat="-20.092063" lon="-43.981569"><ele>1453.5</ele></trkpt>
   <trkpt lat="-20.091788" lon="-43.981411"><ele>1454.5</ele></trkpt>
   <trkpt lat="-20.091617" lon="-43.981365"><ele>1455.1</ele></trkpt>
   <trkpt lat="-20.091520" lon="-43.981367"><ele>1455.7</ele></trkpt>
   <trkpt lat="-20.091468" lon="-43.981387"><ele>1456.3</ele></trkpt>
   <trkpt lat="-20.091336" lon="-43.981486"><ele>1458.9</ele></trkpt>
   <trkpt lat="-20.091240" lon="-43.981593"><ele>1461.4</ele></trkpt>
   <trkpt lat="-20.091176" lon="-43.981699"><ele>1462.5</ele></trkpt>
   <trkpt lat="-20.091094" lon="-43.981864"><ele>1464.2</ele></trkpt>
   <trkpt lat="-20.091075" lon="-43.981939"><ele>1465.3</ele></trkpt>
   <trkpt lat="-20.091072" lon="-43.982013"><ele>1466.5</ele></trkpt>
   <trkpt lat="-20.091108" lon="-43.982188"><ele>1469.4</ele></trkpt>
   <trkpt lat="-20.091134" lon="-43.982229"><ele>1470.2</ele></trkpt>
   <trkpt lat="-20.091313" lon="-43.982318"><ele>1473.1</ele></trkpt>
   <trkpt lat="-20.091407" lon="-43.982441"><ele>1474.6</ele></trkpt>
   <trkpt lat="-20.091494" lon="-43.982528"><ele>1475.7</ele></trkpt>
   <trkpt lat="-20.091539" lon="-43.982603"><ele>1476.3</ele></trkpt>
   <trkpt lat="-20.091602" lon="-43.982658"><ele>1477.3</ele></trkpt>
   <trkpt lat="-20.091658" lon="-43.982683"><ele>1478.1</ele></trkpt>
   <trkpt lat="-20.091873" lon="-43.982738"><ele>1480.2</ele></trkpt>
   <trkpt lat="-20.092159" lon="-43.982836"><ele>1482.5</ele></trkpt>
   <trkpt lat="-20.092529" lon="-43.982919"><ele>1484.9</ele></trkpt>
   <trkpt lat="-20.093000" lon="-43.983090"><ele>1487.8</ele></trkpt>
   <trkpt lat="-20.093130" lon="-43.983116"><ele>1488.9</ele></trkpt>
   <trkpt lat="-20.093314" lon="-43.983138"><ele>1489.8</ele></trkpt>
   <trkpt lat="-20.093353" lon="-43.983126"><ele>1490.0</ele></trkpt>
   <trkpt lat="-20.093401" lon="-43.983078"><ele>1490.1</ele></trkpt>
   <trkpt lat="-20.093449" lon="-43.983053"><ele>1489.8</ele></trkpt>
   <trkpt lat="-20.093439" lon="-43.983054"><ele>1489.7</ele></trkpt>
   <trkpt lat="-20.093441" lon="-43.983047"><ele>1489.5</ele></trkpt>
   <trkpt lat="-20.093498" lon="-43.983032"><ele>1489.5</ele></trkpt>
   <trkpt lat="-20.093731" lon="-43.982903"><ele>1488.8</ele></trkpt>
   <trkpt lat="-20.093825" lon="-43.982884"><ele>1488.5</ele></trkpt>
   <trkpt lat="-20.094030" lon="-43.982885"><ele>1488.4</ele></trkpt>
   <trkpt lat="-20.094365" lon="-43.982841"><ele>1488.5</ele></trkpt>
   <trkpt lat="-20.094488" lon="-43.982814"><ele>1488.3</ele></trkpt>
   <trkpt lat="-20.094705" lon="-43.982739"><ele>1487.9</ele></trkpt>
   <trkpt lat="-20.095058" lon="-43.982571"><ele>1486.9</ele></trkpt>
   <trkpt lat="-20.095105" lon="-43.982562"><ele>1486.7</ele></trkpt>
   <trkpt lat="-20.095143" lon="-43.982567"><ele>1486.7</ele></trkpt>
   <trkpt lat="-20.095205" lon="-43.982583"><ele>1486.8</ele></trkpt>
   <trkpt lat="-20.095271" lon="-43.982637"><ele>1487.3</ele></trkpt>
   <trkpt lat="-20.095306" lon="-43.982648"><ele>1487.6</ele></trkpt>
   <trkpt lat="-20.095395" lon="-43.982640"><ele>1488.6</ele></trkpt>
   <trkpt lat="-20.095509" lon="-43.982679"><ele>1489.2</ele></trkpt>
   <trkpt lat="-20.095567" lon="-43.982735"><ele>1489.7</ele></trkpt>
   <trkpt lat="-20.095582" lon="-43.982782"><ele>1490.1</ele></trkpt>
   <trkpt lat="-20.095599" lon="-43.982802"><ele>1490.2</ele></trkpt>
   <trkpt lat="-20.095736" lon="-43.982766"><ele>1490.7</ele></trkpt>
   <trkpt lat="-20.095851" lon="-43.982756"><ele>1490.6</ele></trkpt>
   <trkpt lat="-20.095982" lon="-43.982717"><ele>1490.7</ele></trkpt>
   <trkpt lat="-20.096029" lon="-43.982729"><ele>1490.8</ele></trkpt>
   <trkpt lat="-20.096118" lon="-43.982788"><ele>1490.9</ele></trkpt>
   <trkpt lat="-20.096201" lon="-43.982862"><ele>1491.1</ele></trkpt>
   <trkpt lat="-20.096319" lon="-43.982940"><ele>1491.9</ele></trkpt>
   <trkpt lat="-20.096377" lon="-43.982960"><ele>1492.0</ele></trkpt>
   <trkpt lat="-20.096481" lon="-43.982976"><ele>1492.3</ele></trkpt>
   <trkpt lat="-20.096637" lon="-43.982978"><ele>1492.3</ele></trkpt>
   <trkpt lat="-20.096805" lon="-43.983028"><ele>1492.1</ele></trkpt>
   <trkpt lat="-20.096848" lon="-43.983049"><ele>1491.9</ele></trkpt>
   <trkpt lat="-20.096972" lon="-43.983146"><ele>1491.3</ele></trkpt>
   <trkpt lat="-20.097102" lon="-43.983222"><ele>1490.4</ele></trkpt>
   <trkpt lat="-20.097207" lon="-43.983300"><ele>1489.8</ele></trkpt>
   <trkpt lat="-20.097284" lon="-43.983337"><ele>1489.5</ele></trkpt>
   <trkpt lat="-20.097380" lon="-43.983347"><ele>1489.2</ele></trkpt>
   <trkpt lat="-20.097492" lon="-43.983340"><ele>1488.9</ele></trkpt>
   <trkpt lat="-20.097666" lon="-43.983311"><ele>1488.3</ele></trkpt>
   <trkpt lat="-20.097828" lon="-43.983273"><ele>1487.5</ele></trkpt>
   <trkpt lat="-20.097876" lon="-43.983274"><ele>1487.3</ele></trkpt>
   <trkpt lat="-20.097917" lon="-43.983287"><ele>1487.2</ele></trkpt>
   <trkpt lat="-20.098021" lon="-43.983383"><ele>1487.1</ele></trkpt>
   <trkpt lat="-20.098116" lon="-43.983450"><ele>1486.5</ele></trkpt>
   <trkpt lat="-20.098099" lon="-43.983433"><ele>1486.2</ele></trkpt>
   <trkpt lat="-20.098092" lon="-43.983437"><ele>1486.0</ele></trkpt>
   <trkpt lat="-20.098126" lon="-43.983466"><ele>1486.4</ele></trkpt>
   <trkpt lat="-20.098168" lon="-43.983485"><ele>1486.1</ele></trkpt>
   <trkpt lat="-20.098296" lon="-43.983511"><ele>1485.4</ele></trkpt>
   <trkpt lat="-20.098356" lon="-43.983535"><ele>1484.7</ele></trkpt>
   <trkpt lat="-20.098618" lon="-43.983732"><ele>1481.4</ele></trkpt>
   <trkpt lat="-20.098711" lon="-43.983775"><ele>1480.2</ele></trkpt>
   <trkpt lat="-20.098818" lon="-43.983802"><ele>1478.8</ele></trkpt>
   <trkpt lat="-20.098931" lon="-43.983796"><ele>1477.4</ele></trkpt>
   <trkpt lat="-20.099045" lon="-43.983772"><ele>1476.8</ele></trkpt>
   <trkpt lat="-20.099623" lon="-43.983608"><ele>1471.9</ele></trkpt>
   <trkpt lat="-20.100077" lon="-43.983422"><ele>1468.4</ele></trkpt>
   <trkpt lat="-20.100194" lon="-43.983358"><ele>1467.4</ele></trkpt>
   <trkpt lat="-20.100375" lon="-43.983221"><ele>1464.9</ele></trkpt>
   <trkpt lat="-20.100408" lon="-43.983208"><ele>1464.6</ele></trkpt>
   <trkpt lat="-20.100571" lon="-43.983208"><ele>1463.7</ele></trkpt>
   <trkpt lat="-20.100672" lon="-43.983195"><ele>1462.2</ele></trkpt>
   <trkpt lat="-20.100757" lon="-43.983206"><ele>1461.1</ele></trkpt>
   <trkpt lat="-20.100848" lon="-43.983199"><ele>1460.0</ele></trkpt>
   <trkpt lat="-20.100878" lon="-43.983204"><ele>1459.6</ele></trkpt>
   <trkpt lat="-20.100909" lon="-43.983219"><ele>1459.2</ele></trkpt>
   <trkpt lat="-20.100951" lon="-43.983275"><ele>1458.3</ele></trkpt>
   <trkpt lat="-20.100998" lon="-43.983476"><ele>1455.9</ele></trkpt>
   <trkpt lat="-20.100997" lon="-43.983590"><ele>1454.6</ele></trkpt>
   <trkpt lat="-20.101004" lon="-43.983635"><ele>1454.3</ele></trkpt>
   <trkpt lat="-20.101033" lon="-43.983711"><ele>1453.2</ele></trkpt>
   <trkpt lat="-20.101196" lon="-43.983966"><ele>1449.7</ele></trkpt>
   <trkpt lat="-20.101277" lon="-43.984153"><ele>1447.5</ele></trkpt>
   <trkpt lat="-20.101361" lon="-43.984422"><ele>1445.2</ele></trkpt>
   <trkpt lat="-20.101626" lon="-43.984900"><ele>1444.3</ele></trkpt>
   <trkpt lat="-20.101700" lon="-43.985002"><ele>1445.3</ele></trkpt>
   <trkpt lat="-20.101848" lon="-43.985148"><ele>1447.4</ele></trkpt>
   <trkpt lat="-20.102080" lon="-43.985401"><ele>1448.9</ele></trkpt>
   <trkpt lat="-20.102128" lon="-43.985484"><ele>1449.6</ele></trkpt>
   <trkpt lat="-20.102146" lon="-43.985536"><ele>1451.5</ele></trkpt>
   <trkpt lat="-20.102180" lon="-43.985587"><ele>1453.4</ele></trkpt>
   <trkpt lat="-20.102229" lon="-43.985612"><ele>1453.7</ele></trkpt>
   <trkpt lat="-20.102336" lon="-43.985649"><ele>1454.0</ele></trkpt>
   <trkpt lat="-20.102537" lon="-43.985690"><ele>1455.1</ele></trkpt>
   <trkpt lat="-20.102686" lon="-43.985708"><ele>1455.8</ele></trkpt>
   <trkpt lat="-20.102992" lon="-43.985697"><ele>1458.2</ele></trkpt>
   <trkpt lat="-20.103187" lon="-43.985675"><ele>1460.1</ele></trkpt>
   <trkpt lat="-20.103324" lon="-43.985640"><ele>1461.2</ele></trkpt>
   <trkpt lat="-20.104137" lon="-43.985348"><ele>1462.9</ele></trkpt>
   <trkpt lat="-20.104255" lon="-43.985316"><ele>1463.0</ele></trkpt>
   <trkpt lat="-20.104614" lon="-43.985244"><ele>1463.4</ele></trkpt>
   <trkpt lat="-20.105212" lon="-43.985148"><ele>1463.6</ele></trkpt>
   <trkpt lat="-20.105534" lon="-43.985082"><ele>1462.2</ele></trkpt>
   <trkpt lat="-20.105948" lon="-43.985013"><ele>1459.5</ele></trkpt>
   <trkpt lat="-20.106608" lon="-43.984882"><ele>1456.9</ele></trkpt>
   <trkpt lat="-20.106858" lon="-43.984843"><ele>1455.6</ele></trkpt>
   <trkpt lat="-20.107426" lon="-43.984720"><ele>1452.8</ele></trkpt>
   <trkpt lat="-20.107584" lon="-43.984714"><ele>1452.0</ele></trkpt>
   <trkpt lat="-20.107965" lon="-43.984744"><ele>1450.6</ele></trkpt>
   <trkpt lat="-20.108108" lon="-43.984732"><ele>1450.1</ele></trkpt>
   <trkpt lat="-20.108173" lon="-43.984719"><ele>1449.9</ele></trkpt>
   <trkpt lat="-20.108364" lon="-43.984656"><ele>1449.4</ele></trkpt>
   <trkpt lat="-20.108497" lon="-43.984594"><ele>1449.0</ele></trkpt>
   <trkpt lat="-20.108632" lon="-43.984507"><ele>1448.8</ele></trkpt>
   <trkpt lat="-20.108905" lon="-43.984304"><ele>1448.5</ele></trkpt>
   <trkpt lat="-20.109124" lon="-43.984165"><ele>1448.2</ele></trkpt>
   <trkpt lat="-20.109990" lon="-43.983724"><ele>1447.6</ele></trkpt>
   <trkpt lat="-20.110342" lon="-43.983531"><ele>1447.6</ele></trkpt>
   <trkpt lat="-20.110420" lon="-43.983500"><ele>1447.5</ele></trkpt>
   <trkpt lat="-20.110579" lon="-43.983489"><ele>1447.5</ele></trkpt>
   <trkpt lat="-20.110739" lon="-43.983502"><ele>1447.4</ele></trkpt>
   <trkpt lat="-20.110931" lon="-43.983539"><ele>1447.8</ele></trkpt>
   <trkpt lat="-20.111317" lon="-43.983651"><ele>1449.5</ele></trkpt>
   <trkpt lat="-20.111566" lon="-43.983685"><ele>1451.1</ele></trkpt>
   <trkpt lat="-20.111658" lon="-43.983682"><ele>1451.0</ele></trkpt>
   <trkpt lat="-20.111742" lon="-43.983660"><ele>1452.1</ele></trkpt>
   <trkpt lat="-20.112078" lon="-43.983492"><ele>1455.9</ele></trkpt>
   <trkpt lat="-20.112208" lon="-43.983441"><ele>1458.6</ele></trkpt>
   <trkpt lat="-20.112347" lon="-43.983412"><ele>1460.4</ele></trkpt>
   <trkpt lat="-20.112466" lon="-43.983413"><ele>1461.9</ele></trkpt>
   <trkpt lat="-20.113283" lon="-43.983497"><ele>1466.6</ele></trkpt>
   <trkpt lat="-20.113559" lon="-43.983513"><ele>1466.3</ele></trkpt>
   <trkpt lat="-20.113696" lon="-43.983508"><ele>1466.1</ele></trkpt>
   <trkpt lat="-20.113890" lon="-43.983465"><ele>1465.9</ele></trkpt>
   <trkpt lat="-20.114065" lon="-43.983403"><ele>1466.1</ele></trkpt>
   <trkpt lat="-20.114218" lon="-43.983337"><ele>1466.5</ele></trkpt>
   <trkpt lat="-20.114357" lon="-43.983260"><ele>1467.4</ele></trkpt>
   <trkpt lat="-20.114693" lon="-43.983039"><ele>1470.7</ele></trkpt>
   <trkpt lat="-20.114770" lon="-43.982997"><ele>1471.3</ele></trkpt>
   <trkpt lat="-20.114846" lon="-43.982966"><ele>1472.4</ele></trkpt>
   <trkpt lat="-20.114926" lon="-43.982955"><ele>1473.9</ele></trkpt>
   <trkpt lat="-20.114966" lon="-43.982961"><ele>1474.4</ele></trkpt>
   <trkpt lat="-20.115046" lon="-43.982998"><ele>1475.3</ele></trkpt>
   <trkpt lat="-20.115130" lon="-43.983053"><ele>1475.7</ele></trkpt>
   <trkpt lat="-20.115265" lon="-43.983166"><ele>1476.8</ele></trkpt>
   <trkpt lat="-20.115365" lon="-43.983229"><ele>1477.1</ele></trkpt>
   <trkpt lat="-20.115475" lon="-43.983262"><ele>1477.3</ele></trkpt>
   <trkpt lat="-20.115534" lon="-43.983267"><ele>1477.4</ele></trkpt>
   <trkpt lat="-20.115657" lon="-43.983258"><ele>1477.5</ele></trkpt>
   <trkpt lat="-20.115769" lon="-43.983235"><ele>1477.6</ele></trkpt>
   <trkpt lat="-20.115856" lon="-43.983239"><ele>1477.7</ele></trkpt>
   <trkpt lat="-20.115930" lon="-43.983274"><ele>1477.8</ele></trkpt>
   <trkpt lat="-20.115966" lon="-43.983301"><ele>1477.7</ele></trkpt>
   <trkpt lat="-20.116033" lon="-43.983376"><ele>1477.5</ele></trkpt>
   <trkpt lat="-20.116135" lon="-43.983539"><ele>1476.4</ele></trkpt>
   <trkpt lat="-20.116167" lon="-43.983607"><ele>1475.9</ele></trkpt>
   <trkpt lat="-20.116218" lon="-43.983761"><ele>1474.5</ele></trkpt>
   <trkpt lat="-20.116253" lon="-43.983938"><ele>1472.4</ele></trkpt>
   <trkpt lat="-20.116289" lon="-43.984222"><ele>1468.6</ele></trkpt>
   <trkpt lat="-20.116343" lon="-43.984494"><ele>1465.5</ele></trkpt>
   <trkpt lat="-20.116404" lon="-43.984891"><ele>1463.4</ele></trkpt>
   <trkpt lat="-20.116407" lon="-43.984969"><ele>1463.3</ele></trkpt>
   <trkpt lat="-20.116391" lon="-43.985206"><ele>1463.1</ele></trkpt>
   <trkpt lat="-20.116395" lon="-43.985285"><ele>1463.1</ele></trkpt>
   <trkpt lat="-20.116436" lon="-43.985438"><ele>1462.8</ele></trkpt>
   <trkpt lat="-20.116554" lon="-43.985726"><ele>1462.4</ele></trkpt>
   <trkpt lat="-20.116588" lon="-43.985783"><ele>1462.4</ele></trkpt>
   <trkpt lat="-20.116633" lon="-43.985834"><ele>1462.3</ele></trkpt>
   <trkpt lat="-20.116728" lon="-43.985895"><ele>1462.3</ele></trkpt>
   <trkpt lat="-20.116837" lon="-43.985946"><ele>1461.6</ele></trkpt>
   <trkpt lat="-20.116965" lon="-43.986021"><ele>1461.2</ele></trkpt>
   <trkpt lat="-20.117209" lon="-43.986245"><ele>1459.7</ele></trkpt>
   <trkpt lat="-20.117588" lon="-43.986631"><ele>1458.0</ele></trkpt>
   <trkpt lat="-20.117882" lon="-43.986878"><ele>1457.7</ele></trkpt>
   <trkpt lat="-20.118070" lon="-43.987060"><ele>1459.1</ele></trkpt>
   <trkpt lat="-20.118160" lon="-43.987113"><ele>1460.2</ele></trkpt>
   <trkpt lat="-20.118216" lon="-43.987118"><ele>1460.7</ele></trkpt>
   <trkpt lat="-20.118233" lon="-43.987109"><ele>1460.9</ele></trkpt>
   <trkpt lat="-20.118259" lon="-43.987051"><ele>1461.3</ele></trkpt>
   <trkpt lat="-20.118265" lon="-43.986959"><ele>1462.1</ele></trkpt>
   <trkpt lat="-20.118233" lon="-43.986817"><ele>1462.8</ele></trkpt>
   <trkpt lat="-20.118250" lon="-43.986707"><ele>1463.5</ele></trkpt>
   <trkpt lat="-20.118270" lon="-43.986658"><ele>1464.0</ele></trkpt>
   <trkpt lat="-20.118287" lon="-43.986637"><ele>1464.3</ele></trkpt>
   <trkpt lat="-20.118480" lon="-43.986476"><ele>1466.4</ele></trkpt>
   <trkpt lat="-20.118724" lon="-43.986304"><ele>1468.6</ele></trkpt>
   <trkpt lat="-20.118942" lon="-43.986109"><ele>1470.8</ele></trkpt>
   <trkpt lat="-20.119168" lon="-43.985958"><ele>1473.1</ele></trkpt>
   <trkpt lat="-20.119243" lon="-43.985914"><ele>1473.7</ele></trkpt>
   <trkpt lat="-20.119461" lon="-43.985811"><ele>1474.9</ele></trkpt>
   <trkpt lat="-20.119653" lon="-43.985737"><ele>1475.8</ele></trkpt>
   <trkpt lat="-20.120337" lon="-43.985594"><ele>1477.6</ele></trkpt>
   <trkpt lat="-20.120561" lon="-43.985573"><ele>1477.3</ele></trkpt>
   <trkpt lat="-20.120668" lon="-43.985554"><ele>1476.9</ele></trkpt>
   <trkpt lat="-20.120810" lon="-43.985516"><ele>1476.1</ele></trkpt>
   <trkpt lat="-20.120822" lon="-43.985500"><ele>1476.1</ele></trkpt>
   <trkpt lat="-20.120813" lon="-43.985488"><ele>1476.0</ele></trkpt>
   <trkpt lat="-20.120793" lon="-43.985510"><ele>1476.0</ele></trkpt>
   <trkpt lat="-20.120791" lon="-43.985533"><ele>1475.9</ele></trkpt>
   <trkpt lat="-20.120825" lon="-43.985620"><ele>1475.7</ele></trkpt>
   <trkpt lat="-20.120929" lon="-43.985784"><ele>1474.8</ele></trkpt>
   <trkpt lat="-20.121025" lon="-43.985919"><ele>1473.2</ele></trkpt>
   <trkpt lat="-20.121053" lon="-43.985947"><ele>1472.8</ele></trkpt>
   <trkpt lat="-20.121088" lon="-43.985967"><ele>1472.2</ele></trkpt>
   <trkpt lat="-20.121129" lon="-43.985976"><ele>1471.8</ele></trkpt>
   <trkpt lat="-20.121257" lon="-43.985980"><ele>1470.5</ele></trkpt>
   <trkpt lat="-20.121610" lon="-43.986035"><ele>1466.8</ele></trkpt>
   <trkpt lat="-20.121762" lon="-43.986066"><ele>1465.5</ele></trkpt>
   <trkpt lat="-20.121920" lon="-43.986111"><ele>1463.5</ele></trkpt>
   <trkpt lat="-20.121980" lon="-43.986146"><ele>1462.6</ele></trkpt>
   <trkpt lat="-20.122007" lon="-43.986182"><ele>1461.6</ele></trkpt>
   <trkpt lat="-20.122017" lon="-43.986225"><ele>1461.0</ele></trkpt>
   <trkpt lat="-20.122013" lon="-43.986354"><ele>1458.8</ele></trkpt>
   <trkpt lat="-20.122044" lon="-43.986385"><ele>1458.3</ele></trkpt>
   <trkpt lat="-20.122110" lon="-43.986403"><ele>1457.8</ele></trkpt>
   <trkpt lat="-20.122193" lon="-43.986400"><ele>1457.2</ele></trkpt>
   <trkpt lat="-20.122254" lon="-43.986410"><ele>1456.7</ele></trkpt>
   <trkpt lat="-20.122398" lon="-43.986492"><ele>1454.9</ele></trkpt>
   <trkpt lat="-20.122587" lon="-43.986634"><ele>1452.6</ele></trkpt>
   <trkpt lat="-20.122899" lon="-43.986769"><ele>1450.4</ele></trkpt>
   <trkpt lat="-20.123043" lon="-43.986804"><ele>1449.7</ele></trkpt>
   <trkpt lat="-20.123192" lon="-43.986814"><ele>1448.9</ele></trkpt>
   <trkpt lat="-20.123337" lon="-43.986853"><ele>1448.2</ele></trkpt>
   <trkpt lat="-20.123516" lon="-43.986860"><ele>1446.9</ele></trkpt>
   <trkpt lat="-20.123630" lon="-43.986896"><ele>1446.4</ele></trkpt>
   <trkpt lat="-20.123749" lon="-43.986957"><ele>1445.8</ele></trkpt>
   <trkpt lat="-20.123797" lon="-43.986963"><ele>1445.7</ele></trkpt>
   <trkpt lat="-20.123864" lon="-43.986958"><ele>1445.6</ele></trkpt>
   <trkpt lat="-20.123976" lon="-43.986993"><ele>1445.4</ele></trkpt>
   <trkpt lat="-20.124079" lon="-43.986994"><ele>1445.2</ele></trkpt>
   <trkpt lat="-20.124211" lon="-43.986967"><ele>1444.6</ele></trkpt>
   <trkpt lat="-20.124337" lon="-43.986969"><ele>1443.8</ele></trkpt>
   <trkpt lat="-20.124424" lon="-43.986986"><ele>1443.2</ele></trkpt>
   <trkpt lat="-20.124541" lon="-43.987034"><ele>1442.3</ele></trkpt>
   <trkpt lat="-20.124610" lon="-43.987047"><ele>1441.8</ele></trkpt>
   <trkpt lat="-20.124829" lon="-43.987055"><ele>1441.5</ele></trkpt>
   <trkpt lat="-20.125010" lon="-43.987107"><ele>1440.6</ele></trkpt>
   <trkpt lat="-20.125106" lon="-43.987120"><ele>1440.2</ele></trkpt>
   <trkpt lat="-20.125242" lon="-43.987105"><ele>1439.7</ele></trkpt>
   <trkpt lat="-20.125385" lon="-43.987142"><ele>1438.3</ele></trkpt>
   <trkpt lat="-20.125413" lon="-43.987168"><ele>1437.2</ele></trkpt>
   <trkpt lat="-20.125515" lon="-43.987172"><ele>1437.2</ele></trkpt>
   <trkpt lat="-20.125759" lon="-43.987237"><ele>1436.7</ele></trkpt>
   <trkpt lat="-20.126057" lon="-43.987279"><ele>1436.1</ele></trkpt>
   <trkpt lat="-20.126283" lon="-43.987323"><ele>1435.4</ele></trkpt>
   <trkpt lat="-20.126699" lon="-43.987386"><ele>1434.9</ele></trkpt>
   <trkpt lat="-20.126773" lon="-43.987413"><ele>1434.9</ele></trkpt>
   <trkpt lat="-20.126840" lon="-43.987458"><ele>1435.8</ele></trkpt>
   <trkpt lat="-20.126928" lon="-43.987480"><ele>1435.9</ele></trkpt>
   <trkpt lat="-20.127008" lon="-43.987478"><ele>1436.2</ele></trkpt>
   <trkpt lat="-20.127098" lon="-43.987506"><ele>1436.4</ele></trkpt>
   <trkpt lat="-20.127157" lon="-43.987510"><ele>1436.4</ele></trkpt>
   <trkpt lat="-20.127172" lon="-43.987494"><ele>1436.5</ele></trkpt>
   <trkpt lat="-20.127187" lon="-43.987444"><ele>1436.5</ele></trkpt>
   <trkpt lat="-20.127192" lon="-43.987319"><ele>1435.6</ele></trkpt>
   <trkpt lat="-20.127187" lon="-43.987276"><ele>1433.8</ele></trkpt>
   <trkpt lat="-20.127212" lon="-43.987237"><ele>1432.8</ele></trkpt>
   <trkpt lat="-20.127229" lon="-43.987110"><ele>1432.2</ele></trkpt>
   <trkpt lat="-20.127281" lon="-43.986982"><ele>1430.7</ele></trkpt>
   <trkpt lat="-20.127299" lon="-43.986913"><ele>1428.1</ele></trkpt>
   <trkpt lat="-20.127319" lon="-43.986884"><ele>1427.8</ele></trkpt>
   <trkpt lat="-20.127352" lon="-43.986864"><ele>1427.6</ele></trkpt>
   <trkpt lat="-20.127465" lon="-43.986841"><ele>1427.0</ele></trkpt>
   <trkpt lat="-20.127517" lon="-43.986819"><ele>1426.8</ele></trkpt>
   <trkpt lat="-20.127552" lon="-43.986774"><ele>1426.6</ele></trkpt>
   <trkpt lat="-20.127607" lon="-43.986646"><ele>1425.6</ele></trkpt>
   <trkpt lat="-20.127616" lon="-43.986618"><ele>1425.3</ele></trkpt>
   <trkpt lat="-20.127607" lon="-43.986566"><ele>1424.7</ele></trkpt>
   <trkpt lat="-20.127593" lon="-43.986543"><ele>1424.3</ele></trkpt>
   <trkpt lat="-20.127530" lon="-43.986489"><ele>1421.0</ele></trkpt>
   <trkpt lat="-20.127553" lon="-43.986506"><ele>1421.0</ele></trkpt>
   <trkpt lat="-20.127577" lon="-43.986458"><ele>1420.9</ele></trkpt>
   <trkpt lat="-20.127569" lon="-43.986435"><ele>1420.9</ele></trkpt>
   <trkpt lat="-20.127547" lon="-43.986420"><ele>1419.8</ele></trkpt>
   <trkpt lat="-20.127612" lon="-43.986461"><ele>1419.7</ele></trkpt>
   <trkpt lat="-20.127701" lon="-43.986471"><ele>1419.6</ele></trkpt>
   <trkpt lat="-20.127752" lon="-43.986458"><ele>1419.5</ele></trkpt>
   <trkpt lat="-20.127860" lon="-43.986411"><ele>1419.0</ele></trkpt>
   <trkpt lat="-20.127916" lon="-43.986404"><ele>1418.8</ele></trkpt>
   <trkpt lat="-20.128011" lon="-43.986418"><ele>1418.6</ele></trkpt>
   <trkpt lat="-20.128086" lon="-43.986457"><ele>1418.2</ele></trkpt>
   <trkpt lat="-20.127997" lon="-43.986430"><ele>1417.9</ele></trkpt>
   <trkpt lat="-20.127899" lon="-43.986421"><ele>1417.8</ele></trkpt>
   <trkpt lat="-20.127768" lon="-43.986457"><ele>1417.9</ele></trkpt>
   <trkpt lat="-20.127725" lon="-43.986482"><ele>1418.5</ele></trkpt>
   <trkpt lat="-20.127692" lon="-43.986485"><ele>1418.6</ele></trkpt>
   <trkpt lat="-20.127617" lon="-43.986474"><ele>1418.8</ele></trkpt>
   <trkpt lat="-20.127539" lon="-43.986423"><ele>1418.9</ele></trkpt>
   <trkpt lat="-20.127379" lon="-43.986417"><ele>1418.4</ele></trkpt>
   <trkpt lat="-20.127309" lon="-43.986385"><ele>1418.6</ele></trkpt>
   <trkpt lat="-20.127301" lon="-43.986336"><ele>1418.8</ele></trkpt>
   <trkpt lat="-20.127325" lon="-43.986285"><ele>1418.8</ele></trkpt>
   <trkpt lat="-20.127348" lon="-43.986261"><ele>1418.7</ele></trkpt>
   <trkpt lat="-20.127440" lon="-43.986200"><ele>1418.3</ele></trkpt>
   <trkpt lat="-20.127491" lon="-43.986150"><ele>1417.8</ele></trkpt>
   <trkpt lat="-20.127534" lon="-43.986096"><ele>1416.4</ele></trkpt>
   <trkpt lat="-20.127576" lon="-43.986004"><ele>1415.5</ele></trkpt>
   <trkpt lat="-20.127604" lon="-43.985902"><ele>1414.5</ele></trkpt>
   <trkpt lat="-20.127618" lon="-43.985791"><ele>1413.4</ele></trkpt>
   <trkpt lat="-20.127611" lon="-43.985732"><ele>1412.8</ele></trkpt>
   <trkpt lat="-20.127562" lon="-43.985625"><ele>1412.4</ele></trkpt>
   <trkpt lat="-20.127572" lon="-43.985552"><ele>1412.9</ele></trkpt>
   <trkpt lat="-20.127566" lon="-43.985533"><ele>1413.6</ele></trkpt>
   <trkpt lat="-20.127616" lon="-43.985511"><ele>1414.0</ele></trkpt>
   <trkpt lat="-20.127679" lon="-43.985453"><ele>1415.3</ele></trkpt>
   <trkpt lat="-20.127672" lon="-43.985445"><ele>1415.3</ele></trkpt>
   <trkpt lat="-20.127597" lon="-43.985438"><ele>1415.3</ele></trkpt>
   <trkpt lat="-20.127557" lon="-43.985426"><ele>1415.3</ele></trkpt>
   <trkpt lat="-20.127264" lon="-43.985252"><ele>1415.8</ele></trkpt>
   <trkpt lat="-20.127181" lon="-43.985186"><ele>1416.2</ele></trkpt>
   <trkpt lat="-20.127104" lon="-43.985097"><ele>1416.3</ele></trkpt>
   <trkpt lat="-20.127040" lon="-43.984999"><ele>1417.0</ele></trkpt>
   <trkpt lat="-20.126990" lon="-43.984901"><ele>1417.4</ele></trkpt>
   <trkpt lat="-20.126843" lon="-43.984678"><ele>1419.2</ele></trkpt>
   <trkpt lat="-20.126749" lon="-43.984494"><ele>1420.4</ele></trkpt>
   <trkpt lat="-20.126567" lon="-43.984081"><ele>1424.8</ele></trkpt>
   <trkpt lat="-20.126540" lon="-43.984005"><ele>1425.7</ele></trkpt>
   <trkpt lat="-20.126510" lon="-43.983846"><ele>1426.9</ele></trkpt>
   <trkpt lat="-20.126506" lon="-43.983765"><ele>1428.2</ele></trkpt>
   <trkpt lat="-20.126517" lon="-43.983519"><ele>1430.8</ele></trkpt>
   <trkpt lat="-20.126552" lon="-43.983296"><ele>1432.8</ele></trkpt>
   <trkpt lat="-20.126554" lon="-43.983200"><ele>1433.1</ele></trkpt>
   <trkpt lat="-20.126534" lon="-43.983000"><ele>1434.1</ele></trkpt>
   <trkpt lat="-20.126539" lon="-43.982898"><ele>1434.2</ele></trkpt>
   <trkpt lat="-20.126567" lon="-43.982728"><ele>1434.1</ele></trkpt>
   <trkpt lat="-20.126783" lon="-43.982082"><ele>1433.4</ele></trkpt>
   <trkpt lat="-20.126947" lon="-43.981546"><ele>1436.3</ele></trkpt>
   <trkpt lat="-20.126990" lon="-43.981341"><ele>1437.9</ele></trkpt>
   <trkpt lat="-20.127016" lon="-43.981152"><ele>1439.4</ele></trkpt>
   <trkpt lat="-20.127032" lon="-43.980975"><ele>1440.5</ele></trkpt>
   <trkpt lat="-20.127032" lon="-43.980770"><ele>1441.3</ele></trkpt>
   <trkpt lat="-20.126981" lon="-43.980444"><ele>1442.7</ele></trkpt>
   <trkpt lat="-20.126921" lon="-43.980152"><ele>1444.8</ele></trkpt>
   <trkpt lat="-20.126883" lon="-43.979666"><ele>1448.0</ele></trkpt>
   <trkpt lat="-20.126880" lon="-43.979422"><ele>1449.2</ele></trkpt>
   <trkpt lat="-20.126902" lon="-43.979215"><ele>1449.7</ele></trkpt>
   <trkpt lat="-20.126976" lon="-43.978759"><ele>1450.6</ele></trkpt>
   <trkpt lat="-20.127020" lon="-43.978647"><ele>1450.7</ele></trkpt>
   <trkpt lat="-20.127098" lon="-43.978555"><ele>1450.8</ele></trkpt>
   <trkpt lat="-20.127247" lon="-43.978438"><ele>1450.7</ele></trkpt>
   <trkpt lat="-20.127411" lon="-43.978331"><ele>1450.7</ele></trkpt>
   <trkpt lat="-20.127752" lon="-43.978137"><ele>1451.4</ele></trkpt>
   <trkpt lat="-20.128090" lon="-43.977975"><ele>1452.5</ele></trkpt>
   <trkpt lat="-20.128237" lon="-43.977919"><ele>1453.1</ele></trkpt>
   <trkpt lat="-20.128348" lon="-43.977894"><ele>1454.4</ele></trkpt>
   <trkpt lat="-20.128762" lon="-43.977693"><ele>1456.3</ele></trkpt>
   <trkpt lat="-20.129030" lon="-43.977611"><ele>1456.7</ele></trkpt>
   <trkpt lat="-20.129574" lon="-43.977347"><ele>1458.9</ele></trkpt>
   <trkpt lat="-20.129775" lon="-43.977301"><ele>1460.8</ele></trkpt>
   <trkpt lat="-20.130249" lon="-43.977107"><ele>1465.4</ele></trkpt>
   <trkpt lat="-20.130594" lon="-43.976921"><ele>1468.1</ele></trkpt>
   <trkpt lat="-20.130775" lon="-43.976853"><ele>1469.4</ele></trkpt>
   <trkpt lat="-20.130939" lon="-43.976764"><ele>1470.9</ele></trkpt>
   <trkpt lat="-20.131019" lon="-43.976691"><ele>1471.9</ele></trkpt>
   <trkpt lat="-20.131261" lon="-43.976433"><ele>1475.4</ele></trkpt>
   <trkpt lat="-20.131365" lon="-43.976288"><ele>1478.0</ele></trkpt>
   <trkpt lat="-20.131495" lon="-43.976136"><ele>1480.1</ele></trkpt>
   <trkpt lat="-20.131536" lon="-43.976100"><ele>1481.2</ele></trkpt>
   <trkpt lat="-20.131599" lon="-43.976067"><ele>1482.3</ele></trkpt>
   <trkpt lat="-20.131683" lon="-43.975981"><ele>1484.2</ele></trkpt>
   <trkpt lat="-20.131736" lon="-43.975901"><ele>1486.1</ele></trkpt>
   <trkpt lat="-20.131751" lon="-43.975847"><ele>1487.6</ele></trkpt>
   <trkpt lat="-20.131804" lon="-43.975809"><ele>1490.2</ele></trkpt>
   <trkpt lat="-20.131839" lon="-43.975769"><ele>1490.5</ele></trkpt>
   <trkpt lat="-20.131880" lon="-43.975682"><ele>1491.0</ele></trkpt>
   <trkpt lat="-20.131915" lon="-43.975632"><ele>1491.7</ele></trkpt>
   <trkpt lat="-20.131948" lon="-43.975544"><ele>1492.6</ele></trkpt>
   <trkpt lat="-20.132003" lon="-43.975447"><ele>1493.5</ele></trkpt>
   <trkpt lat="-20.132057" lon="-43.975376"><ele>1494.1</ele></trkpt>
   <trkpt lat="-20.132272" lon="-43.975137"><ele>1495.8</ele></trkpt>
   <trkpt lat="-20.132344" lon="-43.975085"><ele>1496.2</ele></trkpt>
   <trkpt lat="-20.132493" lon="-43.975025"><ele>1497.0</ele></trkpt>
   <trkpt lat="-20.132609" lon="-43.974853"><ele>1497.5</ele></trkpt>
   <trkpt lat="-20.132773" lon="-43.974660"><ele>1497.1</ele></trkpt>
   <trkpt lat="-20.132974" lon="-43.974544"><ele>1496.7</ele></trkpt>
   <trkpt lat="-20.133105" lon="-43.974481"><ele>1496.8</ele></trkpt>
   <trkpt lat="-20.133138" lon="-43.974472"><ele>1497.2</ele></trkpt>
   <trkpt lat="-20.133236" lon="-43.974477"><ele>1497.9</ele></trkpt>
   <trkpt lat="-20.133264" lon="-43.974486"><ele>1498.8</ele></trkpt>
   <trkpt lat="-20.133337" lon="-43.974541"><ele>1500.0</ele></trkpt>
   <trkpt lat="-20.133408" lon="-43.974572"><ele>1500.5</ele></trkpt>
   <trkpt lat="-20.133696" lon="-43.974651"><ele>1502.8</ele></trkpt>
   <trkpt lat="-20.133690" lon="-43.974646"><ele>1503.3</ele></trkpt>
   <trkpt lat="-20.133799" lon="-43.974701"><ele>1503.4</ele></trkpt>
   <trkpt lat="-20.133913" lon="-43.974735"><ele>1503.0</ele></trkpt>
   <trkpt lat="-20.134155" lon="-43.974756"><ele>1501.7</ele></trkpt>
   <trkpt lat="-20.134368" lon="-43.974761"><ele>1499.1</ele></trkpt>
   <trkpt lat="-20.134541" lon="-43.974779"><ele>1497.2</ele></trkpt>
   <trkpt lat="-20.134595" lon="-43.974776"><ele>1496.6</ele></trkpt>
   <trkpt lat="-20.134693" lon="-43.974757"><ele>1496.0</ele></trkpt>
   <trkpt lat="-20.134779" lon="-43.974727"><ele>1494.8</ele></trkpt>
   <trkpt lat="-20.134939" lon="-43.974630"><ele>1491.7</ele></trkpt>
   <trkpt lat="-20.135030" lon="-43.974586"><ele>1490.5</ele></trkpt>
   <trkpt lat="-20.135188" lon="-43.974540"><ele>1489.3</ele></trkpt>
   <trkpt lat="-20.135352" lon="-43.974506"><ele>1487.5</ele></trkpt>
   <trkpt lat="-20.135517" lon="-43.974482"><ele>1485.9</ele></trkpt>
   <trkpt lat="-20.135852" lon="-43.974462"><ele>1483.2</ele></trkpt>
   <trkpt lat="-20.136111" lon="-43.974417"><ele>1480.2</ele></trkpt>
   <trkpt lat="-20.136247" lon="-43.974410"><ele>1479.4</ele></trkpt>
   <trkpt lat="-20.136588" lon="-43.974418"><ele>1474.2</ele></trkpt>
   <trkpt lat="-20.136719" lon="-43.974401"><ele>1472.5</ele></trkpt>
   <trkpt lat="-20.137329" lon="-43.974290"><ele>1467.1</ele></trkpt>
   <trkpt lat="-20.137653" lon="-43.974261"><ele>1465.1</ele></trkpt>
   <trkpt lat="-20.137747" lon="-43.974237"><ele>1464.8</ele></trkpt>
   <trkpt lat="-20.137806" lon="-43.974199"><ele>1464.4</ele></trkpt>
   <trkpt lat="-20.137847" lon="-43.974138"><ele>1464.2</ele></trkpt>
   <trkpt lat="-20.137879" lon="-43.974066"><ele>1464.0</ele></trkpt>
   <trkpt lat="-20.137904" lon="-43.973992"><ele>1464.1</ele></trkpt>
   <trkpt lat="-20.137945" lon="-43.973808"><ele>1465.2</ele></trkpt>
   <trkpt lat="-20.137968" lon="-43.973739"><ele>1465.9</ele></trkpt>
   <trkpt lat="-20.138004" lon="-43.973677"><ele>1466.5</ele></trkpt>
   <trkpt lat="-20.138051" lon="-43.973621"><ele>1467.2</ele></trkpt>
   <trkpt lat="-20.138251" lon="-43.973482"><ele>1470.2</ele></trkpt>
   <trkpt lat="-20.138335" lon="-43.973405"><ele>1471.4</ele></trkpt>
   <trkpt lat="-20.138386" lon="-43.973347"><ele>1472.6</ele></trkpt>
   <trkpt lat="-20.138460" lon="-43.973226"><ele>1475.0</ele></trkpt>
   <trkpt lat="-20.138493" lon="-43.973189"><ele>1478.1</ele></trkpt>
   <trkpt lat="-20.138542" lon="-43.973184"><ele>1479.1</ele></trkpt>
   <trkpt lat="-20.138576" lon="-43.973156"><ele>1481.0</ele></trkpt>
   <trkpt lat="-20.138581" lon="-43.973124"><ele>1481.2</ele></trkpt>
   <trkpt lat="-20.138621" lon="-43.973040"><ele>1481.8</ele></trkpt>
   <trkpt lat="-20.138673" lon="-43.972874"><ele>1484.1</ele></trkpt>
   <trkpt lat="-20.138685" lon="-43.972797"><ele>1485.3</ele></trkpt>
   <trkpt lat="-20.138681" lon="-43.972735"><ele>1486.2</ele></trkpt>
   <trkpt lat="-20.138689" lon="-43.972675"><ele>1487.1</ele></trkpt>
   <trkpt lat="-20.138661" lon="-43.972472"><ele>1489.6</ele></trkpt>
   <trkpt lat="-20.138660" lon="-43.972250"><ele>1491.4</ele></trkpt>
   <trkpt lat="-20.138647" lon="-43.972031"><ele>1492.6</ele></trkpt>
   <trkpt lat="-20.138650" lon="-43.971970"><ele>1492.9</ele></trkpt>
   <trkpt lat="-20.138682" lon="-43.971857"><ele>1493.4</ele></trkpt>
   <trkpt lat="-20.138673" lon="-43.971767"><ele>1494.1</ele></trkpt>
   <trkpt lat="-20.138651" lon="-43.971706"><ele>1494.6</ele></trkpt>
   <trkpt lat="-20.138575" lon="-43.971592"><ele>1495.3</ele></trkpt>
   <trkpt lat="-20.138526" lon="-43.971493"><ele>1496.0</ele></trkpt>
   <trkpt lat="-20.138516" lon="-43.971421"><ele>1497.2</ele></trkpt>
   <trkpt lat="-20.138541" lon="-43.971334"><ele>1498.3</ele></trkpt>
   <trkpt lat="-20.138511" lon="-43.971175"><ele>1499.5</ele></trkpt>
   <trkpt lat="-20.138497" lon="-43.971138"><ele>1499.4</ele></trkpt>
   <trkpt lat="-20.138471" lon="-43.971095"><ele>1499.2</ele></trkpt>
   <trkpt lat="-20.138401" lon="-43.971030"><ele>1498.9</ele></trkpt>
   <trkpt lat="-20.138338" lon="-43.970989"><ele>1498.6</ele></trkpt>
   <trkpt lat="-20.138220" lon="-43.970932"><ele>1497.7</ele></trkpt>
   <trkpt lat="-20.138188" lon="-43.970901"><ele>1497.4</ele></trkpt>
   <trkpt lat="-20.138150" lon="-43.970831"><ele>1496.8</ele></trkpt>
   <trkpt lat="-20.138140" lon="-43.970794"><ele>1496.6</ele></trkpt>
   <trkpt lat="-20.138138" lon="-43.970718"><ele>1496.2</ele></trkpt>
   <trkpt lat="-20.138194" lon="-43.970477"><ele>1495.3</ele></trkpt>
   <trkpt lat="-20.138201" lon="-43.970411"><ele>1495.1</ele></trkpt>
   <trkpt lat="-20.138193" lon="-43.970322"><ele>1494.7</ele></trkpt>
   <trkpt lat="-20.138173" lon="-43.970220"><ele>1494.1</ele></trkpt>
   <trkpt lat="-20.138155" lon="-43.970007"><ele>1492.6</ele></trkpt>
   <trkpt lat="-20.138102" lon="-43.969658"><ele>1489.2</ele></trkpt>
   <trkpt lat="-20.138075" lon="-43.969570"><ele>1488.1</ele></trkpt>
   <trkpt lat="-20.138055" lon="-43.969530"><ele>1487.6</ele></trkpt>
   <trkpt lat="-20.137961" lon="-43.969384"><ele>1483.9</ele></trkpt>
   <trkpt lat="-20.137815" lon="-43.969248"><ele>1482.1</ele></trkpt>
   <trkpt lat="-20.137758" lon="-43.969163"><ele>1480.9</ele></trkpt>
   <trkpt lat="-20.137740" lon="-43.969104"><ele>1479.9</ele></trkpt>
   <trkpt lat="-20.137740" lon="-43.969076"><ele>1479.4</ele></trkpt>
   <trkpt lat="-20.137751" lon="-43.969017"><ele>1478.4</ele></trkpt>
   <trkpt lat="-20.137782" lon="-43.968923"><ele>1476.6</ele></trkpt>
   <trkpt lat="-20.137819" lon="-43.968849"><ele>1473.5</ele></trkpt>
   <trkpt lat="-20.137879" lon="-43.968812"><ele>1472.8</ele></trkpt>
   <trkpt lat="-20.137956" lon="-43.968736"><ele>1472.7</ele></trkpt>
   <trkpt lat="-20.138105" lon="-43.968559"><ele>1471.8</ele></trkpt>
   <trkpt lat="-20.138203" lon="-43.968416"><ele>1470.9</ele></trkpt>
   <trkpt lat="-20.138330" lon="-43.968279"><ele>1470.0</ele></trkpt>
   <trkpt lat="-20.138388" lon="-43.968203"><ele>1469.7</ele></trkpt>
   <trkpt lat="-20.138511" lon="-43.968000"><ele>1468.9</ele></trkpt>
   <trkpt lat="-20.138534" lon="-43.967916"><ele>1468.7</ele></trkpt>
   <trkpt lat="-20.138535" lon="-43.967806"><ele>1468.1</ele></trkpt>
   <trkpt lat="-20.138548" lon="-43.967774"><ele>1467.8</ele></trkpt>
   <trkpt lat="-20.138597" lon="-43.967726"><ele>1467.1</ele></trkpt>
   <trkpt lat="-20.138660" lon="-43.967689"><ele>1466.4</ele></trkpt>
   <trkpt lat="-20.138769" lon="-43.967655"><ele>1465.3</ele></trkpt>
   <trkpt lat="-20.138876" lon="-43.967634"><ele>1464.5</ele></trkpt>
   <trkpt lat="-20.138937" lon="-43.967606"><ele>1464.1</ele></trkpt>
   <trkpt lat="-20.139027" lon="-43.967525"><ele>1463.2</ele></trkpt>
   <trkpt lat="-20.139055" lon="-43.967493"><ele>1462.8</ele></trkpt>
   <trkpt lat="-20.139122" lon="-43.967385"><ele>1461.4</ele></trkpt>
   <trkpt lat="-20.139201" lon="-43.967305"><ele>1460.0</ele></trkpt>
   <trkpt lat="-20.139253" lon="-43.967280"><ele>1459.1</ele></trkpt>
   <trkpt lat="-20.139346" lon="-43.967260"><ele>1458.2</ele></trkpt>
   <trkpt lat="-20.139375" lon="-43.967246"><ele>1457.9</ele></trkpt>
   <trkpt lat="-20.139488" lon="-43.967129"><ele>1456.6</ele></trkpt>
   <trkpt lat="-20.139531" lon="-43.967105"><ele>1456.0</ele></trkpt>
   <trkpt lat="-20.139566" lon="-43.967095"><ele>1455.2</ele></trkpt>
   <trkpt lat="-20.139601" lon="-43.967107"><ele>1454.5</ele></trkpt>
   <trkpt lat="-20.139715" lon="-43.967227"><ele>1452.4</ele></trkpt>
   <trkpt lat="-20.139759" lon="-43.967242"><ele>1452.2</ele></trkpt>
   <trkpt lat="-20.139783" lon="-43.967242"><ele>1452.2</ele></trkpt>
   <trkpt lat="-20.139805" lon="-43.967234"><ele>1452.3</ele></trkpt>
   <trkpt lat="-20.139821" lon="-43.967217"><ele>1452.3</ele></trkpt>
   <trkpt lat="-20.139828" lon="-43.967172"><ele>1452.3</ele></trkpt>
   <trkpt lat="-20.139796" lon="-43.967051"><ele>1451.2</ele></trkpt>
   <trkpt lat="-20.139733" lon="-43.966908"><ele>1449.5</ele></trkpt>
   <trkpt lat="-20.139674" lon="-43.966807"><ele>1448.2</ele></trkpt>
   <trkpt lat="-20.139649" lon="-43.966749"><ele>1447.4</ele></trkpt>
   <trkpt lat="-20.139641" lon="-43.966691"><ele>1446.8</ele></trkpt>
   <trkpt lat="-20.139656" lon="-43.966628"><ele>1446.3</ele></trkpt>
   <trkpt lat="-20.139673" lon="-43.966604"><ele>1446.0</ele></trkpt>
   <trkpt lat="-20.139812" lon="-43.966497"><ele>1443.6</ele></trkpt>
   <trkpt lat="-20.139841" lon="-43.966484"><ele>1443.0</ele></trkpt>
   <trkpt lat="-20.139939" lon="-43.966467"><ele>1441.4</ele></trkpt>
   <trkpt lat="-20.139971" lon="-43.966450"><ele>1441.0</ele></trkpt>
   <trkpt lat="-20.140060" lon="-43.966355"><ele>1439.7</ele></trkpt>
   <trkpt lat="-20.140417" lon="-43.966064"><ele>1435.9</ele></trkpt>
   <trkpt lat="-20.140550" lon="-43.965936"><ele>1434.7</ele></trkpt>
   <trkpt lat="-20.140765" lon="-43.965631"><ele>1433.9</ele></trkpt>
   <trkpt lat="-20.140862" lon="-43.965526"><ele>1433.8</ele></trkpt>
   <trkpt lat="-20.140927" lon="-43.965471"><ele>1433.7</ele></trkpt>
   <trkpt lat="-20.141054" lon="-43.965310"><ele>1432.8</ele></trkpt>
   <trkpt lat="-20.141080" lon="-43.965243"><ele>1431.6</ele></trkpt>
   <trkpt lat="-20.141095" lon="-43.965108"><ele>1430.2</ele></trkpt>
   <trkpt lat="-20.141117" lon="-43.965061"><ele>1429.8</ele></trkpt>
   <trkpt lat="-20.141226" lon="-43.964963"><ele>1428.3</ele></trkpt>
   <trkpt lat="-20.141325" lon="-43.964826"><ele>1426.0</ele></trkpt>
   <trkpt lat="-20.141399" lon="-43.964776"><ele>1425.0</ele></trkpt>
   <trkpt lat="-20.141484" lon="-43.964742"><ele>1424.0</ele></trkpt>
   <trkpt lat="-20.141804" lon="-43.964723"><ele>1420.7</ele></trkpt>
   <trkpt lat="-20.141934" lon="-43.964701"><ele>1420.1</ele></trkpt>
   <trkpt lat="-20.142073" lon="-43.964659"><ele>1417.9</ele></trkpt>
   <trkpt lat="-20.142405" lon="-43.964513"><ele>1414.4</ele></trkpt>
   <trkpt lat="-20.142525" lon="-43.964472"><ele>1413.5</ele></trkpt>
   <trkpt lat="-20.143014" lon="-43.964338"><ele>1410.3</ele></trkpt>
   <trkpt lat="-20.143172" lon="-43.964339"><ele>1408.7</ele></trkpt>
   <trkpt lat="-20.143203" lon="-43.964325"><ele>1408.4</ele></trkpt>
   <trkpt lat="-20.143286" lon="-43.964249"><ele>1407.6</ele></trkpt>
   <trkpt lat="-20.143314" lon="-43.964236"><ele>1407.3</ele></trkpt>
   <trkpt lat="-20.143342" lon="-43.964233"><ele>1407.0</ele></trkpt>
   <trkpt lat="-20.143468" lon="-43.964265"><ele>1406.3</ele></trkpt>
   <trkpt lat="-20.143539" lon="-43.964265"><ele>1406.2</ele></trkpt>
   <trkpt lat="-20.143614" lon="-43.964238"><ele>1406.1</ele></trkpt>
   <trkpt lat="-20.143683" lon="-43.964198"><ele>1406.1</ele></trkpt>
   <trkpt lat="-20.143876" lon="-43.964035"><ele>1407.9</ele></trkpt>
   <trkpt lat="-20.143985" lon="-43.963996"><ele>1409.1</ele></trkpt>
   <trkpt lat="-20.144065" lon="-43.963983"><ele>1410.4</ele></trkpt>
   <trkpt lat="-20.144115" lon="-43.963985"><ele>1411.3</ele></trkpt>
   <trkpt lat="-20.144257" lon="-43.964055"><ele>1414.2</ele></trkpt>
   <trkpt lat="-20.144286" lon="-43.964059"><ele>1415.0</ele></trkpt>
   <trkpt lat="-20.144344" lon="-43.964049"><ele>1415.4</ele></trkpt>
   <trkpt lat="-20.144560" lon="-43.963972"><ele>1417.6</ele></trkpt>
   <trkpt lat="-20.144897" lon="-43.963904"><ele>1418.6</ele></trkpt>
   <trkpt lat="-20.145236" lon="-43.963806"><ele>1418.3</ele></trkpt>
   <trkpt lat="-20.145354" lon="-43.963759"><ele>1418.4</ele></trkpt>
   <trkpt lat="-20.145399" lon="-43.963767"><ele>1418.5</ele></trkpt>
   <trkpt lat="-20.145472" lon="-43.963812"><ele>1418.5</ele></trkpt>
   <trkpt lat="-20.145538" lon="-43.963832"><ele>1418.3</ele></trkpt>
   <trkpt lat="-20.145616" lon="-43.963842"><ele>1418.0</ele></trkpt>
   <trkpt lat="-20.145692" lon="-43.963828"><ele>1417.6</ele></trkpt>
   <trkpt lat="-20.145722" lon="-43.963808"><ele>1417.3</ele></trkpt>
   <trkpt lat="-20.145770" lon="-43.963753"><ele>1416.8</ele></trkpt>
   <trkpt lat="-20.145834" lon="-43.963648"><ele>1415.9</ele></trkpt>
   <trkpt lat="-20.145936" lon="-43.963509"><ele>1414.6</ele></trkpt>
   <trkpt lat="-20.146000" lon="-43.963307"><ele>1413.0</ele></trkpt>
   <trkpt lat="-20.146059" lon="-43.963169"><ele>1412.4</ele></trkpt>
   <trkpt lat="-20.146069" lon="-43.963086"><ele>1411.9</ele></trkpt>
   <trkpt lat="-20.146060" lon="-43.963026"><ele>1411.2</ele></trkpt>
   <trkpt lat="-20.146028" lon="-43.962964"><ele>1409.9</ele></trkpt>
   <trkpt lat="-20.145994" lon="-43.962839"><ele>1409.8</ele></trkpt>
   <trkpt lat="-20.145944" lon="-43.962715"><ele>1409.6</ele></trkpt>
   <trkpt lat="-20.145945" lon="-43.962676"><ele>1409.5</ele></trkpt>
   <trkpt lat="-20.145974" lon="-43.962651"><ele>1409.5</ele></trkpt>
   <trkpt lat="-20.146056" lon="-43.962626"><ele>1409.4</ele></trkpt>
   <trkpt lat="-20.146081" lon="-43.962608"><ele>1409.3</ele></trkpt>
   <trkpt lat="-20.146210" lon="-43.962432"><ele>1406.5</ele></trkpt>
   <trkpt lat="-20.146254" lon="-43.962396"><ele>1405.3</ele></trkpt>
   <trkpt lat="-20.146304" lon="-43.962378"><ele>1404.2</ele></trkpt>
   <trkpt lat="-20.146408" lon="-43.962381"><ele>1401.8</ele></trkpt>
   <trkpt lat="-20.146560" lon="-43.962441"><ele>1399.2</ele></trkpt>
   <trkpt lat="-20.146629" lon="-43.962503"><ele>1397.8</ele></trkpt>
   <trkpt lat="-20.146752" lon="-43.962643"><ele>1396.0</ele></trkpt>
   <trkpt lat="-20.146787" lon="-43.962703"><ele>1395.4</ele></trkpt>
   <trkpt lat="-20.146830" lon="-43.962872"><ele>1394.1</ele></trkpt>
   <trkpt lat="-20.146876" lon="-43.963180"><ele>1392.2</ele></trkpt>
   <trkpt lat="-20.146875" lon="-43.963335"><ele>1391.1</ele></trkpt>
   <trkpt lat="-20.146887" lon="-43.963388"><ele>1390.9</ele></trkpt>
   <trkpt lat="-20.146921" lon="-43.963424"><ele>1390.6</ele></trkpt>
   <trkpt lat="-20.146946" lon="-43.963432"><ele>1390.5</ele></trkpt>
   <trkpt lat="-20.146974" lon="-43.963435"><ele>1390.4</ele></trkpt>
   <trkpt lat="-20.147036" lon="-43.963421"><ele>1390.2</ele></trkpt>
   <trkpt lat="-20.147099" lon="-43.963388"><ele>1389.6</ele></trkpt>
   <trkpt lat="-20.147180" lon="-43.963301"><ele>1388.2</ele></trkpt>
   <trkpt lat="-20.147391" lon="-43.962942"><ele>1383.4</ele></trkpt>
   <trkpt lat="-20.147451" lon="-43.962880"><ele>1383.0</ele></trkpt>
   <trkpt lat="-20.147572" lon="-43.962787"><ele>1381.4</ele></trkpt>
   <trkpt lat="-20.147612" lon="-43.962745"><ele>1380.4</ele></trkpt>
   <trkpt lat="-20.147652" lon="-43.962623"><ele>1378.0</ele></trkpt>
   <trkpt lat="-20.147727" lon="-43.962490"><ele>1377.1</ele></trkpt>
   <trkpt lat="-20.147841" lon="-43.962147"><ele>1373.8</ele></trkpt>
   <trkpt lat="-20.147866" lon="-43.962111"><ele>1372.8</ele></trkpt>
   <trkpt lat="-20.147897" lon="-43.962119"><ele>1371.9</ele></trkpt>
   <trkpt lat="-20.148116" lon="-43.962363"><ele>1367.6</ele></trkpt>
   <trkpt lat="-20.148150" lon="-43.962415"><ele>1366.9</ele></trkpt>
   <trkpt lat="-20.148197" lon="-43.962533"><ele>1365.3</ele></trkpt>
   <trkpt lat="-20.148210" lon="-43.962577"><ele>1364.8</ele></trkpt>
   <trkpt lat="-20.148237" lon="-43.962819"><ele>1362.0</ele></trkpt>
   <trkpt lat="-20.148306" lon="-43.963242"><ele>1358.3</ele></trkpt>
   <trkpt lat="-20.148313" lon="-43.963416"><ele>1357.0</ele></trkpt>
   <trkpt lat="-20.148329" lon="-43.963442"><ele>1356.8</ele></trkpt>
   <trkpt lat="-20.148357" lon="-43.963455"><ele>1356.5</ele></trkpt>
   <trkpt lat="-20.148391" lon="-43.963444"><ele>1356.3</ele></trkpt>
   <trkpt lat="-20.148498" lon="-43.963370"><ele>1355.3</ele></trkpt>
   <trkpt lat="-20.148590" lon="-43.963338"><ele>1354.2</ele></trkpt>
   <trkpt lat="-20.148631" lon="-43.963334"><ele>1353.6</ele></trkpt>
   <trkpt lat="-20.148663" lon="-43.963342"><ele>1353.0</ele></trkpt>
   <trkpt lat="-20.148746" lon="-43.963383"><ele>1351.6</ele></trkpt>
   <trkpt lat="-20.148824" lon="-43.963398"><ele>1350.3</ele></trkpt>
   <trkpt lat="-20.148910" lon="-43.963398"><ele>1349.7</ele></trkpt>
   <trkpt lat="-20.148988" lon="-43.963386"><ele>1347.7</ele></trkpt>
   <trkpt lat="-20.149056" lon="-43.963352"><ele>1347.0</ele></trkpt>
   <trkpt lat="-20.149195" lon="-43.963251"><ele>1344.4</ele></trkpt>
   <trkpt lat="-20.149234" lon="-43.963231"><ele>1343.8</ele></trkpt>
   <trkpt lat="-20.149357" lon="-43.963182"><ele>1342.3</ele></trkpt>
   <trkpt lat="-20.149531" lon="-43.963128"><ele>1340.3</ele></trkpt>
   <trkpt lat="-20.149761" lon="-43.963008"><ele>1336.2</ele></trkpt>
   <trkpt lat="-20.149856" lon="-43.962920"><ele>1334.8</ele></trkpt>
   <trkpt lat="-20.149897" lon="-43.962852"><ele>1333.8</ele></trkpt>
   <trkpt lat="-20.149912" lon="-43.962790"><ele>1330.5</ele></trkpt>
   <trkpt lat="-20.150009" lon="-43.962728"><ele>1330.4</ele></trkpt>
   <trkpt lat="-20.150054" lon="-43.962679"><ele>1330.0</ele></trkpt>
   <trkpt lat="-20.150090" lon="-43.962659"><ele>1329.4</ele></trkpt>
   <trkpt lat="-20.150146" lon="-43.962679"><ele>1328.6</ele></trkpt>
   <trkpt lat="-20.150181" lon="-43.962739"><ele>1327.4</ele></trkpt>
   <trkpt lat="-20.150210" lon="-43.962858"><ele>1325.7</ele></trkpt>
   <trkpt lat="-20.150200" lon="-43.962978"><ele>1324.5</ele></trkpt>
   <trkpt lat="-20.150206" lon="-43.963028"><ele>1324.4</ele></trkpt>
   <trkpt lat="-20.150245" lon="-43.963130"><ele>1323.9</ele></trkpt>
   <trkpt lat="-20.150262" lon="-43.963143"><ele>1323.8</ele></trkpt>
   <trkpt lat="-20.150305" lon="-43.963141"><ele>1323.3</ele></trkpt>
   <trkpt lat="-20.150382" lon="-43.963096"><ele>1322.3</ele></trkpt>
   <trkpt lat="-20.150413" lon="-43.963093"><ele>1321.9</ele></trkpt>
   <trkpt lat="-20.150479" lon="-43.963109"><ele>1321.0</ele></trkpt>
   <trkpt lat="-20.150566" lon="-43.963167"><ele>1319.2</ele></trkpt>
   <trkpt lat="-20.150597" lon="-43.963182"><ele>1318.6</ele></trkpt>
   <trkpt lat="-20.150636" lon="-43.963188"><ele>1318.1</ele></trkpt>
   <trkpt lat="-20.150723" lon="-43.963171"><ele>1316.8</ele></trkpt>
   <trkpt lat="-20.150832" lon="-43.963117"><ele>1314.8</ele></trkpt>
   <trkpt lat="-20.150963" lon="-43.963080"><ele>1312.5</ele></trkpt>
   <trkpt lat="-20.150991" lon="-43.963065"><ele>1312.5</ele></trkpt>
   <trkpt lat="-20.151025" lon="-43.963024"><ele>1311.9</ele></trkpt>
   <trkpt lat="-20.151033" lon="-43.963000"><ele>1311.3</ele></trkpt>
   <trkpt lat="-20.151045" lon="-43.962870"><ele>1308.6</ele></trkpt>
   <trkpt lat="-20.151059" lon="-43.962815"><ele>1308.2</ele></trkpt>
   <trkpt lat="-20.151091" lon="-43.962785"><ele>1308.1</ele></trkpt>
   <trkpt lat="-20.151194" lon="-43.962762"><ele>1308.5</ele></trkpt>
   <trkpt lat="-20.151222" lon="-43.962763"><ele>1308.7</ele></trkpt>
   <trkpt lat="-20.151277" lon="-43.962788"><ele>1308.9</ele></trkpt>
   <trkpt lat="-20.151368" lon="-43.962846"><ele>1308.0</ele></trkpt>
   <trkpt lat="-20.151488" lon="-43.962940"><ele>1308.0</ele></trkpt>
   <trkpt lat="-20.151527" lon="-43.962982"><ele>1308.1</ele></trkpt>
   <trkpt lat="-20.151548" lon="-43.963074"><ele>1308.3</ele></trkpt>
   <trkpt lat="-20.151609" lon="-43.963146"><ele>1308.7</ele></trkpt>
   <trkpt lat="-20.151640" lon="-43.963156"><ele>1308.8</ele></trkpt>
   <trkpt lat="-20.151701" lon="-43.963152"><ele>1309.1</ele></trkpt>
   <trkpt lat="-20.151907" lon="-43.963107"><ele>1309.8</ele></trkpt>
   <trkpt lat="-20.152121" lon="-43.963017"><ele>1310.8</ele></trkpt>
   <trkpt lat="-20.152287" lon="-43.963007"><ele>1312.7</ele></trkpt>
   <trkpt lat="-20.152314" lon="-43.963012"><ele>1313.5</ele></trkpt>
   <trkpt lat="-20.152371" lon="-43.963045"><ele>1316.8</ele></trkpt>
   <trkpt lat="-20.152448" lon="-43.963041"><ele>1317.9</ele></trkpt>
   <trkpt lat="-20.152507" lon="-43.963064"><ele>1318.2</ele></trkpt>
   <trkpt lat="-20.152535" lon="-43.963096"><ele>1318.5</ele></trkpt>
   <trkpt lat="-20.152539" lon="-43.963196"><ele>1319.7</ele></trkpt>
   <trkpt lat="-20.152567" lon="-43.963211"><ele>1320.3</ele></trkpt>
   <trkpt lat="-20.152669" lon="-43.963213"><ele>1321.5</ele></trkpt>
   <trkpt lat="-20.152798" lon="-43.963196"><ele>1323.3</ele></trkpt>
   <trkpt lat="-20.152932" lon="-43.963199"><ele>1325.4</ele></trkpt>
   <trkpt lat="-20.152973" lon="-43.963190"><ele>1325.8</ele></trkpt>
   <trkpt lat="-20.153154" lon="-43.963096"><ele>1328.1</ele></trkpt>
   <trkpt lat="-20.153373" lon="-43.963010"><ele>1328.7</ele></trkpt>
   <trkpt lat="-20.153431" lon="-43.962996"><ele>1328.8</ele></trkpt>
   <trkpt lat="-20.153490" lon="-43.962994"><ele>1328.9</ele></trkpt>
   <trkpt lat="-20.153569" lon="-43.963009"><ele>1329.2</ele></trkpt>
   <trkpt lat="-20.153602" lon="-43.963027"><ele>1330.5</ele></trkpt>
   <trkpt lat="-20.153593" lon="-43.963018"><ele>1332.0</ele></trkpt>
   <trkpt lat="-20.153725" lon="-43.963002"><ele>1332.7</ele></trkpt>
   <trkpt lat="-20.153874" lon="-43.963017"><ele>1334.0</ele></trkpt>
   <trkpt lat="-20.153907" lon="-43.963047"><ele>1336.3</ele></trkpt>
   <trkpt lat="-20.153880" lon="-43.963059"><ele>1337.2</ele></trkpt>
   <trkpt lat="-20.153782" lon="-43.963073"><ele>1337.2</ele></trkpt>
   <trkpt lat="-20.153687" lon="-43.963106"><ele>1337.1</ele></trkpt>
   <trkpt lat="-20.153649" lon="-43.963127"><ele>1337.1</ele></trkpt>
   <trkpt lat="-20.153641" lon="-43.963142"><ele>1337.1</ele></trkpt>
   <trkpt lat="-20.153655" lon="-43.963198"><ele>1337.0</ele></trkpt>
   <trkpt lat="-20.153683" lon="-43.963220"><ele>1337.1</ele></trkpt>
   <trkpt lat="-20.153816" lon="-43.963244"><ele>1338.7</ele></trkpt>
   <trkpt lat="-20.153860" lon="-43.963245"><ele>1339.2</ele></trkpt>
   <trkpt lat="-20.153965" lon="-43.963207"><ele>1340.4</ele></trkpt>
   <trkpt lat="-20.154020" lon="-43.963196"><ele>1341.0</ele></trkpt>
   <trkpt lat="-20.154089" lon="-43.963166"><ele>1341.3</ele></trkpt>
   <trkpt lat="-20.154257" lon="-43.963139"><ele>1341.7</ele></trkpt>
   <trkpt lat="-20.154373" lon="-43.963073"><ele>1341.9</ele></trkpt>
   <trkpt lat="-20.154537" lon="-43.963026"><ele>1341.0</ele></trkpt>
   <trkpt lat="-20.154779" lon="-43.962980"><ele>1339.6</ele></trkpt>
   <trkpt lat="-20.154999" lon="-43.962910"><ele>1339.8</ele></trkpt>
   <trkpt lat="-20.155060" lon="-43.962903"><ele>1339.8</ele></trkpt>
   <trkpt lat="-20.155164" lon="-43.962913"><ele>1340.0</ele></trkpt>
   <trkpt lat="-20.155175" lon="-43.962921"><ele>1341.1</ele></trkpt>
   <trkpt lat="-20.155315" lon="-43.962879"><ele>1342.5</ele></trkpt>
   <trkpt lat="-20.155431" lon="-43.962887"><ele>1342.7</ele></trkpt>
   <trkpt lat="-20.155532" lon="-43.962920"><ele>1343.4</ele></trkpt>
   <trkpt lat="-20.155600" lon="-43.962957"><ele>1344.1</ele></trkpt>
   <trkpt lat="-20.155725" lon="-43.962976"><ele>1345.2</ele></trkpt>
   <trkpt lat="-20.155789" lon="-43.962998"><ele>1345.7</ele></trkpt>
   <trkpt lat="-20.156057" lon="-43.963125"><ele>1348.2</ele></trkpt>
   <trkpt lat="-20.156230" lon="-43.963232"><ele>1349.5</ele></trkpt>
   <trkpt lat="-20.156394" lon="-43.963270"><ele>1350.3</ele></trkpt>
   <trkpt lat="-20.156467" lon="-43.963300"><ele>1350.3</ele></trkpt>
   <trkpt lat="-20.156525" lon="-43.963340"><ele>1349.9</ele></trkpt>
   <trkpt lat="-20.156552" lon="-43.963386"><ele>1349.8</ele></trkpt>
   <trkpt lat="-20.156583" lon="-43.963415"><ele>1349.8</ele></trkpt>
   <trkpt lat="-20.156580" lon="-43.963410"><ele>1350.0</ele></trkpt>
   <trkpt lat="-20.156702" lon="-43.963314"><ele>1349.8</ele></trkpt>
   <trkpt lat="-20.156744" lon="-43.963247"><ele>1349.8</ele></trkpt>
   <trkpt lat="-20.156781" lon="-43.963162"><ele>1349.7</ele></trkpt>
   <trkpt lat="-20.156860" lon="-43.962957"><ele>1348.9</ele></trkpt>
   <trkpt lat="-20.156970" lon="-43.962619"><ele>1348.1</ele></trkpt>
   <trkpt lat="-20.157196" lon="-43.962047"><ele>1345.0</ele></trkpt>
   <trkpt lat="-20.157367" lon="-43.961577"><ele>1342.8</ele></trkpt>
   <trkpt lat="-20.157493" lon="-43.961282"><ele>1341.6</ele></trkpt>
   <trkpt lat="-20.157764" lon="-43.960787"><ele>1337.1</ele></trkpt>
   <trkpt lat="-20.158193" lon="-43.959963"><ele>1333.7</ele></trkpt>
   <trkpt lat="-20.158291" lon="-43.959770"><ele>1332.7</ele></trkpt>
   <trkpt lat="-20.158374" lon="-43.959581"><ele>1331.2</ele></trkpt>
   <trkpt lat="-20.158789" lon="-43.958520"><ele>1325.1</ele></trkpt>
   <trkpt lat="-20.159204" lon="-43.957388"><ele>1324.6</ele></trkpt>
   <trkpt lat="-20.159602" lon="-43.956337"><ele>1324.1</ele></trkpt>
   <trkpt lat="-20.159875" lon="-43.955669"><ele>1325.3</ele></trkpt>
   <trkpt lat="-20.160051" lon="-43.955264"><ele>1326.3</ele></trkpt>
   <trkpt lat="-20.160094" lon="-43.955204"><ele>1326.8</ele></trkpt>
   <trkpt lat="-20.160145" lon="-43.955160"><ele>1327.3</ele></trkpt>
   <trkpt lat="-20.160204" lon="-43.955137"><ele>1327.8</ele></trkpt>
   <trkpt lat="-20.160267" lon="-43.955130"><ele>1328.4</ele></trkpt>
   <trkpt lat="-20.160333" lon="-43.955137"><ele>1329.0</ele></trkpt>
   <trkpt lat="-20.160453" lon="-43.955178"><ele>1329.6</ele></trkpt>
   <trkpt lat="-20.161435" lon="-43.955611"><ele>1331.7</ele></trkpt>
   <trkpt lat="-20.161562" lon="-43.955696"><ele>1331.5</ele></trkpt>
   <trkpt lat="-20.161674" lon="-43.955797"><ele>1331.1</ele></trkpt>
   <trkpt lat="-20.161738" lon="-43.955841"><ele>1330.8</ele></trkpt>
   <trkpt lat="-20.161806" lon="-43.955869"><ele>1330.6</ele></trkpt>
   <trkpt lat="-20.161876" lon="-43.955875"><ele>1330.4</ele></trkpt>
   <trkpt lat="-20.161943" lon="-43.955855"><ele>1330.2</ele></trkpt>
   <trkpt lat="-20.161998" lon="-43.955813"><ele>1329.9</ele></trkpt>
   <trkpt lat="-20.162038" lon="-43.955753"><ele>1329.7</ele></trkpt>
   <trkpt lat="-20.162061" lon="-43.955679"><ele>1329.4</ele></trkpt>
   <trkpt lat="-20.162090" lon="-43.955417"><ele>1328.7</ele></trkpt>
   <trkpt lat="-20.162133" lon="-43.955240"><ele>1328.5</ele></trkpt>
   <trkpt lat="-20.162200" lon="-43.955075"><ele>1328.5</ele></trkpt>
   <trkpt lat="-20.162360" lon="-43.954766"><ele>1329.1</ele></trkpt>
   <trkpt lat="-20.162537" lon="-43.954478"><ele>1330.4</ele></trkpt>
   <trkpt lat="-20.162724" lon="-43.954214"><ele>1331.8</ele></trkpt>
   <trkpt lat="-20.162915" lon="-43.953964"><ele>1333.1</ele></trkpt>
   <trkpt lat="-20.163232" lon="-43.953603"><ele>1335.1</ele></trkpt>
   <trkpt lat="-20.163391" lon="-43.953409"><ele>1335.7</ele></trkpt>
   <trkpt lat="-20.163549" lon="-43.953191"><ele>1336.1</ele></trkpt>
   <trkpt lat="-20.163706" lon="-43.952950"><ele>1336.0</ele></trkpt>
   <trkpt lat="-20.163906" lon="-43.952597"><ele>1335.7</ele></trkpt>
   <trkpt lat="-20.164318" lon="-43.951730"><ele>1335.1</ele></trkpt>
   <trkpt lat="-20.164485" lon="-43.951443"><ele>1335.5</ele></trkpt>
   <trkpt lat="-20.164723" lon="-43.951125"><ele>1336.6</ele></trkpt>
   <trkpt lat="-20.164881" lon="-43.950929"><ele>1337.7</ele></trkpt>
   <trkpt lat="-20.165170" lon="-43.950619"><ele>1339.1</ele></trkpt>
   <trkpt lat="-20.165647" lon="-43.950199"><ele>1341.5</ele></trkpt>
   <trkpt lat="-20.165905" lon="-43.950035"><ele>1343.6</ele></trkpt>
   <trkpt lat="-20.166282" lon="-43.949758"><ele>1348.2</ele></trkpt>
   <trkpt lat="-20.166536" lon="-43.949512"><ele>1352.9</ele></trkpt>
   <trkpt lat="-20.166705" lon="-43.949316"><ele>1356.9</ele></trkpt>
   <trkpt lat="-20.166931" lon="-43.948993"><ele>1361.8</ele></trkpt>
   <trkpt lat="-20.167091" lon="-43.948702"><ele>1364.9</ele></trkpt>
   <trkpt lat="-20.167231" lon="-43.948352"><ele>1367.3</ele></trkpt>
  </trkseg>
 </trk>
</gpx>
