<?xml version="1.0" encoding="UTF-8"?>
<gpx version="1.1" creator="track-viewer sample" xmlns="http://www.topografix.com/GPX/1/1">
 <trk>
  <name>Serra do Curral</name>
  <type>cycling</type>
  <trkseg>
   <trkpt lat="-20.040450" lon="-44.009353"><ele>1366.6</ele></trkpt>
   <trkpt lat="-20.040546" lon="-44.009434"><ele>1367.8</ele></trkpt>
   <trkpt lat="-20.040713" lon="-44.009505"><ele>1369.8</ele></trkpt>
   <trkpt lat="-20.040969" lon="-44.009540"><ele>1373.6</ele></trkpt>
   <trkpt lat="-20.041075" lon="-44.009523"><ele>1375.4</ele></trkpt>
   <trkpt lat="-20.041153" lon="-44.009478"><ele>1377.2</ele></trkpt>
   <trkpt lat="-20.041212" lon="-44.009426"><ele>1378.8</ele></trkpt>
   <trkpt lat="-20.041366" lon="-44.009247"><ele>1384.0</ele></trkpt>
   <trkpt lat="-20.041398" lon="-44.009171"><ele>1385.6</ele></trkpt>
   <trkpt lat="-20.041456" lon="-44.008929"><ele>1388.4</ele></trkpt>
   <trkpt lat="-20.041503" lon="-44.008861"><ele>1388.8</ele></trkpt>
   <trkpt lat="-20.041597" lon="-44.008820"><ele>1389.0</ele></trkpt>
   <trkpt lat="-20.041631" lon="-44.008775"><ele>1389.6</ele></trkpt>
   <trkpt lat="-20.041750" lon="-44.008718"><ele>1390.4</ele></trkpt>
   <trkpt lat="-20.041907" lon="-44.008689"><ele>1391.2</ele></trkpt>
   <trkpt lat="-20.041995" lon="-44.008702"><ele>1391.8</ele></trkpt>
   <trkpt lat="-20.042114" lon="-44.008762"><ele>1392.6</ele></trkpt>
   <trkpt lat="-20.042220" lon="-44.008845"><ele>1393.6</ele></trkpt>
   <trkpt lat="-20.042618" lon="-44.009268"><ele>1399.6</ele></trkpt>
   <trkpt lat="-20.042861" lon="-44.009558"><ele>1403.8</ele></trkpt>
   <trkpt lat="-20.042968" lon="-44.009715"><ele>1405.6</ele></trkpt>
   <trkpt lat="-20.043238" lon="-44.009903"><ele>1407.8</ele></trkpt>
   <trkpt lat="-20.043229" lon="-44.009932"><ele>1408.2</ele></trkpt>
   <trkpt lat="-20.043190" lon="-44.009928"><ele>1408.4</ele></trkpt>
   <trkpt lat="-20.042687" lon="-44.009670"><ele>1409.8</ele></trkpt>
   <trkpt lat="-20.042577" lon="-44.009632"><ele>1410.2</ele></trkpt>
   <trkpt lat="-20.042517" lon="-44.009634"><ele>1410.6</ele></trkpt>
   <trkpt lat="-20.042500" lon="-44.009653"><ele>1410.8</ele></trkpt>
   <trkpt lat="-20.042499" lon="-44.009715"><ele>1411.2</ele></trkpt>
   <trkpt lat="-20.042551" lon="-44.009824"><ele>1411.8</ele></trkpt>
   <trkpt lat="-20.042680" lon="-44.009983"><ele>1413.2</ele></trkpt>
   <trkpt lat="-20.042774" lon="-44.010133"><ele>1414.4</ele></trkpt>
   <trkpt lat="-20.042905" lon="-44.010266"><ele>1415.4</ele></trkpt>
   <trkpt lat="-20.042985" lon="-44.010328"><ele>1416.0</ele></trkpt>
   <trkpt lat="-20.043315" lon="-44.010517"><ele>1417.4</ele></trkpt>
   <trkpt lat="-20.043443" lon="-44.010642"><ele>1417.6</ele></trkpt>
   <trkpt lat="-20.043687" lon="-44.010772"><ele>1417.0</ele></trkpt>
   <trkpt lat="-20.043949" lon="-44.010831"><ele>1415.4</ele></trkpt>
   <trkpt lat="-20.044220" lon="-44.010862"><ele>1413.6</ele></trkpt>
   <trkpt lat="-20.044410" lon="-44.010865"><ele>1412.2</ele></trkpt>
   <trkpt lat="-20.044608" lon="-44.010998"><ele>1411.0</ele></trkpt>
   <trkpt lat="-20.044774" lon="-44.011046"><ele>1411.0</ele></trkpt>
   <trkpt lat="-20.044808" lon="-44.011088"><ele>1411.2</ele></trkpt>
   <trkpt lat="-20.044913" lon="-44.011315"><ele>1412.8</ele></trkpt>
   <trkpt lat="-20.044962" lon="-44.011373"><ele>1413.4</ele></trkpt>
   <trkpt lat="-20.045083" lon="-44.011480"><ele>1415.0</ele></trkpt>
   <trkpt lat="-20.045460" lon="-44.011745"><ele>1418.6</ele></trkpt>
   <trkpt lat="-20.045517" lon="-44.011816"><ele>1419.2</ele></trkpt>
   <trkpt lat="-20.045561" lon="-44.011905"><ele>1419.6</ele></trkpt>
   <trkpt lat="-20.045720" lon="-44.012370"><ele>1421.6</ele></trkpt>
   <trkpt lat="-20.045911" lon="-44.012783"><ele>1422.4</ele></trkpt>
   <trkpt lat="-20.046150" lon="-44.012988"><ele>1420.4</ele></trkpt>
   <trkpt lat="-20.046361" lon="-44.013086"><ele>1417.6</ele></trkpt>
   <trkpt lat="-20.046485" lon="-44.013125"><ele>1415.2</ele></trkpt>
   <trkpt lat="-20.046509" lon="-44.013191"><ele>1414.0</ele></trkpt>
   <trkpt lat="-20.046507" lon="-44.013231"><ele>1413.6</ele></trkpt>
   <trkpt lat="-20.046474" lon="-44.013299"><ele>1412.6</ele></trkpt>
   <trkpt lat="-20.046390" lon="-44.013367"><ele>1411.4</ele></trkpt>
   <trkpt lat="-20.046392" lon="-44.013421"><ele>1410.8</ele></trkpt>
   <trkpt lat="-20.046410" lon="-44.013321"><ele>1410.2</ele></trkpt>
   <trkpt lat="-20.046400" lon="-44.013316"><ele>1410.2</ele></trkpt>
   <trkpt lat="-20.046385" lon="-44.013410"><ele>1410.6</ele></trkpt>
   <trkpt lat="-20.046383" lon="-44.013388"><ele>1410.8</ele></trkpt>
   <trkpt lat="-20.046405" lon="-44.013349"><ele>1412.0</ele></trkpt>
   <trkpt lat="-20.046488" lon="-44.013268"><ele>1413.2</ele></trkpt>
   <trkpt lat="-20.046510" lon="-44.013217"><ele>1413.8</ele></trkpt>
   <trkpt lat="-20.046505" lon="-44.013161"><ele>1414.4</ele></trkpt>
   <trkpt lat="-20.046452" lon="-44.013070"><ele>1415.2</ele></trkpt>
   <trkpt lat="-20.046447" lon="-44.013028"><ele>1415.4</ele></trkpt>
   <trkpt lat="-20.046477" lon="-44.012980"><ele>1415.6</ele></trkpt>
   <trkpt lat="-20.046532" lon="-44.012938"><ele>1415.8</ele></trkpt>
   <trkpt lat="-20.046660" lon="-44.012896"><ele>1415.8</ele></trkpt>
   <trkpt lat="-20.046718" lon="-44.012904"><ele>1415.8</ele></trkpt>
   <trkpt lat="-20.046914" lon="-44.012996"><ele>1416.4</ele></trkpt>
   <trkpt lat="-20.047038" lon="-44.013129"><ele>1417.4</ele></trkpt>
   <trkpt lat="-20.047074" lon="-44.013188"><ele>1418.0</ele></trkpt>
   <trkpt lat="-20.047078" lon="-44.013253"><ele>1418.6</ele></trkpt>
   <trkpt lat="-20.047052" lon="-44.013400"><ele>1420.2</ele></trkpt>
   <trkpt lat="-20.047004" lon="-44.013502"><ele>1421.6</ele></trkpt>
   <trkpt lat="-20.047006" lon="-44.013558"><ele>1422.2</ele></trkpt>
   <trkpt lat="-20.047047" lon="-44.013599"><ele>1423.0</ele></trkpt>
   <trkpt lat="-20.047216" lon="-44.013697"><ele>1425.6</ele></trkpt>
   <trkpt lat="-20.047366" lon="-44.013886"><ele>1429.2</ele></trkpt>
   <trkpt lat="-20.047496" lon="-44.013971"><ele>1431.0</ele></trkpt>
   <trkpt lat="-20.047547" lon="-44.014020"><ele>1431.8</ele></trkpt>
   <trkpt lat="-20.047590" lon="-44.014111"><ele>1433.0</ele></trkpt>
   <trkpt lat="-20.047594" lon="-44.014273"><ele>1435.2</ele></trkpt>
   <trkpt lat="-20.047581" lon="-44.014330"><ele>1436.2</ele></trkpt>
   <trkpt lat="-20.047436" lon="-44.014566"><ele>1440.2</ele></trkpt>
   <trkpt lat="-20.047390" lon="-44.014721"><ele>1442.2</ele></trkpt>
   <trkpt lat="-20.047387" lon="-44.014822"><ele>1443.0</ele></trkpt>
   <trkpt lat="-20.047437" lon="-44.015137"><ele>1444.8</ele></trkpt>
   <trkpt lat="-20.047456" lon="-44.015160"><ele>1445.0</ele></trkpt>
   <trkpt lat="-20.047484" lon="-44.015146"><ele>1445.2</ele></trkpt>
   <trkpt lat="-20.047534" lon="-44.015182"><ele>1445.4</ele></trkpt>
   <trkpt lat="-20.047601" lon="-44.015314"><ele>1445.6</ele></trkpt>
   <trkpt lat="-20.047816" lon="-44.015539"><ele>1445.6</ele></trkpt>
   <trkpt lat="-20.047987" lon="-44.015800"><ele>1445.2</ele></trkpt>
   <trkpt lat="-20.048040" lon="-44.015821"><ele>1445.2</ele></trkpt>
   <trkpt lat="-20.048185" lon="-44.015806"><ele>1445.4</ele></trkpt>
   <trkpt lat="-20.048298" lon="-44.015814"><ele>1445.4</ele></trkpt>
   <trkpt lat="-20.048372" lon="-44.015851"><ele>1445.4</ele></trkpt>
   <trkpt lat="-20.048443" lon="-44.015916"><ele>1445.4</ele></trkpt>
   <trkpt lat="-20.048731" lon="-44.016278"><ele>1445.4</ele></trkpt>
   <trkpt lat="-20.048989" lon="-44.016648"><ele>1445.4</ele></trkpt>
   <trkpt lat="-20.049326" lon="-44.017224"><ele>1445.4</ele></trkpt>
   <trkpt lat="-20.049437" lon="-44.017368"><ele>1445.2</ele></trkpt>
   <trkpt lat="-20.049569" lon="-44.017497"><ele>1444.6</ele></trkpt>
   <trkpt lat="-20.049735" lon="-44.017586"><ele>1443.8</ele></trkpt>
   <trkpt lat="-20.049856" lon="-44.017624"><ele>1443.0</ele></trkpt>
   <trkpt lat="-20.050122" lon="-44.017677"><ele>1441.0</ele></trkpt>
   <trkpt lat="-20.050386" lon="-44.017787"><ele>1438.4</ele></trkpt>
   <trkpt lat="-20.050580" lon="-44.017793"><ele>1436.2</ele></trkpt>
   <trkpt lat="-20.050790" lon="-44.017833"><ele>1433.8</ele></trkpt>
   <trkpt lat="-20.051005" lon="-44.017840"><ele>1431.4</ele></trkpt>
   <trkpt lat="-20.051072" lon="-44.017837"><ele>1430.8</ele></trkpt>
   <trkpt lat="-20.051139" lon="-44.017816"><ele>1430.2</ele></trkpt>
   <trkpt lat="-20.051358" lon="-44.017723"><ele>1428.8</ele></trkpt>
   <trkpt lat="-20.051604" lon="-44.017696"><ele>1428.2</ele></trkpt>
   <trkpt lat="-20.051794" lon="-44.017642"><ele>1428.0</ele></trkpt>
   <trkpt lat="-20.051950" lon="-44.017622"><ele>1428.6</ele></trkpt>
   <trkpt lat="-20.052202" lon="-44.017552"><ele>1429.8</ele></trkpt>
   <trkpt lat="-20.052664" lon="-44.017526"><ele>1432.8</ele></trkpt>
   <trkpt lat="-20.052857" lon="-44.017535"><ele>1433.4</ele></trkpt>
   <trkpt lat="-20.053103" lon="-44.017580"><ele>1434.0</ele></trkpt>
   <trkpt lat="-20.053290" lon="-44.017641"><ele>1434.2</ele></trkpt>
   <trkpt lat="-20.053425" lon="-44.017706"><ele>1434.4</ele></trkpt>
   <trkpt lat="-20.053722" lon="-44.017894"><ele>1434.2</ele></trkpt>
   <trkpt lat="-20.053778" lon="-44.017912"><ele>1434.0</ele></trkpt>
   <trkpt lat="-20.053801" lon="-44.017906"><ele>1433.8</ele></trkpt>
   <trkpt lat="-20.053900" lon="-44.017779"><ele>1433.0</ele></trkpt>
   <trkpt lat="-20.054159" lon="-44.017678"><ele>1429.4</ele></trkpt>
   <trkpt lat="-20.054319" lon="-44.017467"><ele>1426.4</ele></trkpt>
   <trkpt lat="-20.054449" lon="-44.017361"><ele>1424.8</ele></trkpt>
   <trkpt lat="-20.054638" lon="-44.017275"><ele>1422.2</ele></trkpt>
   <trkpt lat="-20.054944" lon="-44.017205"><ele>1418.4</ele></trkpt>
   <trkpt lat="-20.055086" lon="-44.017136"><ele>1416.4</ele></trkpt>
   <trkpt lat="-20.055158" lon="-44.017065"><ele>1414.8</ele></trkpt>
   <trkpt lat="-20.055265" lon="-44.016905"><ele>1411.6</ele></trkpt>
   <trkpt lat="-20.055320" lon="-44.016848"><ele>1409.8</ele></trkpt>
   <trkpt lat="-20.055525" lon="-44.016724"><ele>1404.4</ele></trkpt>
   <trkpt lat="-20.056134" lon="-44.016234"><ele>1392.0</ele></trkpt>
   <trkpt lat="-20.056327" lon="-44.016005"><ele>1392.0</ele></trkpt>
   <trkpt lat="-20.056500" lon="-44.015883"><ele>1393.8</ele></trkpt>
   <trkpt lat="-20.057016" lon="-44.015333"><ele>1400.8</ele></trkpt>
   <trkpt lat="-20.057258" lon="-44.015133"><ele>1403.8</ele></trkpt>
   <trkpt lat="-20.057366" lon="-44.014985"><ele>1405.8</ele></trkpt>
   <trkpt lat="-20.057431" lon="-44.014809"><ele>1408.4</ele></trkpt>
   <trkpt lat="-20.057476" lon="-44.014724"><ele>1409.8</ele></trkpt>
   <trkpt lat="-20.057647" lon="-44.014535"><ele>1413.6</ele></trkpt>
   <trkpt lat="-20.057697" lon="-44.014438"><ele>1415.8</ele></trkpt>
   <trkpt lat="-20.057825" lon="-44.014245"><ele>1419.8</ele></trkpt>
   <trkpt lat="-20.057845" lon="-44.014174"><ele>1421.0</ele></trkpt>
   <trkpt lat="-20.057831" lon="-44.014057"><ele>1423.2</ele></trkpt>
   <trkpt lat="-20.057862" lon="-44.014039"><ele>1424.0</ele></trkpt>
   <trkpt lat="-20.057948" lon="-44.014037"><ele>1425.8</ele></trkpt>
   <trkpt lat="-20.057982" lon="-44.014013"><ele>1426.6</ele></trkpt>
   <trkpt lat="-20.058051" lon="-44.013859"><ele>1429.8</ele></trkpt>
   <trkpt lat="-20.058147" lon="-44.013758"><ele>1432.8</ele></trkpt>
   <trkpt lat="-20.058175" lon="-44.013661"><ele>1434.6</ele></trkpt>
   <trkpt lat="-20.058171" lon="-44.013554"><ele>1436.8</ele></trkpt>
   <trkpt lat="-20.058252" lon="-44.013446"><ele>1439.2</ele></trkpt>
   <trkpt lat="-20.058286" lon="-44.013306"><ele>1441.6</ele></trkpt>
   <trkpt lat="-20.058338" lon="-44.013197"><ele>1444.0</ele></trkpt>
   <trkpt lat="-20.058355" lon="-44.013090"><ele>1446.0</ele></trkpt>
   <trkpt lat="-20.058426" lon="-44.012971"><ele>1448.4</ele></trkpt>
   <trkpt lat="-20.058598" lon="-44.012797"><ele>1452.6</ele></trkpt>
   <trkpt lat="-20.058642" lon="-44.012718"><ele>1454.2</ele></trkpt>
   <trkpt lat="-20.058649" lon="-44.012648"><ele>1455.2</ele></trkpt>
   <trkpt lat="-20.058631" lon="-44.012519"><ele>1457.2</ele></trkpt>
   <trkpt lat="-20.058609" lon="-44.012403"><ele>1458.2</ele></trkpt>
   <trkpt lat="-20.058556" lon="-44.012232"><ele>1459.0</ele></trkpt>
   <trkpt lat="-20.058534" lon="-44.012073"><ele>1459.6</ele></trkpt>
   <trkpt lat="-20.058537" lon="-44.011950"><ele>1460.4</ele></trkpt>
   <trkpt lat="-20.058589" lon="-44.011574"><ele>1463.2</ele></trkpt>
   <trkpt lat="-20.058577" lon="-44.011289"><ele>1464.4</ele></trkpt>
   <trkpt lat="-20.058618" lon="-44.011137"><ele>1465.4</ele></trkpt>
   <trkpt lat="-20.058713" lon="-44.010564"><ele>1469.6</ele></trkpt>
   <trkpt lat="-20.058759" lon="-44.010401"><ele>1471.6</ele></trkpt>
   <trkpt lat="-20.058808" lon="-44.010316"><ele>1472.8</ele></trkpt>
   <trkpt lat="-20.058919" lon="-44.010190"><ele>1474.8</ele></trkpt>
   <trkpt lat="-20.059043" lon="-44.010133"><ele>1476.4</ele></trkpt>
   <trkpt lat="-20.059088" lon="-44.010089"><ele>1477.0</ele></trkpt>
   <trkpt lat="-20.059143" lon="-44.009955"><ele>1477.8</ele></trkpt>
   <trkpt lat="-20.059159" lon="-44.009847"><ele>1478.2</ele></trkpt>
   <trkpt lat="-20.059038" lon="-44.009521"><ele>1479.0</ele></trkpt>
   <trkpt lat="-20.059050" lon="-44.009354"><ele>1479.2</ele></trkpt>
   <trkpt lat="-20.058957" lon="-44.008975"><ele>1479.4</ele></trkpt>
   <trkpt lat="-20.058900" lon="-44.008555"><ele>1479.6</ele></trkpt>
   <trkpt lat="-20.058856" lon="-44.008337"><ele>1479.8</ele></trkpt>
   <trkpt lat="-20.058731" lon="-44.007997"><ele>1480.4</ele></trkpt>
   <trkpt lat="-20.058721" lon="-44.007913"><ele>1480.8</ele></trkpt>
   <trkpt lat="-20.058733" lon="-44.007677"><ele>1481.8</ele></trkpt>
   <trkpt lat="-20.058726" lon="-44.007610"><ele>1482.0</ele></trkpt>
   <trkpt lat="-20.058703" lon="-44.007555"><ele>1482.4</ele></trkpt>
   <trkpt lat="-20.058596" lon="-44.007471"><ele>1483.2</ele></trkpt>
   <trkpt lat="-20.058636" lon="-44.007358"><ele>1484.0</ele></trkpt>
   <trkpt lat="-20.058640" lon="-44.007307"><ele>1484.2</ele></trkpt>
   <trkpt lat="-20.058535" lon="-44.007040"><ele>1485.4</ele></trkpt>
   <trkpt lat="-20.058539" lon="-44.006680"><ele>1486.8</ele></trkpt>
   <trkpt lat="-20.058497" lon="-44.006352"><ele>1488.2</ele></trkpt>
   <trkpt lat="-20.058461" lon="-44.006202"><ele>1488.8</ele></trkpt>
   <trkpt lat="-20.058397" lon="-44.006028"><ele>1489.6</ele></trkpt>
   <trkpt lat="-20.058253" lon="-44.005793"><ele>1491.6</ele></trkpt>
   <trkpt lat="-20.058129" lon="-44.005656"><ele>1493.2</ele></trkpt>
   <trkpt lat="-20.057989" lon="-44.005548"><ele>1495.0</ele></trkpt>
   <trkpt lat="-20.057811" lon="-44.005320"><ele>1497.2</ele></trkpt>
   <trkpt lat="-20.057774" lon="-44.005179"><ele>1498.0</ele></trkpt>
   <trkpt lat="-20.057702" lon="-44.005024"><ele>1498.2</ele></trkpt>
   <trkpt lat="-20.057694" lon="-44.004600"><ele>1497.8</ele></trkpt>
   <trkpt lat="-20.057702" lon="-44.004525"><ele>1497.6</ele></trkpt>
   <trkpt lat="-20.057848" lon="-44.004012"><ele>1497.0</ele></trkpt>
   <trkpt lat="-20.058005" lon="-44.003756"><ele>1496.6</ele></trkpt>
   <trkpt lat="-20.058074" lon="-44.003582"><ele>1496.4</ele></trkpt>
   <trkpt lat="-20.058095" lon="-44.003395"><ele>1496.4</ele></trkpt>
   <trkpt lat="-20.058083" lon="-44.003241"><ele>1496.4</ele></trkpt>
   <trkpt lat="-20.057994" lon="-44.003001"><ele>1496.8</ele></trkpt>
   <trkpt lat="-20.057981" lon="-44.002915"><ele>1497.0</ele></trkpt>
   <trkpt lat="-20.057989" lon="-44.002830"><ele>1497.2</ele></trkpt>
   <trkpt lat="-20.058032" lon="-44.002661"><ele>1497.6</ele></trkpt>
   <trkpt lat="-20.058129" lon="-44.002339"><ele>1498.4</ele></trkpt>
   <trkpt lat="-20.058325" lon="-44.001847"><ele>1500.4</ele></trkpt>
   <trkpt lat="-20.058418" lon="-44.001526"><ele>1502.0</ele></trkpt>
   <trkpt lat="-20.058491" lon="-44.001330"><ele>1503.0</ele></trkpt>
   <trkpt lat="-20.058711" lon="-44.000869"><ele>1504.4</ele></trkpt>
   <trkpt lat="-20.058757" lon="-44.000820"><ele>1504.6</ele></trkpt>
   <trkpt lat="-20.058835" lon="-44.000785"><ele>1504.8</ele></trkpt>
   <trkpt lat="-20.058812" lon="-44.000803"><ele>1504.6</ele></trkpt>
   <trkpt lat="-20.058833" lon="-44.000819"><ele>1504.4</ele></trkpt>
   <trkpt lat="-20.058745" lon="-44.000789"><ele>1504.0</ele></trkpt>
   <trkpt lat="-20.058768" lon="-44.000770"><ele>1504.4</ele></trkpt>
   <trkpt lat="-20.058763" lon="-44.000777"><ele>1504.8</ele></trkpt>
   <trkpt lat="-20.058794" lon="-44.000792"><ele>1504.8</ele></trkpt>
   <trkpt lat="-20.058831" lon="-44.000794"><ele>1505.0</ele></trkpt>
   <trkpt lat="-20.058823" lon="-44.000768"><ele>1505.2</ele></trkpt>
   <trkpt lat="-20.058773" lon="-44.000741"><ele>1505.8</ele></trkpt>
   <trkpt lat="-20.058789" lon="-44.000659"><ele>1506.4</ele></trkpt>
   <trkpt lat="-20.059102" lon="-44.000005"><ele>1507.2</ele></trkpt>
   <trkpt lat="-20.059418" lon="-43.999481"><ele>1505.8</ele></trkpt>
   <trkpt lat="-20.059521" lon="-43.999281"><ele>1504.8</ele></trkpt>
   <trkpt lat="-20.059667" lon="-43.998967"><ele>1503.0</ele></trkpt>
   <trkpt lat="-20.059890" lon="-43.998420"><ele>1499.4</ele></trkpt>
   <trkpt lat="-20.059988" lon="-43.998301"><ele>1498.4</ele></trkpt>
   <trkpt lat="-20.060417" lon="-43.997910"><ele>1494.2</ele></trkpt>
   <trkpt lat="-20.060568" lon="-43.997697"><ele>1492.2</ele></trkpt>
   <trkpt lat="-20.061242" lon="-43.996442"><ele>1478.6</ele></trkpt>
   <trkpt lat="-20.061408" lon="-43.996165"><ele>1475.4</ele></trkpt>
   <trkpt lat="-20.061508" lon="-43.995962"><ele>1473.2</ele></trkpt>
   <trkpt lat="-20.061731" lon="-43.995568"><ele>1468.8</ele></trkpt>
   <trkpt lat="-20.062190" lon="-43.994645"><ele>1460.0</ele></trkpt>
   <trkpt lat="-20.062347" lon="-43.994407"><ele>1457.2</ele></trkpt>
   <trkpt lat="-20.062637" lon="-43.994107"><ele>1453.4</ele></trkpt>
   <trkpt lat="-20.062814" lon="-43.994007"><ele>1451.6</ele></trkpt>
   <trkpt lat="-20.063025" lon="-43.993801"><ele>1449.8</ele></trkpt>
   <trkpt lat="-20.063268" lon="-43.993593"><ele>1447.6</ele></trkpt>
   <trkpt lat="-20.063395" lon="-43.993508"><ele>1446.4</ele></trkpt>
   <trkpt lat="-20.063757" lon="-43.993358"><ele>1441.8</ele></trkpt>
   <trkpt lat="-20.064015" lon="-43.993191"><ele>1436.0</ele></trkpt>
   <trkpt lat="-20.064241" lon="-43.993020"><ele>1430.2</ele></trkpt>
   <trkpt lat="-20.064455" lon="-43.992828"><ele>1423.2</ele></trkpt>
   <trkpt lat="-20.064631" lon="-43.992719"><ele>1418.2</ele></trkpt>
   <trkpt lat="-20.064756" lon="-43.992617"><ele>1415.2</ele></trkpt>
   <trkpt lat="-20.064923" lon="-43.992527"><ele>1412.6</ele></trkpt>
   <trkpt lat="-20.065203" lon="-43.992336"><ele>1409.4</ele></trkpt>
   <trkpt lat="-20.065225" lon="-43.992304"><ele>1408.6</ele></trkpt>
   <trkpt lat="-20.065240" lon="-43.992225"><ele>1406.8</ele></trkpt>
   <trkpt lat="-20.065330" lon="-43.992152"><ele>1405.2</ele></trkpt>
   <trkpt lat="-20.065439" lon="-43.992106"><ele>1403.8</ele></trkpt>
   <trkpt lat="-20.065732" lon="-43.992017"><ele>1400.6</ele></trkpt>
   <trkpt lat="-20.065885" lon="-43.992018"><ele>1399.0</ele></trkpt>
   <trkpt lat="-20.066212" lon="-43.992069"><ele>1396.0</ele></trkpt>
   <trkpt lat="-20.066295" lon="-43.992072"><ele>1395.2</ele></trkpt>
   <trkpt lat="-20.066374" lon="-43.992056"><ele>1394.6</ele></trkpt>
   <trkpt lat="-20.066904" lon="-43.991777"><ele>1391.8</ele></trkpt>
   <trkpt lat="-20.067282" lon="-43.991544"><ele>1390.6</ele></trkpt>
   <trkpt lat="-20.067436" lon="-43.991464"><ele>1390.2</ele></trkpt>
   <trkpt lat="-20.067767" lon="-43.991312"><ele>1389.4</ele></trkpt>
   <trkpt lat="-20.068013" lon="-43.991220"><ele>1389.0</ele></trkpt>
   <trkpt lat="-20.068174" lon="-43.991178"><ele>1389.0</ele></trkpt>
   <trkpt lat="-20.068464" lon="-43.991148"><ele>1390.0</ele></trkpt>
   <trkpt lat="-20.068497" lon="-43.991162"><ele>1390.8</ele></trkpt>
   <trkpt lat="-20.068545" lon="-43.991128"><ele>1392.4</ele></trkpt>
   <trkpt lat="-20.068593" lon="-43.991125"><ele>1393.8</ele></trkpt>
   <trkpt lat="-20.068668" lon="-43.991091"><ele>1394.6</ele></trkpt>
   <trkpt lat="-20.068791" lon="-43.991076"><ele>1396.0</ele></trkpt>
   <trkpt lat="-20.068847" lon="-43.991095"><ele>1397.0</ele></trkpt>
   <trkpt lat="-20.068947" lon="-43.991163"><ele>1399.4</ele></trkpt>
   <trkpt lat="-20.069150" lon="-43.991168"><ele>1403.0</ele></trkpt>
   <trkpt lat="-20.069254" lon="-43.991286"><ele>1406.4</ele></trkpt>
   <trkpt lat="-20.069367" lon="-43.991330"><ele>1408.8</ele></trkpt>
   <trkpt lat="-20.069430" lon="-43.991333"><ele>1409.6</ele></trkpt>
   <trkpt lat="-20.069584" lon="-43.991288"><ele>1411.4</ele></trkpt>
   <trkpt lat="-20.069772" lon="-43.991298"><ele>1413.2</ele></trkpt>
   <trkpt lat="-20.069812" lon="-43.991334"><ele>1414.0</ele></trkpt>
   <trkpt lat="-20.069853" lon="-43.991441"><ele>1415.6</ele></trkpt>
   <trkpt lat="-20.070133" lon="-43.991977"><ele>1424.6</ele></trkpt>
   <trkpt lat="-20.070218" lon="-43.992108"><ele>1426.8</ele></trkpt>
   <trkpt lat="-20.070349" lon="-43.992261"><ele>1429.0</ele></trkpt>
   <trkpt lat="-20.070409" lon="-43.992353"><ele>1430.4</ele></trkpt>
   <trkpt lat="-20.070405" lon="-43.992327"><ele>1430.6</ele></trkpt>
   <trkpt lat="-20.070391" lon="-43.992335"><ele>1431.0</ele></trkpt>
   <trkpt lat="-20.070406" lon="-43.992383"><ele>1432.6</ele></trkpt>
   <trkpt lat="-20.070469" lon="-43.992449"><ele>1433.4</ele></trkpt>
   <trkpt lat="-20.070554" lon="-43.992500"><ele>1434.2</ele></trkpt>
   <trkpt lat="-20.070651" lon="-43.992528"><ele>1435.2</ele></trkpt>
   <trkpt lat="-20.071083" lon="-43.992483"><ele>1438.4</ele></trkpt>
   <trkpt lat="-20.071123" lon="-43.992489"><ele>1438.8</ele></trkpt>
   <trkpt lat="-20.071239" lon="-43.992546"><ele>1439.4</ele></trkpt>
   <trkpt lat="-20.071493" lon="-43.992744"><ele>1439.8</ele></trkpt>
   <trkpt lat="-20.071689" lon="-43.992961"><ele>1436.4</ele></trkpt>
   <trkpt lat="-20.071796" lon="-43.993104"><ele>1434.6</ele></trkpt>
   <trkpt lat="-20.071895" lon="-43.993183"><ele>1433.6</ele></trkpt>
   <trkpt lat="-20.072415" lon="-43.993508"><ele>1431.6</ele></trkpt>
   <trkpt lat="-20.072821" lon="-43.993744"><ele>1431.6</ele></trkpt>
   <trkpt lat="-20.073184" lon="-43.993903"><ele>1432.0</ele></trkpt>
   <trkpt lat="-20.073394" lon="-43.994076"><ele>1432.8</ele></trkpt>
   <trkpt lat="-20.073461" lon="-43.994094"><ele>1433.2</ele></trkpt>
   <trkpt lat="-20.073581" lon="-43.994080"><ele>1433.6</ele></trkpt>
   <trkpt lat="-20.073874" lon="-43.993960"><ele>1433.8</ele></trkpt>
   <trkpt lat="-20.074239" lon="-43.993855"><ele>1433.0</ele></trkpt>
   <trkpt lat="-20.074458" lon="-43.993816"><ele>1432.2</ele></trkpt>
   <trkpt lat="-20.074584" lon="-43.993820"><ele>1431.6</ele></trkpt>
   <trkpt lat="-20.074715" lon="-43.993859"><ele>1431.0</ele></trkpt>
   <trkpt lat="-20.074773" lon="-43.993894"><ele>1430.8</ele></trkpt>
   <trkpt lat="-20.075164" lon="-43.994194"><ele>1427.6</ele></trkpt>
   <trkpt lat="-20.075811" lon="-43.994606"><ele>1424.6</ele></trkpt>
   <trkpt lat="-20.075923" lon="-43.994645"><ele>1424.2</ele></trkpt>
   <trkpt lat="-20.076033" lon="-43.994664"><ele>1424.0</ele></trkpt>
   <trkpt lat="-20.076220" lon="-43.994671"><ele>1424.0</ele></trkpt>
   <trkpt lat="-20.076296" lon="-43.994660"><ele>1424.0</ele></trkpt>
   <trkpt lat="-20.076732" lon="-43.994494"><ele>1425.6</ele></trkpt>
   <trkpt lat="-20.076941" lon="-43.994434"><ele>1427.0</ele></trkpt>
   <trkpt lat="-20.077577" lon="-43.994188"><ele>1432.2</ele></trkpt>
   <trkpt lat="-20.077849" lon="-43.994039"><ele>1433.6</ele></trkpt>
   <trkpt lat="-20.077946" lon="-43.994001"><ele>1434.0</ele></trkpt>
   <trkpt lat="-20.078096" lon="-43.993979"><ele>1434.6</ele></trkpt>
   <trkpt lat="-20.078432" lon="-43.993991"><ele>1435.8</ele></trkpt>
   <trkpt lat="-20.078623" lon="-43.993958"><ele>1436.8</ele></trkpt>
   <trkpt lat="-20.078687" lon="-43.993928"><ele>1437.2</ele></trkpt>
   <trkpt lat="-20.078867" lon="-43.993751"><ele>1438.6</ele></trkpt>
   <trkpt lat="-20.079037" lon="-43.993631"><ele>1439.4</ele></trkpt>
   <trkpt lat="-20.081691" lon="-43.991540"><ele>1439.6</ele></trkpt>
   <trkpt lat="-20.082244" lon="-43.991125"><ele>1438.8</ele></trkpt>
   <trkpt lat="-20.082810" lon="-43.990657"><ele>1439.2</ele></trkpt>
   <trkpt lat="-20.083511" lon="-43.990117"><ele>1439.8</ele></trkpt>
   <trkpt lat="-20.083525" lon="-43.990107"><ele>1439.8</ele></trkpt>
   <trkpt lat="-20.083512" lon="-43.990121"><ele>1439.8</ele></trkpt>
   <trkpt lat="-20.083537" lon="-43.990119"><ele>1439.8</ele></trkpt>
   <trkpt lat="-20.083564" lon="-43.989971"><ele>1439.6</ele></trkpt>
   <trkpt lat="-20.083556" lon="-43.989821"><ele>1439.6</ele></trkpt>
   <trkpt lat="-20.083569" lon="-43.989769"><ele>1439.6</ele></trkpt>
   <trkpt lat="-20.083740" lon="-43.989578"><ele>1439.6</ele></trkpt>
   <trkpt lat="-20.083763" lon="-43.989558"><ele>1439.6</ele></trkpt>
   <trkpt lat="-20.083763" lon="-43.989569"><ele>1439.8</ele></trkpt>
   <trkpt lat="-20.083802" lon="-43.989567"><ele>1439.6</ele></trkpt>
   <trkpt lat="-20.083839" lon="-43.989508"><ele>1439.6</ele></trkpt>
   <trkpt lat="-20.083855" lon="-43.989441"><ele>1439.2</ele></trkpt>
   <trkpt lat="-20.083859" lon="-43.989239"><ele>1438.8</ele></trkpt>
   <trkpt lat="-20.083895" lon="-43.989169"><ele>1438.4</ele></trkpt>
   <trkpt lat="-20.083929" lon="-43.989136"><ele>1438.4</ele></trkpt>
   <trkpt lat="-20.084746" lon="-43.988505"><ele>1436.0</ele></trkpt>
   <trkpt lat="-20.084981" lon="-43.988354"><ele>1435.6</ele></trkpt>
   <trkpt lat="-20.085100" lon="-43.988230"><ele>1435.6</ele></trkpt>
   <trkpt lat="-20.085249" lon="-43.988109"><ele>1435.4</ele></trkpt>
   <trkpt lat="-20.085415" lon="-43.987991"><ele>1435.6</ele></trkpt>
   <trkpt lat="-20.086055" lon="-43.987482"><ele>1436.8</ele></trkpt>
   <trkpt lat="-20.086212" lon="-43.987376"><ele>1437.4</ele></trkpt>
   <trkpt lat="-20.086499" lon="-43.987139"><ele>1438.8</ele></trkpt>
   <trkpt lat="-20.087228" lon="-43.986575"><ele>1443.4</ele></trkpt>
   <trkpt lat="-20.087440" lon="-43.986387"><ele>1445.0</ele></trkpt>
   <trkpt lat="-20.087729" lon="-43.986179"><ele>1447.8</ele></trkpt>
   <trkpt lat="-20.088408" lon="-43.985651"><ele>1454.6</ele></trkpt>
   <trkpt lat="-20.088650" lon="-43.985445"><ele>1456.8</ele></trkpt>
   <trkpt lat="-20.088763" lon="-43.985285"><ele>1458.4</ele></trkpt>
   <trkpt lat="-20.088841" lon="-43.985207"><ele>1459.2</ele></trkpt>
   <trkpt lat="-20.089189" lon="-43.984964"><ele>1463.8</ele></trkpt>
   <trkpt lat="-20.089376" lon="-43.984888"><ele>1466.0</ele></trkpt>
   <trkpt lat="-20.089668" lon="-43.984743"><ele>1469.8</ele></trkpt>
   <trkpt lat="-20.090748" lon="-43.984177"><ele>1478.2</ele></trkpt>
   <trkpt lat="-20.091691" lon="-43.983701"><ele>1485.2</ele></trkpt>
   <trkpt lat="-20.092139" lon="-43.983526"><ele>1488.0</ele></trkpt>
   <trkpt lat="-20.092427" lon="-43.983466"><ele>1489.4</ele></trkpt>
   <trkpt lat="-20.092646" lon="-43.983457"><ele>1490.4</ele></trkpt>
   <trkpt lat="-20.092926" lon="-43.983480"><ele>1491.4</ele></trkpt>
   <trkpt lat="-20.093310" lon="-43.983550"><ele>1492.2</ele></trkpt>
   <trkpt lat="-20.094216" lon="-43.983646"><ele>1491.6</ele></trkpt>
   <trkpt lat="-20.094401" lon="-43.983648"><ele>1491.0</ele></trkpt>
   <trkpt lat="-20.095152" lon="-43.983583"><ele>1488.4</ele></trkpt>
   <trkpt lat="-20.095475" lon="-43.983600"><ele>1487.2</ele></trkpt>
   <trkpt lat="-20.095707" lon="-43.983666"><ele>1486.4</ele></trkpt>
   <trkpt lat="-20.096019" lon="-43.983790"><ele>1485.0</ele></trkpt>
   <trkpt lat="-20.096488" lon="-43.984056"><ele>1482.4</ele></trkpt>
   <trkpt lat="-20.096941" lon="-43.984344"><ele>1479.2</ele></trkpt>
   <trkpt lat="-20.097206" lon="-43.984471"><ele>1477.0</ele></trkpt>
   <trkpt lat="-20.097501" lon="-43.984583"><ele>1474.6</ele></trkpt>
   <trkpt lat="-20.097607" lon="-43.984607"><ele>1473.8</ele></trkpt>
   <trkpt lat="-20.097831" lon="-43.984631"><ele>1472.0</ele></trkpt>
   <trkpt lat="-20.098959" lon="-43.984642"><ele>1463.6</ele></trkpt>
   <trkpt lat="-20.099335" lon="-43.984662"><ele>1461.2</ele></trkpt>
   <trkpt lat="-20.100043" lon="-43.984670"><ele>1456.8</ele></trkpt>
   <trkpt lat="-20.100274" lon="-43.984695"><ele>1455.6</ele></trkpt>
   <trkpt lat="-20.100385" lon="-43.984731"><ele>1455.0</ele></trkpt>
   <trkpt lat="-20.100493" lon="-43.984786"><ele>1454.6</ele></trkpt>
   <trkpt lat="-20.100907" lon="-43.985041"><ele>1453.2</ele></trkpt>
   <trkpt lat="-20.101107" lon="-43.985149"><ele>1453.0</ele></trkpt>
   <trkpt lat="-20.101960" lon="-43.985557"><ele>1454.2</ele></trkpt>
   <trkpt lat="-20.102396" lon="-43.985688"><ele>1456.6</ele></trkpt>
   <trkpt lat="-20.102598" lon="-43.985726"><ele>1458.0</ele></trkpt>
   <trkpt lat="-20.102741" lon="-43.985738"><ele>1459.0</ele></trkpt>
   <trkpt lat="-20.103084" lon="-43.985719"><ele>1461.6</ele></trkpt>
   <trkpt lat="-20.103207" lon="-43.985700"><ele>1462.4</ele></trkpt>
   <trkpt lat="-20.103451" lon="-43.985634"><ele>1463.4</ele></trkpt>
   <trkpt lat="-20.104082" lon="-43.985410"><ele>1464.4</ele></trkpt>
   <trkpt lat="-20.104384" lon="-43.985325"><ele>1464.6</ele></trkpt>
   <trkpt lat="-20.104842" lon="-43.985233"><ele>1464.2</ele></trkpt>
   <trkpt lat="-20.105263" lon="-43.985172"><ele>1462.4</ele></trkpt>
   <trkpt lat="-20.105639" lon="-43.985081"><ele>1460.6</ele></trkpt>
   <trkpt lat="-20.106124" lon="-43.985009"><ele>1458.6</ele></trkpt>
   <trkpt lat="-20.106691" lon="-43.984884"><ele>1456.0</ele></trkpt>
   <trkpt lat="-20.107092" lon="-43.984824"><ele>1454.2</ele></trkpt>
   <trkpt lat="-20.107416" lon="-43.984732"><ele>1452.8</ele></trkpt>
   <trkpt lat="-20.107502" lon="-43.984721"><ele>1452.6</ele></trkpt>
   <trkpt lat="-20.107587" lon="-43.984728"><ele>1452.2</ele></trkpt>
   <trkpt lat="-20.107918" lon="-43.984782"><ele>1451.0</ele></trkpt>
   <trkpt lat="-20.108001" lon="-43.984780"><ele>1450.6</ele></trkpt>
   <trkpt lat="-20.108173" lon="-43.984743"><ele>1450.2</ele></trkpt>
   <trkpt lat="-20.108526" lon="-43.984601"><ele>1449.2</ele></trkpt>
   <trkpt lat="-20.108610" lon="-43.984549"><ele>1449.0</ele></trkpt>
   <trkpt lat="-20.108924" lon="-43.984304"><ele>1448.2</ele></trkpt>
   <trkpt lat="-20.109191" lon="-43.984149"><ele>1447.8</ele></trkpt>
   <trkpt lat="-20.110287" lon="-43.983598"><ele>1447.8</ele></trkpt>
   <trkpt lat="-20.110446" lon="-43.983544"><ele>1448.2</ele></trkpt>
   <trkpt lat="-20.110606" lon="-43.983526"><ele>1448.6</ele></trkpt>
   <trkpt lat="-20.110752" lon="-43.983533"><ele>1449.0</ele></trkpt>
   <trkpt lat="-20.110933" lon="-43.983573"><ele>1449.8</ele></trkpt>
   <trkpt lat="-20.111237" lon="-43.983670"><ele>1452.0</ele></trkpt>
   <trkpt lat="-20.111561" lon="-43.983719"><ele>1454.4</ele></trkpt>
   <trkpt lat="-20.111660" lon="-43.983714"><ele>1455.2</ele></trkpt>
   <trkpt lat="-20.111748" lon="-43.983693"><ele>1456.2</ele></trkpt>
   <trkpt lat="-20.112064" lon="-43.983526"><ele>1460.6</ele></trkpt>
   <trkpt lat="-20.112257" lon="-43.983456"><ele>1463.2</ele></trkpt>
   <trkpt lat="-20.112353" lon="-43.983436"><ele>1464.2</ele></trkpt>
   <trkpt lat="-20.112483" lon="-43.983440"><ele>1465.2</ele></trkpt>
   <trkpt lat="-20.112724" lon="-43.983477"><ele>1466.4</ele></trkpt>
   <trkpt lat="-20.113233" lon="-43.983526"><ele>1467.4</ele></trkpt>
   <trkpt lat="-20.113752" lon="-43.983546"><ele>1468.6</ele></trkpt>
   <trkpt lat="-20.113939" lon="-43.983497"><ele>1469.4</ele></trkpt>
   <trkpt lat="-20.114183" lon="-43.983387"><ele>1471.0</ele></trkpt>
   <trkpt lat="-20.114391" lon="-43.983281"><ele>1472.8</ele></trkpt>
   <trkpt lat="-20.114705" lon="-43.983070"><ele>1476.2</ele></trkpt>
   <trkpt lat="-20.114853" lon="-43.983013"><ele>1477.6</ele></trkpt>
   <trkpt lat="-20.114938" lon="-43.982998"><ele>1478.2</ele></trkpt>
   <trkpt lat="-20.115046" lon="-43.983032"><ele>1478.8</ele></trkpt>
   <trkpt lat="-20.115308" lon="-43.983245"><ele>1479.8</ele></trkpt>
   <trkpt lat="-20.115385" lon="-43.983282"><ele>1479.8</ele></trkpt>
   <trkpt lat="-20.115478" lon="-43.983302"><ele>1479.8</ele></trkpt>
   <trkpt lat="-20.115674" lon="-43.983284"><ele>1479.6</ele></trkpt>
   <trkpt lat="-20.115991" lon="-43.983179"><ele>1478.8</ele></trkpt>
   <trkpt lat="-20.116375" lon="-43.983186"><ele>1477.4</ele></trkpt>
   <trkpt lat="-20.116499" lon="-43.983157"><ele>1476.8</ele></trkpt>
   <trkpt lat="-20.116626" lon="-43.983103"><ele>1476.2</ele></trkpt>
   <trkpt lat="-20.117043" lon="-43.982845"><ele>1474.6</ele></trkpt>
   <trkpt lat="-20.117619" lon="-43.982616"><ele>1473.6</ele></trkpt>
   <trkpt lat="-20.117847" lon="-43.982539"><ele>1473.4</ele></trkpt>
   <trkpt lat="-20.118064" lon="-43.982436"><ele>1473.4</ele></trkpt>
   <trkpt lat="-20.118822" lon="-43.981934"><ele>1472.4</ele></trkpt>
   <trkpt lat="-20.119387" lon="-43.981636"><ele>1470.6</ele></trkpt>
   <trkpt lat="-20.119880" lon="-43.981449"><ele>1469.0</ele></trkpt>
   <trkpt lat="-20.120476" lon="-43.981102"><ele>1467.2</ele></trkpt>
   <trkpt lat="-20.120704" lon="-43.981013"><ele>1466.4</ele></trkpt>
   <trkpt lat="-20.120937" lon="-43.980961"><ele>1465.6</ele></trkpt>
   <trkpt lat="-20.121263" lon="-43.980863"><ele>1464.6</ele></trkpt>
   <trkpt lat="-20.121701" lon="-43.980793"><ele>1463.4</ele></trkpt>
   <trkpt lat="-20.121899" lon="-43.980779"><ele>1463.0</ele></trkpt>
   <trkpt lat="-20.122088" lon="-43.980738"><ele>1462.6</ele></trkpt>
   <trkpt lat="-20.122472" lon="-43.980568"><ele>1462.2</ele></trkpt>
   <trkpt lat="-20.122696" lon="-43.980438"><ele>1462.2</ele></trkpt>
   <trkpt lat="-20.123133" lon="-43.980044"><ele>1463.2</ele></trkpt>
   <trkpt lat="-20.123261" lon="-43.979881"><ele>1463.8</ele></trkpt>
   <trkpt lat="-20.123305" lon="-43.979785"><ele>1464.0</ele></trkpt>
   <trkpt lat="-20.123430" lon="-43.979373"><ele>1465.0</ele></trkpt>
   <trkpt lat="-20.123453" lon="-43.979019"><ele>1465.0</ele></trkpt>
   <trkpt lat="-20.123477" lon="-43.978848"><ele>1464.8</ele></trkpt>
   <trkpt lat="-20.123506" lon="-43.978748"><ele>1464.6</ele></trkpt>
   <trkpt lat="-20.123590" lon="-43.978622"><ele>1464.2</ele></trkpt>
   <trkpt lat="-20.123710" lon="-43.978509"><ele>1463.4</ele></trkpt>
   <trkpt lat="-20.123814" lon="-43.978441"><ele>1463.0</ele></trkpt>
   <trkpt lat="-20.123929" lon="-43.978402"><ele>1462.4</ele></trkpt>
   <trkpt lat="-20.123992" lon="-43.978396"><ele>1462.2</ele></trkpt>
   <trkpt lat="-20.124498" lon="-43.978447"><ele>1460.6</ele></trkpt>
   <trkpt lat="-20.124660" lon="-43.978495"><ele>1460.0</ele></trkpt>
   <trkpt lat="-20.124959" lon="-43.978620"><ele>1458.8</ele></trkpt>
   <trkpt lat="-20.125037" lon="-43.978632"><ele>1458.4</ele></trkpt>
   <trkpt lat="-20.125192" lon="-43.978628"><ele>1457.8</ele></trkpt>
   <trkpt lat="-20.125260" lon="-43.978650"><ele>1457.4</ele></trkpt>
   <trkpt lat="-20.125442" lon="-43.978767"><ele>1456.4</ele></trkpt>
   <trkpt lat="-20.125515" lon="-43.978771"><ele>1456.0</ele></trkpt>
   <trkpt lat="-20.125975" lon="-43.978682"><ele>1454.2</ele></trkpt>
   <trkpt lat="-20.126120" lon="-43.978668"><ele>1453.6</ele></trkpt>
   <trkpt lat="-20.126408" lon="-43.978696"><ele>1453.0</ele></trkpt>
   <trkpt lat="-20.126686" lon="-43.978742"><ele>1452.6</ele></trkpt>
   <trkpt lat="-20.126821" lon="-43.978741"><ele>1452.4</ele></trkpt>
   <trkpt lat="-20.126885" lon="-43.978720"><ele>1452.4</ele></trkpt>
   <trkpt lat="-20.127065" lon="-43.978621"><ele>1452.6</ele></trkpt>
   <trkpt lat="-20.127411" lon="-43.978359"><ele>1453.4</ele></trkpt>
   <trkpt lat="-20.127885" lon="-43.978096"><ele>1455.6</ele></trkpt>
   <trkpt lat="-20.128171" lon="-43.977969"><ele>1456.8</ele></trkpt>
   <trkpt lat="-20.128378" lon="-43.977896"><ele>1457.4</ele></trkpt>
   <trkpt lat="-20.128775" lon="-43.977713"><ele>1458.6</ele></trkpt>
   <trkpt lat="-20.129060" lon="-43.977633"><ele>1459.4</ele></trkpt>
   <trkpt lat="-20.129344" lon="-43.977477"><ele>1460.8</ele></trkpt>
   <trkpt lat="-20.129533" lon="-43.977391"><ele>1462.6</ele></trkpt>
   <trkpt lat="-20.129785" lon="-43.977327"><ele>1465.4</ele></trkpt>
   <trkpt lat="-20.130073" lon="-43.977224"><ele>1468.2</ele></trkpt>
   <trkpt lat="-20.130851" lon="-43.976860"><ele>1475.6</ele></trkpt>
   <trkpt lat="-20.131030" lon="-43.976694"><ele>1478.2</ele></trkpt>
   <trkpt lat="-20.131307" lon="-43.976398"><ele>1483.2</ele></trkpt>
   <trkpt lat="-20.131457" lon="-43.976265"><ele>1486.0</ele></trkpt>
   <trkpt lat="-20.131659" lon="-43.976016"><ele>1490.6</ele></trkpt>
   <trkpt lat="-20.131710" lon="-43.975972"><ele>1491.6</ele></trkpt>
   <trkpt lat="-20.131732" lon="-43.975929"><ele>1492.4</ele></trkpt>
   <trkpt lat="-20.131737" lon="-43.975892"><ele>1493.0</ele></trkpt>
   <trkpt lat="-20.131727" lon="-43.975891"><ele>1493.2</ele></trkpt>
   <trkpt lat="-20.131804" lon="-43.975838"><ele>1495.0</ele></trkpt>
   <trkpt lat="-20.131855" lon="-43.975774"><ele>1495.8</ele></trkpt>
   <trkpt lat="-20.131867" lon="-43.975646"><ele>1497.0</ele></trkpt>
   <trkpt lat="-20.131896" lon="-43.975584"><ele>1497.6</ele></trkpt>
   <trkpt lat="-20.132101" lon="-43.975337"><ele>1499.6</ele></trkpt>
   <trkpt lat="-20.132298" lon="-43.975141"><ele>1501.0</ele></trkpt>
   <trkpt lat="-20.132496" lon="-43.974998"><ele>1501.8</ele></trkpt>
   <trkpt lat="-20.132760" lon="-43.974715"><ele>1503.0</ele></trkpt>
   <trkpt lat="-20.132856" lon="-43.974637"><ele>1503.4</ele></trkpt>
   <trkpt lat="-20.133014" lon="-43.974546"><ele>1504.4</ele></trkpt>
   <trkpt lat="-20.133120" lon="-43.974507"><ele>1505.0</ele></trkpt>
   <trkpt lat="-20.133207" lon="-43.974498"><ele>1505.4</ele></trkpt>
   <trkpt lat="-20.133362" lon="-43.974584"><ele>1506.6</ele></trkpt>
   <trkpt lat="-20.133703" lon="-43.974687"><ele>1506.6</ele></trkpt>
   <trkpt lat="-20.133869" lon="-43.974760"><ele>1505.2</ele></trkpt>
   <trkpt lat="-20.134032" lon="-43.974785"><ele>1503.6</ele></trkpt>
   <trkpt lat="-20.134415" lon="-43.974797"><ele>1500.0</ele></trkpt>
   <trkpt lat="-20.134614" lon="-43.974835"><ele>1498.0</ele></trkpt>
   <trkpt lat="-20.134716" lon="-43.974821"><ele>1496.6</ele></trkpt>
   <trkpt lat="-20.134762" lon="-43.974802"><ele>1496.0</ele></trkpt>
   <trkpt lat="-20.134972" lon="-43.974623"><ele>1492.8</ele></trkpt>
   <trkpt lat="-20.135080" lon="-43.974578"><ele>1491.6</ele></trkpt>
   <trkpt lat="-20.135204" lon="-43.974547"><ele>1490.4</ele></trkpt>
   <trkpt lat="-20.135465" lon="-43.974520"><ele>1487.8</ele></trkpt>
   <trkpt lat="-20.135865" lon="-43.974507"><ele>1482.8</ele></trkpt>
   <trkpt lat="-20.136060" lon="-43.974458"><ele>1480.6</ele></trkpt>
   <trkpt lat="-20.136275" lon="-43.974426"><ele>1478.4</ele></trkpt>
   <trkpt lat="-20.136505" lon="-43.974457"><ele>1475.8</ele></trkpt>
   <trkpt lat="-20.136633" lon="-43.974453"><ele>1474.4</ele></trkpt>
   <trkpt lat="-20.137120" lon="-43.974349"><ele>1470.8</ele></trkpt>
   <trkpt lat="-20.137645" lon="-43.974284"><ele>1468.0</ele></trkpt>
   <trkpt lat="-20.137785" lon="-43.974235"><ele>1467.8</ele></trkpt>
   <trkpt lat="-20.137840" lon="-43.974175"><ele>1468.0</ele></trkpt>
   <trkpt lat="-20.137869" lon="-43.974107"><ele>1468.4</ele></trkpt>
   <trkpt lat="-20.137984" lon="-43.973701"><ele>1472.4</ele></trkpt>
   <trkpt lat="-20.138032" lon="-43.973650"><ele>1473.2</ele></trkpt>
   <trkpt lat="-20.138189" lon="-43.973549"><ele>1475.2</ele></trkpt>
   <trkpt lat="-20.138310" lon="-43.973450"><ele>1477.2</ele></trkpt>
   <trkpt lat="-20.138370" lon="-43.973387"><ele>1478.8</ele></trkpt>
   <trkpt lat="-20.138468" lon="-43.973249"><ele>1481.0</ele></trkpt>
   <trkpt lat="-20.138505" lon="-43.973243"><ele>1483.0</ele></trkpt>
   <trkpt lat="-20.138563" lon="-43.973210"><ele>1484.4</ele></trkpt>
   <trkpt lat="-20.138682" lon="-43.972854"><ele>1491.2</ele></trkpt>
   <trkpt lat="-20.138694" lon="-43.972662"><ele>1493.6</ele></trkpt>
   <trkpt lat="-20.138665" lon="-43.972460"><ele>1495.4</ele></trkpt>
   <trkpt lat="-20.138662" lon="-43.972202"><ele>1497.4</ele></trkpt>
   <trkpt lat="-20.138645" lon="-43.971995"><ele>1498.8</ele></trkpt>
   <trkpt lat="-20.138687" lon="-43.971854"><ele>1499.6</ele></trkpt>
   <trkpt lat="-20.138689" lon="-43.971793"><ele>1499.8</ele></trkpt>
   <trkpt lat="-20.138667" lon="-43.971732"><ele>1500.2</ele></trkpt>
   <trkpt lat="-20.138563" lon="-43.971592"><ele>1500.8</ele></trkpt>
   <trkpt lat="-20.138525" lon="-43.971511"><ele>1501.2</ele></trkpt>
   <trkpt lat="-20.138522" lon="-43.971465"><ele>1501.4</ele></trkpt>
   <trkpt lat="-20.138547" lon="-43.971383"><ele>1501.6</ele></trkpt>
   <trkpt lat="-20.138544" lon="-43.971313"><ele>1501.6</ele></trkpt>
   <trkpt lat="-20.138479" lon="-43.971119"><ele>1501.2</ele></trkpt>
   <trkpt lat="-20.138401" lon="-43.971042"><ele>1500.8</ele></trkpt>
   <trkpt lat="-20.138178" lon="-43.970916"><ele>1499.8</ele></trkpt>
   <trkpt lat="-20.138141" lon="-43.970846"><ele>1499.4</ele></trkpt>
   <trkpt lat="-20.138137" lon="-43.970740"><ele>1498.8</ele></trkpt>
   <trkpt lat="-20.138204" lon="-43.970485"><ele>1496.8</ele></trkpt>
   <trkpt lat="-20.138215" lon="-43.970397"><ele>1496.0</ele></trkpt>
   <trkpt lat="-20.138185" lon="-43.970193"><ele>1494.4</ele></trkpt>
   <trkpt lat="-20.138165" lon="-43.969919"><ele>1491.6</ele></trkpt>
   <trkpt lat="-20.138141" lon="-43.969804"><ele>1490.4</ele></trkpt>
   <trkpt lat="-20.138068" lon="-43.969563"><ele>1487.4</ele></trkpt>
   <trkpt lat="-20.138025" lon="-43.969479"><ele>1486.0</ele></trkpt>
   <trkpt lat="-20.137936" lon="-43.969353"><ele>1483.4</ele></trkpt>
   <trkpt lat="-20.137776" lon="-43.969212"><ele>1479.4</ele></trkpt>
   <trkpt lat="-20.137736" lon="-43.969113"><ele>1477.8</ele></trkpt>
   <trkpt lat="-20.137746" lon="-43.969040"><ele>1476.6</ele></trkpt>
   <trkpt lat="-20.137826" lon="-43.968880"><ele>1473.2</ele></trkpt>
   <trkpt lat="-20.137837" lon="-43.968886"><ele>1472.6</ele></trkpt>
   <trkpt lat="-20.137968" lon="-43.968750"><ele>1471.4</ele></trkpt>
   <trkpt lat="-20.138227" lon="-43.968403"><ele>1469.8</ele></trkpt>
   <trkpt lat="-20.138362" lon="-43.968257"><ele>1469.2</ele></trkpt>
   <trkpt lat="-20.138429" lon="-43.968165"><ele>1468.6</ele></trkpt>
   <trkpt lat="-20.138524" lon="-43.967971"><ele>1467.4</ele></trkpt>
   <trkpt lat="-20.138549" lon="-43.967752"><ele>1465.8</ele></trkpt>
   <trkpt lat="-20.138646" lon="-43.967709"><ele>1465.0</ele></trkpt>
   <trkpt lat="-20.138915" lon="-43.967671"><ele>1462.6</ele></trkpt>
   <trkpt lat="-20.139181" lon="-43.967343"><ele>1459.0</ele></trkpt>
   <trkpt lat="-20.139399" lon="-43.967252"><ele>1456.6</ele></trkpt>
   <trkpt lat="-20.139520" lon="-43.967126"><ele>1454.8</ele></trkpt>
   <trkpt lat="-20.139584" lon="-43.967125"><ele>1453.8</ele></trkpt>
   <trkpt lat="-20.139719" lon="-43.967265"><ele>1451.2</ele></trkpt>
   <trkpt lat="-20.139771" lon="-43.967273"><ele>1450.6</ele></trkpt>
   <trkpt lat="-20.139815" lon="-43.967249"><ele>1450.0</ele></trkpt>
   <trkpt lat="-20.139824" lon="-43.967187"><ele>1449.2</ele></trkpt>
   <trkpt lat="-20.139765" lon="-43.966999"><ele>1447.2</ele></trkpt>
   <trkpt lat="-20.139640" lon="-43.966768"><ele>1444.0</ele></trkpt>
   <trkpt lat="-20.139634" lon="-43.966695"><ele>1443.0</ele></trkpt>
   <trkpt lat="-20.139657" lon="-43.966624"><ele>1442.0</ele></trkpt>
   <trkpt lat="-20.139713" lon="-43.966578"><ele>1441.0</ele></trkpt>
   <trkpt lat="-20.139852" lon="-43.966507"><ele>1438.8</ele></trkpt>
   <trkpt lat="-20.139979" lon="-43.966472"><ele>1437.0</ele></trkpt>
   <trkpt lat="-20.140125" lon="-43.966308"><ele>1435.4</ele></trkpt>
   <trkpt lat="-20.140350" lon="-43.966142"><ele>1434.2</ele></trkpt>
   <trkpt lat="-20.140488" lon="-43.966022"><ele>1433.6</ele></trkpt>
   <trkpt lat="-20.140589" lon="-43.965908"><ele>1433.0</ele></trkpt>
   <trkpt lat="-20.140655" lon="-43.965802"><ele>1432.4</ele></trkpt>
   <trkpt lat="-20.140795" lon="-43.965627"><ele>1431.2</ele></trkpt>
   <trkpt lat="-20.140985" lon="-43.965440"><ele>1429.0</ele></trkpt>
   <trkpt lat="-20.141081" lon="-43.965281"><ele>1427.4</ele></trkpt>
   <trkpt lat="-20.141099" lon="-43.965127"><ele>1425.4</ele></trkpt>
   <trkpt lat="-20.141126" lon="-43.965067"><ele>1424.4</ele></trkpt>
   <trkpt lat="-20.141241" lon="-43.964963"><ele>1421.6</ele></trkpt>
   <trkpt lat="-20.141296" lon="-43.964875"><ele>1420.0</ele></trkpt>
   <trkpt lat="-20.141352" lon="-43.964823"><ele>1419.0</ele></trkpt>
   <trkpt lat="-20.141441" lon="-43.964786"><ele>1417.8</ele></trkpt>
   <trkpt lat="-20.141530" lon="-43.964768"><ele>1416.8</ele></trkpt>
   <trkpt lat="-20.141717" lon="-43.964779"><ele>1414.2</ele></trkpt>
   <trkpt lat="-20.141989" lon="-43.964732"><ele>1412.6</ele></trkpt>
   <trkpt lat="-20.142504" lon="-43.964497"><ele>1409.8</ele></trkpt>
   <trkpt lat="-20.143014" lon="-43.964365"><ele>1406.0</ele></trkpt>
   <trkpt lat="-20.143208" lon="-43.964359"><ele>1405.0</ele></trkpt>
   <trkpt lat="-20.143312" lon="-43.964259"><ele>1404.4</ele></trkpt>
   <trkpt lat="-20.143338" lon="-43.964252"><ele>1404.4</ele></trkpt>
   <trkpt lat="-20.143483" lon="-43.964303"><ele>1404.4</ele></trkpt>
   <trkpt lat="-20.143542" lon="-43.964302"><ele>1404.6</ele></trkpt>
   <trkpt lat="-20.143708" lon="-43.964202"><ele>1406.4</ele></trkpt>
   <trkpt lat="-20.143854" lon="-43.964065"><ele>1408.8</ele></trkpt>
   <trkpt lat="-20.143919" lon="-43.964028"><ele>1410.0</ele></trkpt>
   <trkpt lat="-20.144086" lon="-43.964019"><ele>1412.8</ele></trkpt>
   <trkpt lat="-20.144230" lon="-43.964086"><ele>1415.0</ele></trkpt>
   <trkpt lat="-20.144283" lon="-43.964094"><ele>1415.6</ele></trkpt>
   <trkpt lat="-20.144556" lon="-43.964000"><ele>1416.4</ele></trkpt>
   <trkpt lat="-20.144857" lon="-43.963949"><ele>1416.2</ele></trkpt>
   <trkpt lat="-20.145256" lon="-43.963835"><ele>1415.8</ele></trkpt>
   <trkpt lat="-20.145353" lon="-43.963794"><ele>1415.8</ele></trkpt>
   <trkpt lat="-20.145395" lon="-43.963752"><ele>1415.8</ele></trkpt>
   <trkpt lat="-20.145451" lon="-43.963661"><ele>1416.0</ele></trkpt>
   <trkpt lat="-20.145417" lon="-43.963632"><ele>1416.0</ele></trkpt>
   <trkpt lat="-20.145388" lon="-43.963647"><ele>1416.0</ele></trkpt>
   <trkpt lat="-20.145378" lon="-43.963674"><ele>1416.0</ele></trkpt>
   <trkpt lat="-20.145370" lon="-43.963767"><ele>1415.6</ele></trkpt>
   <trkpt lat="-20.145397" lon="-43.963821"><ele>1415.4</ele></trkpt>
   <trkpt lat="-20.145465" lon="-43.963863"><ele>1414.8</ele></trkpt>
   <trkpt lat="-20.145528" lon="-43.963881"><ele>1414.4</ele></trkpt>
   <trkpt lat="-20.145609" lon="-43.963888"><ele>1414.0</ele></trkpt>
   <trkpt lat="-20.145697" lon="-43.963869"><ele>1413.4</ele></trkpt>
   <trkpt lat="-20.145767" lon="-43.963808"><ele>1412.8</ele></trkpt>
   <trkpt lat="-20.145853" lon="-43.963640"><ele>1411.6</ele></trkpt>
   <trkpt lat="-20.145944" lon="-43.963503"><ele>1410.2</ele></trkpt>
   <trkpt lat="-20.146071" lon="-43.963137"><ele>1407.6</ele></trkpt>
   <trkpt lat="-20.146074" lon="-43.963005"><ele>1405.8</ele></trkpt>
   <trkpt lat="-20.146110" lon="-43.962985"><ele>1404.8</ele></trkpt>
   <trkpt lat="-20.146446" lon="-43.962922"><ele>1398.0</ele></trkpt>
   <trkpt lat="-20.146600" lon="-43.962865"><ele>1394.2</ele></trkpt>
   <trkpt lat="-20.146687" lon="-43.962853"><ele>1393.0</ele></trkpt>
   <trkpt lat="-20.146735" lon="-43.962860"><ele>1392.4</ele></trkpt>
   <trkpt lat="-20.146770" lon="-43.962906"><ele>1392.0</ele></trkpt>
   <trkpt lat="-20.146796" lon="-43.963029"><ele>1391.2</ele></trkpt>
   <trkpt lat="-20.146791" lon="-43.963109"><ele>1389.8</ele></trkpt>
   <trkpt lat="-20.146794" lon="-43.963093"><ele>1388.4</ele></trkpt>
   <trkpt lat="-20.146858" lon="-43.963235"><ele>1386.8</ele></trkpt>
   <trkpt lat="-20.146863" lon="-43.963387"><ele>1385.2</ele></trkpt>
   <trkpt lat="-20.146886" lon="-43.963436"><ele>1384.4</ele></trkpt>
   <trkpt lat="-20.146947" lon="-43.963465"><ele>1383.6</ele></trkpt>
   <trkpt lat="-20.146988" lon="-43.963468"><ele>1383.2</ele></trkpt>
   <trkpt lat="-20.147102" lon="-43.963428"><ele>1381.8</ele></trkpt>
   <trkpt lat="-20.147186" lon="-43.963328"><ele>1380.6</ele></trkpt>
   <trkpt lat="-20.147397" lon="-43.962949"><ele>1375.8</ele></trkpt>
   <trkpt lat="-20.147617" lon="-43.962754"><ele>1372.6</ele></trkpt>
   <trkpt lat="-20.147643" lon="-43.962605"><ele>1370.8</ele></trkpt>
   <trkpt lat="-20.147717" lon="-43.962514"><ele>1369.8</ele></trkpt>
   <trkpt lat="-20.147769" lon="-43.962401"><ele>1368.6</ele></trkpt>
   <trkpt lat="-20.147807" lon="-43.962245"><ele>1366.8</ele></trkpt>
   <trkpt lat="-20.147784" lon="-43.962112"><ele>1364.4</ele></trkpt>
   <trkpt lat="-20.147812" lon="-43.961965"><ele>1361.8</ele></trkpt>
   <trkpt lat="-20.147821" lon="-43.961821"><ele>1358.4</ele></trkpt>
   <trkpt lat="-20.147802" lon="-43.961624"><ele>1354.0</ele></trkpt>
   <trkpt lat="-20.147739" lon="-43.961349"><ele>1351.0</ele></trkpt>
   <trkpt lat="-20.147653" lon="-43.961252"><ele>1350.6</ele></trkpt>
   <trkpt lat="-20.147326" lon="-43.961039"><ele>1349.0</ele></trkpt>
   <trkpt lat="-20.146746" lon="-43.960958"><ele>1342.6</ele></trkpt>
   <trkpt lat="-20.146303" lon="-43.960763"><ele>1336.0</ele></trkpt>
   <trkpt lat="-20.145934" lon="-43.960647"><ele>1331.4</ele></trkpt>
   <trkpt lat="-20.145796" lon="-43.960617"><ele>1329.6</ele></trkpt>
   <trkpt lat="-20.145499" lon="-43.960601"><ele>1326.0</ele></trkpt>
   <trkpt lat="-20.145278" lon="-43.960616"><ele>1323.2</ele></trkpt>
   <trkpt lat="-20.145136" lon="-43.960611"><ele>1321.4</ele></trkpt>
   <trkpt lat="-20.144703" lon="-43.960572"><ele>1316.4</ele></trkpt>
   <trkpt lat="-20.144466" lon="-43.960536"><ele>1314.2</ele></trkpt>
   <trkpt lat="-20.144389" lon="-43.960536"><ele>1313.6</ele></trkpt>
   <trkpt lat="-20.143859" lon="-43.960613"><ele>1310.0</ele></trkpt>
   <trkpt lat="-20.143638" lon="-43.960599"><ele>1309.4</ele></trkpt>
   <trkpt lat="-20.143468" lon="-43.960615"><ele>1309.0</ele></trkpt>
   <trkpt lat="-20.143329" lon="-43.960680"><ele>1309.0</ele></trkpt>
   <trkpt lat="-20.143184" lon="-43.960827"><ele>1308.6</ele></trkpt>
   <trkpt lat="-20.143107" lon="-43.960832"><ele>1308.6</ele></trkpt>
   <trkpt lat="-20.142949" lon="-43.960792"><ele>1308.4</ele></trkpt>
   <trkpt lat="-20.142882" lon="-43.960796"><ele>1308.4</ele></trkpt>
   <trkpt lat="-20.142814" lon="-43.960813"><ele>1308.4</ele></trkpt>
   <trkpt lat="-20.142687" lon="-43.960872"><ele>1308.6</ele></trkpt>
   <trkpt lat="-20.142553" lon="-43.960994"><ele>1308.6</ele></trkpt>
   <trkpt lat="-20.142438" lon="-43.961138"><ele>1308.8</ele></trkpt>
   <trkpt lat="-20.142326" lon="-43.961231"><ele>1308.8</ele></trkpt>
   <trkpt lat="-20.142227" lon="-43.961350"><ele>1308.8</ele></trkpt>
   <trkpt lat="-20.142156" lon="-43.961397"><ele>1308.6</ele></trkpt>
   <trkpt lat="-20.142072" lon="-43.961406"><ele>1308.6</ele></trkpt>
   <trkpt lat="-20.141984" lon="-43.961391"><ele>1308.6</ele></trkpt>
   <trkpt lat="-20.141740" lon="-43.961293"><ele>1308.4</ele></trkpt>
   <trkpt lat="-20.141729" lon="-43.961285"><ele>1308.4</ele></trkpt>
   <trkpt lat="-20.141749" lon="-43.961256"><ele>1308.4</ele></trkpt>
   <trkpt lat="-20.141723" lon="-43.961210"><ele>1308.6</ele></trkpt>
   <trkpt lat="-20.141635" lon="-43.961160"><ele>1308.8</ele></trkpt>
   <trkpt lat="-20.141557" lon="-43.961148"><ele>1309.0</ele></trkpt>
   <trkpt lat="-20.141436" lon="-43.961159"><ele>1309.4</ele></trkpt>
   <trkpt lat="-20.141043" lon="-43.961322"><ele>1311.2</ele></trkpt>
   <trkpt lat="-20.140798" lon="-43.961384"><ele>1312.4</ele></trkpt>
   <trkpt lat="-20.140824" lon="-43.961397"><ele>1312.8</ele></trkpt>
   <trkpt lat="-20.140826" lon="-43.961419"><ele>1314.0</ele></trkpt>
   <trkpt lat="-20.140821" lon="-43.961398"><ele>1316.0</ele></trkpt>
   <trkpt lat="-20.140844" lon="-43.961375"><ele>1315.4</ele></trkpt>
   <trkpt lat="-20.140817" lon="-43.961351"><ele>1313.8</ele></trkpt>
   <trkpt lat="-20.140810" lon="-43.961389"><ele>1313.6</ele></trkpt>
   <trkpt lat="-20.140775" lon="-43.961406"><ele>1313.6</ele></trkpt>
   <trkpt lat="-20.140798" lon="-43.961397"><ele>1317.4</ele></trkpt>
   <trkpt lat="-20.140803" lon="-43.961363"><ele>1319.2</ele></trkpt>
   <trkpt lat="-20.140780" lon="-43.961391"><ele>1319.8</ele></trkpt>
   <trkpt lat="-20.140802" lon="-43.961399"><ele>1318.6</ele></trkpt>
   <trkpt lat="-20.140797" lon="-43.961387"><ele>1319.2</ele></trkpt>
   <trkpt lat="-20.140785" lon="-43.961410"><ele>1318.2</ele></trkpt>
   <trkpt lat="-20.140776" lon="-43.961390"><ele>1320.0</ele></trkpt>
   <trkpt lat="-20.140737" lon="-43.961376"><ele>1320.6</ele></trkpt>
   <trkpt lat="-20.140617" lon="-43.961387"><ele>1321.4</ele></trkpt>
   <trkpt lat="-20.140359" lon="-43.961498"><ele>1322.2</ele></trkpt>
   <trkpt lat="-20.140144" lon="-43.961545"><ele>1322.4</ele></trkpt>
   <trkpt lat="-20.139731" lon="-43.961726"><ele>1322.4</ele></trkpt>
   <trkpt lat="-20.139333" lon="-43.961871"><ele>1323.2</ele></trkpt>
   <trkpt lat="-20.138601" lon="-43.962074"><ele>1322.2</ele></trkpt>
   <trkpt lat="-20.138023" lon="-43.962281"><ele>1318.2</ele></trkpt>
   <trkpt lat="-20.137628" lon="-43.962365"><ele>1315.0</ele></trkpt>
   <trkpt lat="-20.137375" lon="-43.962500"><ele>1313.6</ele></trkpt>
   <trkpt lat="-20.137077" lon="-43.962580"><ele>1311.8</ele></trkpt>
   <trkpt lat="-20.136900" lon="-43.962681"><ele>1310.8</ele></trkpt>
   <trkpt lat="-20.136760" lon="-43.962741"><ele>1310.0</ele></trkpt>
   <trkpt lat="-20.136217" lon="-43.962845"><ele>1307.8</ele></trkpt>
   <trkpt lat="-20.136038" lon="-43.962923"><ele>1307.2</ele></trkpt>
   <trkpt lat="-20.135705" lon="-43.963015"><ele>1306.4</ele></trkpt>
   <trkpt lat="-20.135317" lon="-43.963157"><ele>1305.8</ele></trkpt>
   <trkpt lat="-20.135198" lon="-43.963185"><ele>1305.6</ele></trkpt>
   <trkpt lat="-20.135157" lon="-43.963211"><ele>1305.6</ele></trkpt>
   <trkpt lat="-20.135071" lon="-43.963336"><ele>1306.0</ele></trkpt>
   <trkpt lat="-20.134928" lon="-43.963474"><ele>1307.0</ele></trkpt>
   <trkpt lat="-20.134897" lon="-43.963544"><ele>1307.4</ele></trkpt>
   <trkpt lat="-20.134810" lon="-43.963876"><ele>1310.0</ele></trkpt>
   <trkpt lat="-20.134754" lon="-43.963986"><ele>1311.2</ele></trkpt>
   <trkpt lat="-20.134718" lon="-43.964099"><ele>1311.8</ele></trkpt>
   <trkpt lat="-20.134661" lon="-43.964141"><ele>1312.0</ele></trkpt>
   <trkpt lat="-20.134541" lon="-43.964109"><ele>1312.2</ele></trkpt>
   <trkpt lat="-20.134420" lon="-43.964117"><ele>1311.8</ele></trkpt>
   <trkpt lat="-20.134283" lon="-43.964096"><ele>1311.2</ele></trkpt>
   <trkpt lat="-20.134208" lon="-43.964061"><ele>1310.8</ele></trkpt>
   <trkpt lat="-20.134133" lon="-43.963978"><ele>1310.0</ele></trkpt>
   <trkpt lat="-20.134103" lon="-43.963966"><ele>1309.6</ele></trkpt>
   <trkpt lat="-20.134035" lon="-43.963969"><ele>1309.2</ele></trkpt>
   <trkpt lat="-20.133936" lon="-43.964007"><ele>1308.0</ele></trkpt>
   <trkpt lat="-20.133884" lon="-43.964002"><ele>1307.4</ele></trkpt>
   <trkpt lat="-20.133825" lon="-43.963964"><ele>1307.0</ele></trkpt>
   <trkpt lat="-20.133785" lon="-43.963915"><ele>1306.4</ele></trkpt>
   <trkpt lat="-20.133741" lon="-43.963762"><ele>1305.4</ele></trkpt>
   <trkpt lat="-20.133698" lon="-43.963696"><ele>1305.2</ele></trkpt>
   <trkpt lat="-20.133668" lon="-43.963677"><ele>1305.0</ele></trkpt>
   <trkpt lat="-20.133588" lon="-43.963678"><ele>1305.0</ele></trkpt>
   <trkpt lat="-20.133275" lon="-43.963803"><ele>1305.0</ele></trkpt>
   <trkpt lat="-20.132963" lon="-43.963890"><ele>1305.6</ele></trkpt>
   <trkpt lat="-20.132615" lon="-43.964016"><ele>1306.4</ele></trkpt>
   <trkpt lat="-20.132141" lon="-43.964143"><ele>1306.4</ele></trkpt>
   <trkpt lat="-20.131740" lon="-43.964290"><ele>1304.6</ele></trkpt>
   <trkpt lat="-20.131318" lon="-43.964411"><ele>1304.4</ele></trkpt>
   <trkpt lat="-20.131039" lon="-43.964533"><ele>1305.0</ele></trkpt>
   <trkpt lat="-20.130896" lon="-43.964651"><ele>1305.2</ele></trkpt>
   <trkpt lat="-20.130806" lon="-43.964686"><ele>1305.0</ele></trkpt>
   <trkpt lat="-20.130696" lon="-43.964707"><ele>1305.0</ele></trkpt>
   <trkpt lat="-20.130395" lon="-43.964719"><ele>1304.6</ele></trkpt>
   <trkpt lat="-20.130110" lon="-43.964808"><ele>1304.2</ele></trkpt>
   <trkpt lat="-20.129967" lon="-43.964880"><ele>1304.0</ele></trkpt>
   <trkpt lat="-20.129791" lon="-43.965001"><ele>1303.6</ele></trkpt>
   <trkpt lat="-20.129534" lon="-43.965130"><ele>1302.8</ele></trkpt>
   <trkpt lat="-20.129490" lon="-43.965138"><ele>1302.6</ele></trkpt>
   <trkpt lat="-20.129337" lon="-43.965124"><ele>1302.0</ele></trkpt>
   <trkpt lat="-20.129233" lon="-43.965136"><ele>1301.6</ele></trkpt>
   <trkpt lat="-20.129198" lon="-43.965155"><ele>1301.4</ele></trkpt>
   <trkpt lat="-20.129178" lon="-43.965188"><ele>1301.2</ele></trkpt>
   <trkpt lat="-20.129153" lon="-43.965326"><ele>1300.4</ele></trkpt>
   <trkpt lat="-20.129102" lon="-43.965412"><ele>1300.0</ele></trkpt>
   <trkpt lat="-20.129062" lon="-43.965439"><ele>1299.8</ele></trkpt>
   <trkpt lat="-20.128862" lon="-43.965477"><ele>1299.0</ele></trkpt>
   <trkpt lat="-20.128562" lon="-43.965659"><ele>1297.8</ele></trkpt>
   <trkpt lat="-20.128407" lon="-43.965690"><ele>1297.4</ele></trkpt>
   <trkpt lat="-20.128129" lon="-43.965667"><ele>1296.8</ele></trkpt>
   <trkpt lat="-20.127823" lon="-43.965662"><ele>1296.2</ele></trkpt>
   <trkpt lat="-20.127508" lon="-43.965761"><ele>1295.4</ele></trkpt>
   <trkpt lat="-20.127444" lon="-43.965822"><ele>1295.2</ele></trkpt>
   <trkpt lat="-20.127372" lon="-43.965966"><ele>1294.6</ele></trkpt>
   <trkpt lat="-20.127305" lon="-43.966028"><ele>1294.2</ele></trkpt>
   <trkpt lat="-20.127201" lon="-43.966043"><ele>1293.8</ele></trkpt>
   <trkpt lat="-20.126832" lon="-43.966005"><ele>1292.4</ele></trkpt>
   <trkpt lat="-20.126625" lon="-43.966097"><ele>1291.2</ele></trkpt>
   <trkpt lat="-20.126505" lon="-43.966126"><ele>1290.6</ele></trkpt>
   <trkpt lat="-20.126193" lon="-43.966310"><ele>1289.2</ele></trkpt>
   <trkpt lat="-20.125925" lon="-43.966543"><ele>1288.4</ele></trkpt>
   <trkpt lat="-20.125824" lon="-43.966608"><ele>1288.4</ele></trkpt>
   <trkpt lat="-20.125727" lon="-43.966647"><ele>1288.4</ele></trkpt>
   <trkpt lat="-20.125530" lon="-43.966687"><ele>1289.2</ele></trkpt>
   <trkpt lat="-20.125344" lon="-43.966806"><ele>1290.8</ele></trkpt>
   <trkpt lat="-20.125101" lon="-43.966906"><ele>1292.8</ele></trkpt>
   <trkpt lat="-20.125007" lon="-43.966964"><ele>1293.6</ele></trkpt>
   <trkpt lat="-20.124723" lon="-43.967267"><ele>1297.6</ele></trkpt>
   <trkpt lat="-20.124612" lon="-43.967359"><ele>1299.8</ele></trkpt>
   <trkpt lat="-20.124502" lon="-43.967504"><ele>1301.8</ele></trkpt>
   <trkpt lat="-20.124325" lon="-43.967623"><ele>1303.2</ele></trkpt>
   <trkpt lat="-20.124143" lon="-43.967804"><ele>1304.2</ele></trkpt>
   <trkpt lat="-20.123954" lon="-43.967939"><ele>1304.8</ele></trkpt>
   <trkpt lat="-20.123887" lon="-43.968036"><ele>1305.2</ele></trkpt>
   <trkpt lat="-20.123913" lon="-43.968098"><ele>1305.8</ele></trkpt>
   <trkpt lat="-20.123901" lon="-43.968140"><ele>1306.4</ele></trkpt>
   <trkpt lat="-20.123882" lon="-43.968141"><ele>1306.6</ele></trkpt>
   <trkpt lat="-20.123714" lon="-43.968016"><ele>1307.6</ele></trkpt>
   <trkpt lat="-20.123654" lon="-43.968008"><ele>1308.0</ele></trkpt>
   <trkpt lat="-20.123630" lon="-43.968038"><ele>1308.2</ele></trkpt>
   <trkpt lat="-20.123626" lon="-43.968127"><ele>1308.4</ele></trkpt>
   <trkpt lat="-20.123576" lon="-43.968193"><ele>1308.6</ele></trkpt>
   <trkpt lat="-20.123101" lon="-43.968586"><ele>1309.2</ele></trkpt>
   <trkpt lat="-20.122946" lon="-43.968697"><ele>1309.4</ele></trkpt>
   <trkpt lat="-20.122610" lon="-43.968915"><ele>1309.6</ele></trkpt>
   <trkpt lat="-20.122121" lon="-43.969178"><ele>1310.0</ele></trkpt>
   <trkpt lat="-20.121949" lon="-43.969257"><ele>1310.2</ele></trkpt>
   <trkpt lat="-20.121727" lon="-43.969324"><ele>1310.6</ele></trkpt>
   <trkpt lat="-20.121604" lon="-43.969390"><ele>1310.8</ele></trkpt>
   <trkpt lat="-20.121503" lon="-43.969370"><ele>1311.0</ele></trkpt>
   <trkpt lat="-20.121379" lon="-43.969302"><ele>1311.2</ele></trkpt>
   <trkpt lat="-20.121288" lon="-43.969125"><ele>1311.2</ele></trkpt>
   <trkpt lat="-20.121109" lon="-43.968912"><ele>1311.0</ele></trkpt>
   <trkpt lat="-20.120844" lon="-43.968805"><ele>1310.6</ele></trkpt>
   <trkpt lat="-20.120483" lon="-43.968724"><ele>1310.2</ele></trkpt>
   <trkpt lat="-20.120404" lon="-43.968672"><ele>1310.2</ele></trkpt>
   <trkpt lat="-20.120136" lon="-43.968437"><ele>1309.6</ele></trkpt>
   <trkpt lat="-20.120063" lon="-43.968395"><ele>1309.4</ele></trkpt>
   <trkpt lat="-20.119868" lon="-43.968367"><ele>1309.2</ele></trkpt>
   <trkpt lat="-20.119808" lon="-43.968373"><ele>1309.2</ele></trkpt>
   <trkpt lat="-20.119572" lon="-43.968501"><ele>1309.0</ele></trkpt>
   <trkpt lat="-20.119521" lon="-43.968496"><ele>1308.8</ele></trkpt>
   <trkpt lat="-20.119334" lon="-43.968431"><ele>1308.6</ele></trkpt>
   <trkpt lat="-20.119203" lon="-43.968429"><ele>1308.4</ele></trkpt>
   <trkpt lat="-20.119125" lon="-43.968449"><ele>1308.2</ele></trkpt>
   <trkpt lat="-20.119016" lon="-43.968500"><ele>1308.0</ele></trkpt>
   <trkpt lat="-20.118669" lon="-43.968583"><ele>1307.8</ele></trkpt>
   <trkpt lat="-20.118391" lon="-43.968598"><ele>1307.8</ele></trkpt>
   <trkpt lat="-20.118238" lon="-43.968640"><ele>1308.0</ele></trkpt>
   <trkpt lat="-20.118085" lon="-43.968701"><ele>1308.4</ele></trkpt>
   <trkpt lat="-20.117988" lon="-43.968756"><ele>1308.8</ele></trkpt>
   <trkpt lat="-20.117900" lon="-43.968827"><ele>1309.2</ele></trkpt>
   <trkpt lat="-20.117812" lon="-43.968952"><ele>1310.0</ele></trkpt>
   <trkpt lat="-20.117748" lon="-43.969020"><ele>1310.4</ele></trkpt>
   <trkpt lat="-20.117526" lon="-43.969156"><ele>1311.6</ele></trkpt>
   <trkpt lat="-20.117399" lon="-43.969213"><ele>1312.4</ele></trkpt>
   <trkpt lat="-20.117206" lon="-43.969262"><ele>1313.2</ele></trkpt>
   <trkpt lat="-20.117003" lon="-43.969347"><ele>1314.2</ele></trkpt>
   <trkpt lat="-20.116813" lon="-43.969403"><ele>1314.8</ele></trkpt>
   <trkpt lat="-20.116664" lon="-43.969418"><ele>1315.4</ele></trkpt>
   <trkpt lat="-20.116629" lon="-43.969457"><ele>1315.6</ele></trkpt>
   <trkpt lat="-20.116611" lon="-43.969609"><ele>1316.0</ele></trkpt>
   <trkpt lat="-20.116591" lon="-43.969637"><ele>1316.2</ele></trkpt>
   <trkpt lat="-20.116556" lon="-43.969651"><ele>1316.2</ele></trkpt>
   <trkpt lat="-20.116291" lon="-43.969686"><ele>1317.0</ele></trkpt>
   <trkpt lat="-20.116005" lon="-43.969650"><ele>1317.4</ele></trkpt>
   <trkpt lat="-20.115799" lon="-43.969698"><ele>1317.6</ele></trkpt>
   <trkpt lat="-20.115606" lon="-43.969689"><ele>1318.0</ele></trkpt>
   <trkpt lat="-20.115231" lon="-43.969721"><ele>1318.8</ele></trkpt>
   <trkpt lat="-20.115156" lon="-43.969769"><ele>1319.4</ele></trkpt>
   <trkpt lat="-20.115067" lon="-43.969873"><ele>1320.0</ele></trkpt>
   <trkpt lat="-20.115010" lon="-43.969979"><ele>1320.8</ele></trkpt>
   <trkpt lat="-20.114948" lon="-43.970024"><ele>1321.2</ele></trkpt>
   <trkpt lat="-20.114714" lon="-43.970083"><ele>1322.4</ele></trkpt>
   <trkpt lat="-20.114538" lon="-43.970161"><ele>1323.2</ele></trkpt>
   <trkpt lat="-20.114429" lon="-43.970168"><ele>1323.8</ele></trkpt>
   <trkpt lat="-20.114373" lon="-43.970185"><ele>1324.0</ele></trkpt>
   <trkpt lat="-20.113918" lon="-43.970529"><ele>1326.0</ele></trkpt>
   <trkpt lat="-20.113707" lon="-43.970711"><ele>1326.8</ele></trkpt>
   <trkpt lat="-20.113231" lon="-43.971077"><ele>1326.6</ele></trkpt>
   <trkpt lat="-20.113143" lon="-43.971181"><ele>1326.0</ele></trkpt>
   <trkpt lat="-20.113088" lon="-43.971303"><ele>1325.6</ele></trkpt>
   <trkpt lat="-20.113067" lon="-43.971393"><ele>1325.2</ele></trkpt>
   <trkpt lat="-20.113060" lon="-43.971490"><ele>1325.0</ele></trkpt>
   <trkpt lat="-20.113079" lon="-43.971656"><ele>1325.0</ele></trkpt>
   <trkpt lat="-20.113074" lon="-43.971788"><ele>1325.6</ele></trkpt>
   <trkpt lat="-20.113149" lon="-43.971992"><ele>1327.0</ele></trkpt>
   <trkpt lat="-20.113177" lon="-43.972041"><ele>1327.4</ele></trkpt>
   <trkpt lat="-20.113253" lon="-43.972115"><ele>1328.0</ele></trkpt>
   <trkpt lat="-20.113258" lon="-43.972157"><ele>1328.2</ele></trkpt>
   <trkpt lat="-20.113212" lon="-43.972170"><ele>1328.2</ele></trkpt>
   <trkpt lat="-20.113166" lon="-43.972160"><ele>1328.2</ele></trkpt>
   <trkpt lat="-20.113000" lon="-43.972062"><ele>1327.8</ele></trkpt>
   <trkpt lat="-20.112907" lon="-43.972039"><ele>1327.4</ele></trkpt>
   <trkpt lat="-20.112759" lon="-43.972078"><ele>1326.4</ele></trkpt>
   <trkpt lat="-20.112581" lon="-43.972161"><ele>1325.2</ele></trkpt>
   <trkpt lat="-20.112493" lon="-43.972180"><ele>1324.4</ele></trkpt>
   <trkpt lat="-20.112219" lon="-43.972168"><ele>1322.6</ele></trkpt>
   <trkpt lat="-20.111970" lon="-43.972118"><ele>1320.4</ele></trkpt>
   <trkpt lat="-20.111903" lon="-43.972144"><ele>1319.6</ele></trkpt>
   <trkpt lat="-20.111609" lon="-43.972386"><ele>1317.2</ele></trkpt>
   <trkpt lat="-20.111490" lon="-43.972468"><ele>1316.0</ele></trkpt>
   <trkpt lat="-20.111444" lon="-43.972468"><ele>1315.2</ele></trkpt>
   <trkpt lat="-20.111434" lon="-43.972410"><ele>1314.2</ele></trkpt>
   <trkpt lat="-20.111391" lon="-43.972373"><ele>1313.4</ele></trkpt>
   <trkpt lat="-20.111356" lon="-43.972368"><ele>1313.0</ele></trkpt>
   <trkpt lat="-20.111285" lon="-43.972396"><ele>1312.4</ele></trkpt>
   <trkpt lat="-20.111190" lon="-43.972485"><ele>1311.8</ele></trkpt>
   <trkpt lat="-20.111015" lon="-43.972804"><ele>1310.4</ele></trkpt>
   <trkpt lat="-20.110912" lon="-43.972946"><ele>1309.8</ele></trkpt>
   <trkpt lat="-20.110781" lon="-43.973044"><ele>1309.4</ele></trkpt>
   <trkpt lat="-20.110626" lon="-43.973097"><ele>1308.8</ele></trkpt>
   <trkpt lat="-20.110539" lon="-43.973172"><ele>1308.6</ele></trkpt>
   <trkpt lat="-20.110428" lon="-43.973384"><ele>1308.2</ele></trkpt>
   <trkpt lat="-20.110351" lon="-43.973587"><ele>1308.0</ele></trkpt>
   <trkpt lat="-20.110302" lon="-43.973759"><ele>1308.0</ele></trkpt>
   <trkpt lat="-20.110258" lon="-43.973825"><ele>1307.8</ele></trkpt>
   <trkpt lat="-20.110126" lon="-43.973847"><ele>1307.8</ele></trkpt>
   <trkpt lat="-20.110013" lon="-43.973970"><ele>1307.8</ele></trkpt>
   <trkpt lat="-20.109901" lon="-43.974042"><ele>1307.8</ele></trkpt>
   <trkpt lat="-20.109694" lon="-43.974267"><ele>1308.0</ele></trkpt>
   <trkpt lat="-20.109364" lon="-43.974452"><ele>1307.2</ele></trkpt>
   <trkpt lat="-20.109170" lon="-43.974516"><ele>1307.2</ele></trkpt>
   <trkpt lat="-20.108990" lon="-43.974504"><ele>1307.2</ele></trkpt>
   <trkpt lat="-20.108915" lon="-43.974513"><ele>1307.2</ele></trkpt>
   <trkpt lat="-20.108766" lon="-43.974607"><ele>1307.2</ele></trkpt>
   <trkpt lat="-20.108640" lon="-43.974649"><ele>1307.6</ele></trkpt>
   <trkpt lat="-20.108590" lon="-43.974708"><ele>1307.8</ele></trkpt>
   <trkpt lat="-20.108509" lon="-43.974864"><ele>1308.4</ele></trkpt>
   <trkpt lat="-20.108434" lon="-43.974941"><ele>1308.6</ele></trkpt>
   <trkpt lat="-20.108192" lon="-43.975060"><ele>1309.2</ele></trkpt>
   <trkpt lat="-20.108041" lon="-43.975170"><ele>1309.6</ele></trkpt>
   <trkpt lat="-20.107882" lon="-43.975232"><ele>1309.8</ele></trkpt>
   <trkpt lat="-20.107648" lon="-43.975228"><ele>1309.4</ele></trkpt>
   <trkpt lat="-20.107308" lon="-43.975281"><ele>1308.6</ele></trkpt>
   <trkpt lat="-20.107235" lon="-43.975269"><ele>1308.4</ele></trkpt>
   <trkpt lat="-20.107082" lon="-43.975190"><ele>1308.0</ele></trkpt>
   <trkpt lat="-20.106997" lon="-43.975191"><ele>1307.8</ele></trkpt>
   <trkpt lat="-20.106827" lon="-43.975297"><ele>1307.8</ele></trkpt>
   <trkpt lat="-20.106593" lon="-43.975373"><ele>1308.4</ele></trkpt>
   <trkpt lat="-20.106506" lon="-43.975439"><ele>1308.8</ele></trkpt>
   <trkpt lat="-20.106271" lon="-43.975468"><ele>1308.4</ele></trkpt>
   <trkpt lat="-20.106113" lon="-43.975509"><ele>1307.8</ele></trkpt>
   <trkpt lat="-20.105974" lon="-43.975429"><ele>1307.6</ele></trkpt>
   <trkpt lat="-20.105924" lon="-43.975429"><ele>1307.6</ele></trkpt>
   <trkpt lat="-20.105837" lon="-43.975455"><ele>1307.6</ele></trkpt>
   <trkpt lat="-20.105733" lon="-43.975445"><ele>1307.6</ele></trkpt>
   <trkpt lat="-20.105497" lon="-43.975313"><ele>1307.4</ele></trkpt>
   <trkpt lat="-20.105425" lon="-43.975296"><ele>1307.6</ele></trkpt>
   <trkpt lat="-20.105232" lon="-43.975307"><ele>1307.8</ele></trkpt>
   <trkpt lat="-20.105118" lon="-43.975349"><ele>1308.0</ele></trkpt>
   <trkpt lat="-20.105053" lon="-43.975355"><ele>1308.2</ele></trkpt>
   <trkpt lat="-20.104865" lon="-43.975281"><ele>1308.0</ele></trkpt>
   <trkpt lat="-20.104789" lon="-43.975269"><ele>1307.8</ele></trkpt>
   <trkpt lat="-20.104455" lon="-43.975325"><ele>1307.4</ele></trkpt>
   <trkpt lat="-20.104314" lon="-43.975391"><ele>1307.6</ele></trkpt>
   <trkpt lat="-20.104326" lon="-43.975379"><ele>1307.8</ele></trkpt>
   <trkpt lat="-20.104304" lon="-43.975399"><ele>1308.0</ele></trkpt>
   <trkpt lat="-20.104321" lon="-43.975406"><ele>1308.0</ele></trkpt>
   <trkpt lat="-20.104291" lon="-43.975379"><ele>1308.0</ele></trkpt>
   <trkpt lat="-20.104323" lon="-43.975409"><ele>1308.2</ele></trkpt>
   <trkpt lat="-20.104317" lon="-43.975392"><ele>1308.8</ele></trkpt>
   <trkpt lat="-20.104296" lon="-43.975418"><ele>1308.8</ele></trkpt>
   <trkpt lat="-20.104258" lon="-43.975398"><ele>1308.8</ele></trkpt>
   <trkpt lat="-20.104162" lon="-43.975469"><ele>1309.8</ele></trkpt>
   <trkpt lat="-20.103984" lon="-43.975562"><ele>1310.6</ele></trkpt>
   <trkpt lat="-20.103826" lon="-43.975599"><ele>1310.8</ele></trkpt>
   <trkpt lat="-20.103691" lon="-43.975576"><ele>1310.8</ele></trkpt>
   <trkpt lat="-20.103514" lon="-43.975507"><ele>1310.8</ele></trkpt>
   <trkpt lat="-20.103433" lon="-43.975489"><ele>1310.8</ele></trkpt>
   <trkpt lat="-20.103144" lon="-43.975475"><ele>1310.8</ele></trkpt>
   <trkpt lat="-20.102828" lon="-43.975431"><ele>1311.4</ele></trkpt>
   <trkpt lat="-20.102388" lon="-43.975461"><ele>1313.8</ele></trkpt>
   <trkpt lat="-20.102013" lon="-43.975437"><ele>1315.8</ele></trkpt>
   <trkpt lat="-20.101703" lon="-43.975466"><ele>1317.2</ele></trkpt>
   <trkpt lat="-20.101612" lon="-43.975505"><ele>1318.0</ele></trkpt>
   <trkpt lat="-20.101584" lon="-43.975536"><ele>1318.2</ele></trkpt>
   <trkpt lat="-20.101572" lon="-43.975573"><ele>1318.6</ele></trkpt>
   <trkpt lat="-20.101626" lon="-43.975870"><ele>1321.4</ele></trkpt>
   <trkpt lat="-20.101650" lon="-43.976466"><ele>1325.8</ele></trkpt>
   <trkpt lat="-20.101619" lon="-43.976560"><ele>1326.2</ele></trkpt>
   <trkpt lat="-20.101587" lon="-43.976593"><ele>1326.4</ele></trkpt>
   <trkpt lat="-20.101489" lon="-43.976617"><ele>1326.6</ele></trkpt>
   <trkpt lat="-20.101295" lon="-43.976612"><ele>1326.8</ele></trkpt>
   <trkpt lat="-20.100846" lon="-43.976654"><ele>1327.2</ele></trkpt>
   <trkpt lat="-20.100731" lon="-43.976654"><ele>1327.0</ele></trkpt>
   <trkpt lat="-20.100586" lon="-43.976648"><ele>1326.8</ele></trkpt>
   <trkpt lat="-20.100516" lon="-43.976609"><ele>1326.2</ele></trkpt>
   <trkpt lat="-20.100486" lon="-43.976517"><ele>1325.6</ele></trkpt>
   <trkpt lat="-20.100492" lon="-43.976223"><ele>1324.0</ele></trkpt>
   <trkpt lat="-20.100465" lon="-43.975701"><ele>1321.2</ele></trkpt>
   <trkpt lat="-20.100448" lon="-43.975642"><ele>1320.8</ele></trkpt>
   <trkpt lat="-20.100418" lon="-43.975598"><ele>1320.6</ele></trkpt>
   <trkpt lat="-20.100384" lon="-43.975567"><ele>1320.2</ele></trkpt>
   <trkpt lat="-20.100297" lon="-43.975546"><ele>1319.8</ele></trkpt>
   <trkpt lat="-20.100187" lon="-43.975557"><ele>1319.4</ele></trkpt>
   <trkpt lat="-20.099906" lon="-43.975622"><ele>1319.2</ele></trkpt>
   <trkpt lat="-20.098738" lon="-43.975687"><ele>1320.0</ele></trkpt>
   <trkpt lat="-20.098199" lon="-43.975800"><ele>1320.4</ele></trkpt>
   <trkpt lat="-20.098116" lon="-43.975800"><ele>1320.4</ele></trkpt>
   <trkpt lat="-20.097822" lon="-43.975755"><ele>1321.2</ele></trkpt>
   <trkpt lat="-20.097434" lon="-43.975787"><ele>1322.8</ele></trkpt>
   <trkpt lat="-20.097139" lon="-43.975836"><ele>1324.6</ele></trkpt>
   <trkpt lat="-20.096625" lon="-43.975833"><ele>1326.8</ele></trkpt>
   <trkpt lat="-20.095957" lon="-43.975916"><ele>1328.2</ele></trkpt>
   <trkpt lat="-20.095460" lon="-43.975951"><ele>1329.2</ele></trkpt>
   <trkpt lat="-20.094570" lon="-43.975976"><ele>1333.6</ele></trkpt>
   <trkpt lat="-20.094101" lon="-43.976023"><ele>1336.4</ele></trkpt>
   <trkpt lat="-20.093598" lon="-43.976024"><ele>1338.6</ele></trkpt>
   <trkpt lat="-20.092594" lon="-43.976106"><ele>1339.6</ele></trkpt>
   <trkpt lat="-20.092097" lon="-43.976057"><ele>1342.2</ele></trkpt>
   <trkpt lat="-20.091648" lon="-43.976093"><ele>1344.6</ele></trkpt>
   <trkpt lat="-20.091269" lon="-43.976229"><ele>1347.4</ele></trkpt>
   <trkpt lat="-20.090969" lon="-43.976387"><ele>1349.4</ele></trkpt>
   <trkpt lat="-20.090921" lon="-43.976440"><ele>1349.8</ele></trkpt>
   <trkpt lat="-20.090893" lon="-43.976507"><ele>1350.2</ele></trkpt>
   <trkpt lat="-20.090840" lon="-43.976984"><ele>1352.4</ele></trkpt>
   <trkpt lat="-20.090777" lon="-43.977144"><ele>1353.0</ele></trkpt>
   <trkpt lat="-20.090687" lon="-43.977275"><ele>1353.4</ele></trkpt>
   <trkpt lat="-20.090610" lon="-43.977347"><ele>1353.2</ele></trkpt>
   <trkpt lat="-20.090513" lon="-43.977398"><ele>1353.0</ele></trkpt>
   <trkpt lat="-20.090338" lon="-43.977434"><ele>1352.6</ele></trkpt>
   <trkpt lat="-20.089456" lon="-43.977410"><ele>1352.4</ele></trkpt>
   <trkpt lat="-20.089221" lon="-43.977434"><ele>1357.0</ele></trkpt>
   <trkpt lat="-20.089189" lon="-43.977406"><ele>1357.2</ele></trkpt>
   <trkpt lat="-20.089160" lon="-43.977280"><ele>1357.4</ele></trkpt>
   <trkpt lat="-20.089115" lon="-43.977188"><ele>1357.4</ele></trkpt>
   <trkpt lat="-20.088852" lon="-43.976908"><ele>1357.2</ele></trkpt>
   <trkpt lat="-20.088739" lon="-43.976827"><ele>1357.0</ele></trkpt>
   <trkpt lat="-20.088432" lon="-43.976659"><ele>1357.0</ele></trkpt>
   <trkpt lat="-20.088125" lon="-43.976463"><ele>1357.4</ele></trkpt>
   <trkpt lat="-20.087987" lon="-43.976407"><ele>1357.8</ele></trkpt>
   <trkpt lat="-20.087835" lon="-43.976406"><ele>1358.4</ele></trkpt>
   <trkpt lat="-20.087370" lon="-43.976519"><ele>1362.0</ele></trkpt>
   <trkpt lat="-20.086448" lon="-43.976774"><ele>1362.6</ele></trkpt>
   <trkpt lat="-20.085982" lon="-43.976930"><ele>1362.8</ele></trkpt>
   <trkpt lat="-20.085394" lon="-43.977156"><ele>1363.6</ele></trkpt>
   <trkpt lat="-20.085095" lon="-43.977291"><ele>1364.4</ele></trkpt>
   <trkpt lat="-20.084280" lon="-43.977769"><ele>1366.4</ele></trkpt>
   <trkpt lat="-20.084037" lon="-43.977951"><ele>1366.8</ele></trkpt>
   <trkpt lat="-20.083712" lon="-43.978257"><ele>1367.2</ele></trkpt>
   <trkpt lat="-20.083378" lon="-43.978597"><ele>1366.8</ele></trkpt>
   <trkpt lat="-20.083007" lon="-43.978799"><ele>1366.2</ele></trkpt>
   <trkpt lat="-20.082880" lon="-43.978894"><ele>1365.8</ele></trkpt>
   <trkpt lat="-20.082611" lon="-43.979137"><ele>1364.8</ele></trkpt>
   <trkpt lat="-20.082491" lon="-43.979271"><ele>1364.2</ele></trkpt>
   <trkpt lat="-20.082419" lon="-43.979434"><ele>1363.8</ele></trkpt>
   <trkpt lat="-20.082388" lon="-43.979633"><ele>1363.4</ele></trkpt>
   <trkpt lat="-20.082258" lon="-43.980063"><ele>1363.0</ele></trkpt>
   <trkpt lat="-20.082169" lon="-43.980191"><ele>1362.8</ele></trkpt>
   <trkpt lat="-20.082054" lon="-43.980294"><ele>1362.8</ele></trkpt>
   <trkpt lat="-20.081910" lon="-43.980351"><ele>1363.0</ele></trkpt>
   <trkpt lat="-20.081754" lon="-43.980347"><ele>1363.0</ele></trkpt>
   <trkpt lat="-20.081602" lon="-43.980290"><ele>1363.2</ele></trkpt>
   <trkpt lat="-20.081383" lon="-43.980158"><ele>1363.4</ele></trkpt>
   <trkpt lat="-20.081302" lon="-43.980132"><ele>1363.6</ele></trkpt>
   <trkpt lat="-20.081218" lon="-43.980126"><ele>1363.8</ele></trkpt>
   <trkpt lat="-20.081136" lon="-43.980143"><ele>1364.0</ele></trkpt>
   <trkpt lat="-20.081064" lon="-43.980179"><ele>1364.2</ele></trkpt>
   <trkpt lat="-20.080704" lon="-43.980427"><ele>1365.4</ele></trkpt>
   <trkpt lat="-20.080020" lon="-43.980819"><ele>1366.4</ele></trkpt>
   <trkpt lat="-20.079691" lon="-43.981068"><ele>1366.0</ele></trkpt>
   <trkpt lat="-20.079396" lon="-43.981243"><ele>1365.2</ele></trkpt>
   <trkpt lat="-20.079224" lon="-43.981327"><ele>1364.8</ele></trkpt>
   <trkpt lat="-20.079066" lon="-43.981436"><ele>1364.4</ele></trkpt>
   <trkpt lat="-20.078936" lon="-43.981573"><ele>1364.0</ele></trkpt>
   <trkpt lat="-20.078714" lon="-43.981857"><ele>1363.4</ele></trkpt>
   <trkpt lat="-20.078473" lon="-43.982117"><ele>1363.0</ele></trkpt>
   <trkpt lat="-20.078267" lon="-43.982487"><ele>1362.8</ele></trkpt>
   <trkpt lat="-20.078160" lon="-43.982627"><ele>1362.8</ele></trkpt>
   <trkpt lat="-20.077083" lon="-43.983486"><ele>1363.6</ele></trkpt>
   <trkpt lat="-20.076768" lon="-43.983815"><ele>1364.0</ele></trkpt>
   <trkpt lat="-20.076688" lon="-43.983958"><ele>1364.6</ele></trkpt>
   <trkpt lat="-20.076670" lon="-43.983963"><ele>1364.6</ele></trkpt>
   <trkpt lat="-20.076678" lon="-43.983948"><ele>1365.0</ele></trkpt>
   <trkpt lat="-20.076666" lon="-43.983948"><ele>1365.2</ele></trkpt>
   <trkpt lat="-20.076661" lon="-43.983975"><ele>1364.8</ele></trkpt>
   <trkpt lat="-20.076641" lon="-43.983977"><ele>1364.4</ele></trkpt>
   <trkpt lat="-20.076549" lon="-43.983951"><ele>1364.2</ele></trkpt>
   <trkpt lat="-20.076502" lon="-43.983977"><ele>1364.2</ele></trkpt>
   <trkpt lat="-20.076486" lon="-43.984010"><ele>1364.2</ele></trkpt>
   <trkpt lat="-20.076486" lon="-43.984050"><ele>1364.4</ele></trkpt>
   <trkpt lat="-20.076426" lon="-43.984105"><ele>1364.4</ele></trkpt>
   <trkpt lat="-20.076393" lon="-43.984163"><ele>1364.4</ele></trkpt>
   <trkpt lat="-20.076270" lon="-43.984477"><ele>1364.0</ele></trkpt>
   <trkpt lat="-20.076192" lon="-43.984640"><ele>1363.6</ele></trkpt>
   <trkpt lat="-20.076199" lon="-43.984629"><ele>1363.4</ele></trkpt>
   <trkpt lat="-20.076195" lon="-43.984602"><ele>1363.6</ele></trkpt>
   <trkpt lat="-20.076156" lon="-43.984627"><ele>1364.0</ele></trkpt>
   <trkpt lat="-20.076172" lon="-43.984669"><ele>1363.2</ele></trkpt>
   <trkpt lat="-20.076155" lon="-43.984667"><ele>1363.0</ele></trkpt>
   <trkpt lat="-20.076160" lon="-43.984654"><ele>1363.0</ele></trkpt>
   <trkpt lat="-20.076151" lon="-43.984658"><ele>1362.4</ele></trkpt>
   <trkpt lat="-20.076164" lon="-43.984659"><ele>1363.2</ele></trkpt>
   <trkpt lat="-20.076153" lon="-43.984661"><ele>1362.6</ele></trkpt>
   <trkpt lat="-20.076156" lon="-43.984644"><ele>1361.8</ele></trkpt>
   <trkpt lat="-20.076147" lon="-43.984646"><ele>1361.8</ele></trkpt>
   <trkpt lat="-20.076151" lon="-43.984663"><ele>1362.2</ele></trkpt>
   <trkpt lat="-20.076145" lon="-43.984651"><ele>1361.2</ele></trkpt>
   <trkpt lat="-20.076174" lon="-43.984657"><ele>1363.0</ele></trkpt>
   <trkpt lat="-20.076183" lon="-43.984597"><ele>1362.4</ele></trkpt>
   <trkpt lat="-20.076178" lon="-43.984580"><ele>1362.2</ele></trkpt>
   <trkpt lat="-20.076169" lon="-43.984585"><ele>1361.4</ele></trkpt>
   <trkpt lat="-20.076176" lon="-43.984626"><ele>1361.6</ele></trkpt>
   <trkpt lat="-20.076154" lon="-43.984660"><ele>1361.4</ele></trkpt>
   <trkpt lat="-20.076179" lon="-43.984667"><ele>1362.8</ele></trkpt>
   <trkpt lat="-20.076159" lon="-43.984658"><ele>1364.0</ele></trkpt>
   <trkpt lat="-20.076181" lon="-43.984630"><ele>1364.2</ele></trkpt>
   <trkpt lat="-20.076170" lon="-43.984628"><ele>1364.2</ele></trkpt>
   <trkpt lat="-20.076157" lon="-43.984724"><ele>1363.6</ele></trkpt>
   <trkpt lat="-20.076139" lon="-43.984758"><ele>1363.4</ele></trkpt>
   <trkpt lat="-20.076027" lon="-43.984873"><ele>1363.2</ele></trkpt>
   <trkpt lat="-20.075852" lon="-43.985009"><ele>1363.2</ele></trkpt>
   <trkpt lat="-20.075687" lon="-43.985185"><ele>1363.0</ele></trkpt>
   <trkpt lat="-20.075358" lon="-43.985687"><ele>1362.6</ele></trkpt>
   <trkpt lat="-20.075142" lon="-43.985946"><ele>1362.6</ele></trkpt>
   <trkpt lat="-20.074808" lon="-43.986387"><ele>1363.0</ele></trkpt>
   <trkpt lat="-20.074361" lon="-43.986896"><ele>1363.8</ele></trkpt>
   <trkpt lat="-20.073899" lon="-43.987390"><ele>1364.6</ele></trkpt>
   <trkpt lat="-20.073548" lon="-43.987657"><ele>1365.0</ele></trkpt>
   <trkpt lat="-20.073213" lon="-43.987968"><ele>1365.4</ele></trkpt>
   <trkpt lat="-20.073099" lon="-43.988040"><ele>1365.4</ele></trkpt>
   <trkpt lat="-20.072973" lon="-43.988042"><ele>1365.6</ele></trkpt>
   <trkpt lat="-20.071915" lon="-43.987867"><ele>1369.0</ele></trkpt>
   <trkpt lat="-20.071496" lon="-43.987754"><ele>1369.8</ele></trkpt>
   <trkpt lat="-20.071199" lon="-43.987627"><ele>1370.0</ele></trkpt>
   <trkpt lat="-20.071018" lon="-43.987610"><ele>1370.0</ele></trkpt>
   <trkpt lat="-20.070957" lon="-43.987617"><ele>1370.0</ele></trkpt>
   <trkpt lat="-20.070455" lon="-43.987782"><ele>1369.6</ele></trkpt>
   <trkpt lat="-20.070136" lon="-43.987842"><ele>1369.2</ele></trkpt>
   <trkpt lat="-20.069820" lon="-43.987883"><ele>1368.8</ele></trkpt>
   <trkpt lat="-20.069578" lon="-43.987966"><ele>1368.6</ele></trkpt>
   <trkpt lat="-20.069292" lon="-43.988011"><ele>1368.2</ele></trkpt>
   <trkpt lat="-20.068784" lon="-43.988131"><ele>1367.8</ele></trkpt>
   <trkpt lat="-20.068664" lon="-43.988223"><ele>1367.8</ele></trkpt>
   <trkpt lat="-20.068496" lon="-43.988498"><ele>1368.2</ele></trkpt>
   <trkpt lat="-20.068344" lon="-43.988650"><ele>1368.6</ele></trkpt>
   <trkpt lat="-20.067934" lon="-43.988934"><ele>1369.8</ele></trkpt>
   <trkpt lat="-20.067794" lon="-43.988980"><ele>1370.0</ele></trkpt>
   <trkpt lat="-20.067706" lon="-43.988978"><ele>1370.2</ele></trkpt>
   <trkpt lat="-20.067579" lon="-43.988930"><ele>1370.4</ele></trkpt>
   <trkpt lat="-20.066969" lon="-43.988556"><ele>1370.4</ele></trkpt>
   <trkpt lat="-20.066436" lon="-43.988197"><ele>1369.8</ele></trkpt>
   <trkpt lat="-20.065568" lon="-43.987676"><ele>1370.2</ele></trkpt>
   <trkpt lat="-20.065120" lon="-43.987372"><ele>1372.2</ele></trkpt>
   <trkpt lat="-20.064438" lon="-43.986959"><ele>1378.8</ele></trkpt>
   <trkpt lat="-20.063763" lon="-43.986574"><ele>1382.6</ele></trkpt>
   <trkpt lat="-20.063448" lon="-43.986377"><ele>1383.8</ele></trkpt>
   <trkpt lat="-20.063349" lon="-43.986333"><ele>1384.2</ele></trkpt>
   <trkpt lat="-20.063291" lon="-43.986343"><ele>1384.4</ele></trkpt>
   <trkpt lat="-20.063244" lon="-43.986405"><ele>1384.6</ele></trkpt>
   <trkpt lat="-20.063097" lon="-43.986731"><ele>1384.8</ele></trkpt>
   <trkpt lat="-20.062996" lon="-43.986882"><ele>1385.0</ele></trkpt>
   <trkpt lat="-20.062918" lon="-43.986963"><ele>1385.2</ele></trkpt>
   <trkpt lat="-20.062688" lon="-43.987137"><ele>1385.6</ele></trkpt>
   <trkpt lat="-20.062559" lon="-43.987258"><ele>1386.0</ele></trkpt>
   <trkpt lat="-20.062001" lon="-43.987898"><ele>1387.8</ele></trkpt>
   <trkpt lat="-20.061686" lon="-43.988280"><ele>1389.0</ele></trkpt>
   <trkpt lat="-20.061600" lon="-43.988350"><ele>1389.2</ele></trkpt>
   <trkpt lat="-20.061397" lon="-43.988479"><ele>1389.8</ele></trkpt>
   <trkpt lat="-20.061101" lon="-43.988562"><ele>1390.2</ele></trkpt>
   <trkpt lat="-20.060998" lon="-43.988618"><ele>1390.4</ele></trkpt>
   <trkpt lat="-20.060869" lon="-43.988746"><ele>1390.6</ele></trkpt>
   <trkpt lat="-20.060595" lon="-43.989078"><ele>1391.0</ele></trkpt>
   <trkpt lat="-20.060237" lon="-43.989333"><ele>1391.4</ele></trkpt>
   <trkpt lat="-20.060053" lon="-43.989533"><ele>1391.6</ele></trkpt>
   <trkpt lat="-20.059982" lon="-43.989656"><ele>1391.8</ele></trkpt>
   <trkpt lat="-20.059936" lon="-43.989863"><ele>1392.0</ele></trkpt>
   <trkpt lat="-20.059933" lon="-43.990015"><ele>1392.2</ele></trkpt>
   <trkpt lat="-20.059960" lon="-43.990252"><ele>1392.4</ele></trkpt>
   <trkpt lat="-20.059937" lon="-43.990395"><ele>1392.6</ele></trkpt>
   <trkpt lat="-20.059850" lon="-43.990522"><ele>1392.6</ele></trkpt>
   <trkpt lat="-20.059593" lon="-43.990786"><ele>1393.2</ele></trkpt>
   <trkpt lat="-20.059508" lon="-43.990900"><ele>1393.2</ele></trkpt>
   <trkpt lat="-20.059376" lon="-43.991144"><ele>1393.6</ele></trkpt>
   <trkpt lat="-20.059256" lon="-43.991421"><ele>1394.2</ele></trkpt>
   <trkpt lat="-20.059221" lon="-43.991625"><ele>1394.6</ele></trkpt>
   <trkpt lat="-20.059243" lon="-43.992037"><ele>1395.4</ele></trkpt>
   <trkpt lat="-20.059234" lon="-43.992083"><ele>1395.6</ele></trkpt>
   <trkpt lat="-20.059189" lon="-43.992158"><ele>1395.8</ele></trkpt>
   <trkpt lat="-20.059108" lon="-43.992214"><ele>1396.0</ele></trkpt>
   <trkpt lat="-20.059059" lon="-43.992230"><ele>1396.2</ele></trkpt>
   <trkpt lat="-20.058954" lon="-43.992230"><ele>1396.6</ele></trkpt>
   <trkpt lat="-20.058851" lon="-43.992192"><ele>1396.8</ele></trkpt>
   <trkpt lat="-20.058588" lon="-43.992038"><ele>1397.6</ele></trkpt>
   <trkpt lat="-20.058357" lon="-43.991945"><ele>1398.2</ele></trkpt>
   <trkpt lat="-20.058187" lon="-43.991890"><ele>1398.6</ele></trkpt>
   <trkpt lat="-20.058009" lon="-43.991862"><ele>1398.8</ele></trkpt>
   <trkpt lat="-20.057884" lon="-43.991883"><ele>1399.0</ele></trkpt>
   <trkpt lat="-20.057763" lon="-43.991932"><ele>1399.2</ele></trkpt>
   <trkpt lat="-20.057543" lon="-43.992095"><ele>1399.2</ele></trkpt>
   <trkpt lat="-20.056951" lon="-43.992617"><ele>1399.4</ele></trkpt>
   <trkpt lat="-20.056565" lon="-43.992942"><ele>1399.4</ele></trkpt>
   <trkpt lat="-20.056404" lon="-43.993058"><ele>1399.2</ele></trkpt>
   <trkpt lat="-20.055947" lon="-43.993455"><ele>1398.4</ele></trkpt>
   <trkpt lat="-20.055814" lon="-43.993629"><ele>1398.2</ele></trkpt>
   <trkpt lat="-20.055471" lon="-43.994160"><ele>1397.6</ele></trkpt>
   <trkpt lat="-20.055367" lon="-43.994290"><ele>1397.6</ele></trkpt>
   <trkpt lat="-20.054437" lon="-43.995221"><ele>1397.0</ele></trkpt>
   <trkpt lat="-20.054348" lon="-43.995353"><ele>1397.0</ele></trkpt>
   <trkpt lat="-20.054210" lon="-43.995624"><ele>1396.8</ele></trkpt>
   <trkpt lat="-20.054155" lon="-43.995762"><ele>1396.8</ele></trkpt>
   <trkpt lat="-20.054083" lon="-43.996033"><ele>1396.8</ele></trkpt>
   <trkpt lat="-20.054059" lon="-43.996429"><ele>1396.8</ele></trkpt>
   <trkpt lat="-20.054030" lon="-43.996519"><ele>1396.8</ele></trkpt>
   <trkpt lat="-20.053995" lon="-43.996579"><ele>1396.8</ele></trkpt>
   <trkpt lat="-20.053905" lon="-43.996634"><ele>1396.8</ele></trkpt>
   <trkpt lat="-20.053770" lon="-43.996642"><ele>1396.4</ele></trkpt>
   <trkpt lat="-20.053498" lon="-43.996594"><ele>1395.8</ele></trkpt>
   <trkpt lat="-20.053289" lon="-43.996579"><ele>1395.6</ele></trkpt>
   <trkpt lat="-20.053208" lon="-43.996625"><ele>1395.6</ele></trkpt>
   <trkpt lat="-20.053123" lon="-43.996731"><ele>1395.6</ele></trkpt>
   <trkpt lat="-20.052953" lon="-43.997086"><ele>1395.8</ele></trkpt>
   <trkpt lat="-20.052716" lon="-43.997824"><ele>1396.4</ele></trkpt>
   <trkpt lat="-20.052669" lon="-43.998040"><ele>1396.6</ele></trkpt>
   <trkpt lat="-20.052519" lon="-43.998932"><ele>1397.6</ele></trkpt>
   <trkpt lat="-20.052483" lon="-43.999075"><ele>1397.8</ele></trkpt>
   <trkpt lat="-20.052455" lon="-43.999145"><ele>1397.8</ele></trkpt>
   <trkpt lat="-20.052375" lon="-43.999271"><ele>1397.8</ele></trkpt>
   <trkpt lat="-20.052279" lon="-43.999381"><ele>1398.0</ele></trkpt>
   <trkpt lat="-20.052144" lon="-43.999507"><ele>1398.0</ele></trkpt>
   <trkpt lat="-20.052074" lon="-43.999608"><ele>1398.0</ele></trkpt>
   <trkpt lat="-20.052014" lon="-43.999717"><ele>1398.0</ele></trkpt>
   <trkpt lat="-20.051954" lon="-43.999905"><ele>1397.8</ele></trkpt>
   <trkpt lat="-20.051922" lon="-44.000042"><ele>1397.8</ele></trkpt>
   <trkpt lat="-20.051889" lon="-44.000306"><ele>1397.6</ele></trkpt>
   <trkpt lat="-20.051826" lon="-44.000486"><ele>1397.6</ele></trkpt>
   <trkpt lat="-20.051828" lon="-44.000604"><ele>1397.4</ele></trkpt>
   <trkpt lat="-20.051903" lon="-44.000836"><ele>1397.4</ele></trkpt>
   <trkpt lat="-20.051896" lon="-44.000999"><ele>1396.6</ele></trkpt>
   <trkpt lat="-20.051876" lon="-44.001027"><ele>1396.2</ele></trkpt>
   <trkpt lat="-20.051837" lon="-44.001029"><ele>1395.6</ele></trkpt>
   <trkpt lat="-20.051735" lon="-44.000931"><ele>1394.6</ele></trkpt>
   <trkpt lat="-20.051654" lon="-44.000908"><ele>1394.0</ele></trkpt>
   <trkpt lat="-20.051560" lon="-44.000907"><ele>1393.4</ele></trkpt>
   <trkpt lat="-20.051496" lon="-44.000937"><ele>1393.2</ele></trkpt>
   <trkpt lat="-20.051490" lon="-44.000956"><ele>1393.0</ele></trkpt>
   <trkpt lat="-20.051501" lon="-44.000975"><ele>1392.6</ele></trkpt>
   <trkpt lat="-20.051481" lon="-44.000974"><ele>1391.0</ele></trkpt>
   <trkpt lat="-20.051438" lon="-44.001019"><ele>1390.0</ele></trkpt>
   <trkpt lat="-20.051284" lon="-44.001077"><ele>1388.6</ele></trkpt>
   <trkpt lat="-20.051200" lon="-44.001150"><ele>1387.8</ele></trkpt>
   <trkpt lat="-20.051174" lon="-44.001228"><ele>1387.2</ele></trkpt>
   <trkpt lat="-20.051148" lon="-44.001493"><ele>1385.8</ele></trkpt>
   <trkpt lat="-20.051110" lon="-44.001653"><ele>1385.0</ele></trkpt>
   <trkpt lat="-20.051043" lon="-44.001786"><ele>1384.4</ele></trkpt>
   <trkpt lat="-20.050897" lon="-44.001966"><ele>1383.8</ele></trkpt>
   <trkpt lat="-20.050783" lon="-44.002332"><ele>1383.6</ele></trkpt>
   <trkpt lat="-20.050763" lon="-44.002443"><ele>1383.6</ele></trkpt>
   <trkpt lat="-20.050758" lon="-44.002569"><ele>1383.8</ele></trkpt>
   <trkpt lat="-20.050782" lon="-44.002769"><ele>1384.0</ele></trkpt>
   <trkpt lat="-20.050780" lon="-44.002907"><ele>1384.0</ele></trkpt>
   <trkpt lat="-20.050642" lon="-44.003475"><ele>1384.4</ele></trkpt>
   <trkpt lat="-20.050579" lon="-44.003584"><ele>1384.2</ele></trkpt>
   <trkpt lat="-20.050445" lon="-44.003708"><ele>1383.6</ele></trkpt>
   <trkpt lat="-20.050371" lon="-44.003815"><ele>1383.2</ele></trkpt>
   <trkpt lat="-20.050318" lon="-44.003918"><ele>1382.6</ele></trkpt>
   <trkpt lat="-20.050289" lon="-44.004031"><ele>1382.0</ele></trkpt>
   <trkpt lat="-20.050294" lon="-44.004067"><ele>1381.4</ele></trkpt>
   <trkpt lat="-20.050315" lon="-44.004085"><ele>1380.2</ele></trkpt>
   <trkpt lat="-20.050341" lon="-44.004152"><ele>1379.2</ele></trkpt>
   <trkpt lat="-20.050422" lon="-44.004403"><ele>1376.2</ele></trkpt>
   <trkpt lat="-20.050455" lon="-44.004556"><ele>1374.2</ele></trkpt>
   <trkpt lat="-20.050462" lon="-44.004741"><ele>1370.8</ele></trkpt>
   <trkpt lat="-20.050407" lon="-44.005022"><ele>1364.6</ele></trkpt>
   <trkpt lat="-20.050410" lon="-44.005142"><ele>1361.8</ele></trkpt>
   <trkpt lat="-20.050575" lon="-44.005490"><ele>1355.0</ele></trkpt>
   <trkpt lat="-20.050750" lon="-44.005770"><ele>1350.0</ele></trkpt>
   <trkpt lat="-20.050817" lon="-44.005927"><ele>1347.8</ele></trkpt>
   <trkpt lat="-20.050829" lon="-44.005984"><ele>1347.2</ele></trkpt>
   <trkpt lat="-20.050834" lon="-44.006163"><ele>1345.0</ele></trkpt>
   <trkpt lat="-20.050904" lon="-44.006630"><ele>1339.4</ele></trkpt>
   <trkpt lat="-20.050914" lon="-44.006862"><ele>1336.6</ele></trkpt>
   <trkpt lat="-20.050869" lon="-44.007058"><ele>1334.2</ele></trkpt>
   <trkpt lat="-20.050871" lon="-44.007249"><ele>1331.8</ele></trkpt>
   <trkpt lat="-20.050808" lon="-44.007512"><ele>1329.2</ele></trkpt>
   <trkpt lat="-20.050790" lon="-44.007667"><ele>1327.8</ele></trkpt>
   <trkpt lat="-20.050796" lon="-44.007715"><ele>1327.4</ele></trkpt>
   <trkpt lat="-20.050829" lon="-44.007803"><ele>1326.6</ele></trkpt>
   <trkpt lat="-20.050903" lon="-44.007902"><ele>1325.8</ele></trkpt>
   <trkpt lat="-20.050950" lon="-44.008005"><ele>1325.2</ele></trkpt>
   <trkpt lat="-20.050981" lon="-44.008030"><ele>1325.0</ele></trkpt>
   <trkpt lat="-20.051103" lon="-44.008060"><ele>1324.8</ele></trkpt>
   <trkpt lat="-20.051176" lon="-44.008094"><ele>1324.8</ele></trkpt>
   <trkpt lat="-20.051225" lon="-44.008178"><ele>1324.8</ele></trkpt>
   <trkpt lat="-20.051230" lon="-44.008285"><ele>1324.8</ele></trkpt>
   <trkpt lat="-20.051258" lon="-44.008307"><ele>1325.0</ele></trkpt>
   <trkpt lat="-20.051361" lon="-44.008328"><ele>1325.2</ele></trkpt>
   <trkpt lat="-20.051421" lon="-44.008457"><ele>1325.2</ele></trkpt>
   <trkpt lat="-20.051339" lon="-44.008667"><ele>1325.2</ele></trkpt>
   <trkpt lat="-20.051347" lon="-44.008722"><ele>1325.4</ele></trkpt>
   <trkpt lat="-20.051364" lon="-44.008743"><ele>1325.4</ele></trkpt>
   <trkpt lat="-20.051474" lon="-44.008771"><ele>1325.6</ele></trkpt>
   <trkpt lat="-20.051594" lon="-44.008758"><ele>1325.8</ele></trkpt>
   <trkpt lat="-20.051759" lon="-44.008775"><ele>1326.4</ele></trkpt>
   <trkpt lat="-20.051852" lon="-44.008759"><ele>1326.8</ele></trkpt>
   <trkpt lat="-20.051914" lon="-44.008777"><ele>1327.0</ele></trkpt>
   <trkpt lat="-20.051936" lon="-44.008800"><ele>1327.2</ele></trkpt>
   <trkpt lat="-20.051949" lon="-44.008856"><ele>1327.6</ele></trkpt>
   <trkpt lat="-20.051860" lon="-44.008977"><ele>1328.6</ele></trkpt>
   <trkpt lat="-20.051832" lon="-44.009088"><ele>1329.4</ele></trkpt>
   <trkpt lat="-20.051726" lon="-44.009135"><ele>1330.4</ele></trkpt>
   <trkpt lat="-20.051721" lon="-44.009171"><ele>1330.8</ele></trkpt>
   <trkpt lat="-20.051821" lon="-44.009203"><ele>1331.6</ele></trkpt>
   <trkpt lat="-20.051907" lon="-44.009294"><ele>1332.4</ele></trkpt>
   <trkpt lat="-20.052164" lon="-44.009208"><ele>1333.6</ele></trkpt>
   <trkpt lat="-20.052236" lon="-44.009199"><ele>1334.2</ele></trkpt>
   <trkpt lat="-20.052273" lon="-44.009214"><ele>1334.6</ele></trkpt>
   <trkpt lat="-20.052281" lon="-44.009249"><ele>1335.0</ele></trkpt>
   <trkpt lat="-20.052216" lon="-44.009348"><ele>1336.0</ele></trkpt>
   <trkpt lat="-20.052136" lon="-44.009586"><ele>1337.8</ele></trkpt>
   <trkpt lat="-20.051964" lon="-44.009696"><ele>1339.4</ele></trkpt>
   <trkpt lat="-20.051931" lon="-44.009808"><ele>1340.6</ele></trkpt>
   <trkpt lat="-20.051805" lon="-44.009885"><ele>1342.4</ele></trkpt>
   <trkpt lat="-20.051783" lon="-44.009945"><ele>1343.0</ele></trkpt>
   <trkpt lat="-20.051811" lon="-44.010003"><ele>1343.8</ele></trkpt>
   <trkpt lat="-20.051882" lon="-44.010080"><ele>1345.0</ele></trkpt>
   <trkpt lat="-20.051994" lon="-44.010242"><ele>1347.0</ele></trkpt>
   <trkpt lat="-20.052038" lon="-44.010281"><ele>1347.6</ele></trkpt>
   <trkpt lat="-20.052120" lon="-44.010322"><ele>1348.6</ele></trkpt>
   <trkpt lat="-20.052206" lon="-44.010341"><ele>1349.6</ele></trkpt>
   <trkpt lat="-20.052301" lon="-44.010336"><ele>1350.8</ele></trkpt>
   <trkpt lat="-20.052340" lon="-44.010359"><ele>1351.4</ele></trkpt>
   <trkpt lat="-20.052362" lon="-44.010447"><ele>1352.2</ele></trkpt>
   <trkpt lat="-20.052306" lon="-44.010691"><ele>1354.4</ele></trkpt>
   <trkpt lat="-20.052280" lon="-44.010712"><ele>1354.8</ele></trkpt>
   <trkpt lat="-20.052222" lon="-44.010651"><ele>1356.0</ele></trkpt>
   <trkpt lat="-20.052190" lon="-44.010640"><ele>1356.4</ele></trkpt>
   <trkpt lat="-20.052162" lon="-44.010668"><ele>1357.0</ele></trkpt>
   <trkpt lat="-20.052146" lon="-44.010739"><ele>1358.0</ele></trkpt>
   <trkpt lat="-20.052117" lon="-44.010771"><ele>1358.6</ele></trkpt>
   <trkpt lat="-20.051961" lon="-44.010770"><ele>1361.2</ele></trkpt>
   <trkpt lat="-20.051942" lon="-44.010795"><ele>1362.0</ele></trkpt>
   <trkpt lat="-20.051929" lon="-44.010849"><ele>1363.2</ele></trkpt>
   <trkpt lat="-20.051865" lon="-44.010870"><ele>1364.4</ele></trkpt>
   <trkpt lat="-20.051806" lon="-44.010865"><ele>1365.2</ele></trkpt>
   <trkpt lat="-20.051643" lon="-44.010792"><ele>1367.0</ele></trkpt>
   <trkpt lat="-20.051504" lon="-44.010750"><ele>1368.6</ele></trkpt>
   <trkpt lat="-20.051203" lon="-44.010791"><ele>1372.0</ele></trkpt>
   <trkpt lat="-20.051166" lon="-44.010829"><ele>1372.6</ele></trkpt>
   <trkpt lat="-20.051172" lon="-44.010950"><ele>1373.8</ele></trkpt>
   <trkpt lat="-20.051160" lon="-44.011009"><ele>1374.2</ele></trkpt>
   <trkpt lat="-20.051113" lon="-44.011086"><ele>1375.0</ele></trkpt>
   <trkpt lat="-20.051066" lon="-44.011122"><ele>1375.4</ele></trkpt>
   <trkpt lat="-20.050941" lon="-44.011161"><ele>1376.4</ele></trkpt>
   <trkpt lat="-20.050631" lon="-44.011120"><ele>1377.6</ele></trkpt>
   <trkpt lat="-20.050552" lon="-44.011138"><ele>1377.8</ele></trkpt>
   <trkpt lat="-20.050547" lon="-44.011179"><ele>1378.2</ele></trkpt>
   <trkpt lat="-20.050575" lon="-44.011220"><ele>1378.4</ele></trkpt>
   <trkpt lat="-20.050650" lon="-44.011288"><ele>1379.6</ele></trkpt>
   <trkpt lat="-20.050749" lon="-44.011326"><ele>1380.2</ele></trkpt>
   <trkpt lat="-20.050773" lon="-44.011353"><ele>1380.6</ele></trkpt>
   <trkpt lat="-20.050755" lon="-44.011411"><ele>1381.2</ele></trkpt>
   <trkpt lat="-20.050687" lon="-44.011451"><ele>1381.6</ele></trkpt>
   <trkpt lat="-20.050587" lon="-44.011432"><ele>1382.4</ele></trkpt>
   <trkpt lat="-20.050457" lon="-44.011343"><ele>1383.0</ele></trkpt>
   <trkpt lat="-20.050326" lon="-44.011290"><ele>1383.8</ele></trkpt>
   <trkpt lat="-20.050067" lon="-44.011258"><ele>1385.4</ele></trkpt>
   <trkpt lat="-20.050012" lon="-44.011265"><ele>1386.0</ele></trkpt>
   <trkpt lat="-20.049956" lon="-44.011290"><ele>1386.6</ele></trkpt>
   <trkpt lat="-20.049872" lon="-44.011364"><ele>1388.0</ele></trkpt>
   <trkpt lat="-20.049819" lon="-44.011465"><ele>1389.4</ele></trkpt>
   <trkpt lat="-20.049822" lon="-44.011522"><ele>1390.2</ele></trkpt>
   <trkpt lat="-20.049879" lon="-44.011650"><ele>1392.2</ele></trkpt>
   <trkpt lat="-20.049887" lon="-44.011740"><ele>1393.4</ele></trkpt>
   <trkpt lat="-20.049817" lon="-44.012040"><ele>1397.2</ele></trkpt>
   <trkpt lat="-20.049825" lon="-44.012194"><ele>1398.8</ele></trkpt>
   <trkpt lat="-20.049783" lon="-44.012375"><ele>1400.6</ele></trkpt>
   <trkpt lat="-20.049755" lon="-44.012421"><ele>1401.2</ele></trkpt>
   <trkpt lat="-20.049667" lon="-44.012459"><ele>1402.0</ele></trkpt>
   <trkpt lat="-20.049448" lon="-44.012486"><ele>1403.4</ele></trkpt>
   <trkpt lat="-20.049235" lon="-44.012552"><ele>1405.8</ele></trkpt>
   <trkpt lat="-20.049027" lon="-44.012583"><ele>1408.8</ele></trkpt>
   <trkpt lat="-20.048974" lon="-44.012620"><ele>1409.6</ele></trkpt>
   <trkpt lat="-20.048823" lon="-44.012782"><ele>1412.6</ele></trkpt>
   <trkpt lat="-20.048408" lon="-44.013044"><ele>1418.0</ele></trkpt>
   <trkpt lat="-20.048263" lon="-44.013076"><ele>1419.2</ele></trkpt>
   <trkpt lat="-20.048005" lon="-44.013098"><ele>1420.4</ele></trkpt>
   <trkpt lat="-20.047694" lon="-44.013093"><ele>1420.0</ele></trkpt>
   <trkpt lat="-20.047445" lon="-44.013046"><ele>1418.6</ele></trkpt>
   <trkpt lat="-20.047233" lon="-44.012919"><ele>1417.4</ele></trkpt>
   <trkpt lat="-20.047131" lon="-44.012767"><ele>1416.6</ele></trkpt>
   <trkpt lat="-20.047029" lon="-44.012668"><ele>1416.2</ele></trkpt>
   <trkpt lat="-20.047028" lon="-44.012686"><ele>1415.8</ele></trkpt>
   <trkpt lat="-20.047026" lon="-44.012660"><ele>1415.0</ele></trkpt>
   <trkpt lat="-20.046692" lon="-44.012166"><ele>1415.8</ele></trkpt>
   <trkpt lat="-20.046161" lon="-44.011416"><ele>1416.6</ele></trkpt>
   <trkpt lat="-20.046056" lon="-44.011306"><ele>1416.4</ele></trkpt>
   <trkpt lat="-20.045761" lon="-44.011051"><ele>1416.0</ele></trkpt>
   <trkpt lat="-20.045632" lon="-44.010969"><ele>1415.6</ele></trkpt>
   <trkpt lat="-20.045275" lon="-44.010831"><ele>1415.2</ele></trkpt>
   <trkpt lat="-20.044651" lon="-44.010654"><ele>1414.6</ele></trkpt>
   <trkpt lat="-20.044511" lon="-44.010637"><ele>1414.4</ele></trkpt>
   <trkpt lat="-20.044382" lon="-44.010594"><ele>1414.2</ele></trkpt>
   <trkpt lat="-20.044129" lon="-44.010452"><ele>1413.6</ele></trkpt>
   <trkpt lat="-20.043583" lon="-44.010107"><ele>1411.2</ele></trkpt>
   <trkpt lat="-20.043280" lon="-44.009936"><ele>1409.2</ele></trkpt>
   <trkpt lat="-20.042930" lon="-44.009648"><ele>1405.8</ele></trkpt>
   <trkpt lat="-20.042357" lon="-44.008946"><ele>1398.8</ele></trkpt>
   <trkpt lat="-20.042219" lon="-44.008822"><ele>1397.4</ele></trkpt>
   <trkpt lat="-20.042038" lon="-44.008713"><ele>1395.8</ele></trkpt>
   <trkpt lat="-20.041893" lon="-44.008684"><ele>1394.4</ele></trkpt>
   <trkpt lat="-20.041700" lon="-44.008691"><ele>1392.6</ele></trkpt>
   <trkpt lat="-20.041650" lon="-44.008675"><ele>1392.2</ele></trkpt>
   <trkpt lat="-20.041658" lon="-44.008669"><ele>1391.4</ele></trkpt>
   <trkpt lat="-20.041566" lon="-44.008614"><ele>1390.4</ele></trkpt>
   <trkpt lat="-20.041500" lon="-44.008535"><ele>1390.2</ele></trkpt>
   <trkpt lat="-20.041261" lon="-44.008175"><ele>1389.8</ele></trkpt>
   <trkpt lat="-20.041062" lon="-44.007844"><ele>1390.2</ele></trkpt>
   <trkpt lat="-20.040887" lon="-44.007621"><ele>1390.2</ele></trkpt>
   <trkpt lat="-20.040839" lon="-44.007579"><ele>1390.2</ele></trkpt>
   <trkpt lat="-20.040736" lon="-44.007525"><ele>1390.0</ele></trkpt>
   <trkpt lat="-20.040628" lon="-44.007499"><ele>1389.8</ele></trkpt>
   <trkpt lat="-20.040461" lon="-44.007485"><ele>1389.4</ele></trkpt>
   <trkpt lat="-20.040127" lon="-44.007494"><ele>1387.6</ele></trkpt>
   <trkpt lat="-20.039609" lon="-44.007401"><ele>1382.6</ele></trkpt>
   <trkpt lat="-20.039473" lon="-44.007425"><ele>1381.2</ele></trkpt>
   <trkpt lat="-20.039321" lon="-44.007489"><ele>1379.0</ele></trkpt>
   <trkpt lat="-20.039205" lon="-44.007502"><ele>1377.4</ele></trkpt>
   <trkpt lat="-20.038875" lon="-44.007441"><ele>1373.8</ele></trkpt>
   <trkpt lat="-20.038722" lon="-44.007384"><ele>1371.8</ele></trkpt>
   <trkpt lat="-20.038682" lon="-44.007354"><ele>1371.2</ele></trkpt>
   <trkpt lat="-20.038437" lon="-44.007075"><ele>1366.8</ele></trkpt>
   <trkpt lat="-20.038154" lon="-44.006806"><ele>1363.2</ele></trkpt>
   <trkpt lat="-20.038030" lon="-44.006647"><ele>1361.6</ele></trkpt>
   <trkpt lat="-20.037733" lon="-44.006416"><ele>1358.8</ele></trkpt>
   <trkpt lat="-20.037676" lon="-44.006342"><ele>1358.0</ele></trkpt>
   <trkpt lat="-20.037585" lon="-44.006181"><ele>1356.2</ele></trkpt>
   <trkpt lat="-20.037415" lon="-44.005985"><ele>1354.2</ele></trkpt>
   <trkpt lat="-20.037176" lon="-44.005766"><ele>1352.0</ele></trkpt>
   <trkpt lat="-20.036941" lon="-44.005582"><ele>1350.4</ele></trkpt>
   <trkpt lat="-20.036845" lon="-44.005531"><ele>1349.6</ele></trkpt>
   <trkpt lat="-20.036823" lon="-44.005507"><ele>1349.2</ele></trkpt>
   <trkpt lat="-20.036783" lon="-44.005397"><ele>1348.4</ele></trkpt>
   <trkpt lat="-20.036777" lon="-44.005241"><ele>1347.6</ele></trkpt>
   <trkpt lat="-20.036734" lon="-44.005118"><ele>1347.0</ele></trkpt>
   <trkpt lat="-20.036685" lon="-44.005030"><ele>1346.8</ele></trkpt>
   <trkpt lat="-20.036522" lon="-44.004908"><ele>1346.8</ele></trkpt>
   <trkpt lat="-20.036409" lon="-44.004797"><ele>1347.2</ele></trkpt>
   <trkpt lat="-20.036240" lon="-44.004695"><ele>1347.2</ele></trkpt>
   <trkpt lat="-20.036179" lon="-44.004633"><ele>1347.0</ele></trkpt>
   <trkpt lat="-20.036119" lon="-44.004525"><ele>1346.2</ele></trkpt>
   <trkpt lat="-20.036027" lon="-44.004264"><ele>1343.4</ele></trkpt>
   <trkpt lat="-20.035998" lon="-44.004119"><ele>1341.4</ele></trkpt>
   <trkpt lat="-20.035966" lon="-44.004034"><ele>1339.8</ele></trkpt>
   <trkpt lat="-20.035749" lon="-44.003743"><ele>1334.6</ele></trkpt>
   <trkpt lat="-20.035594" lon="-44.003589"><ele>1331.8</ele></trkpt>
   <trkpt lat="-20.035351" lon="-44.003419"><ele>1328.2</ele></trkpt>
   <trkpt lat="-20.035242" lon="-44.003366"><ele>1327.0</ele></trkpt>
   <trkpt lat="-20.035075" lon="-44.003319"><ele>1324.8</ele></trkpt>
   <trkpt lat="-20.034548" lon="-44.003328"><ele>1318.4</ele></trkpt>
   <trkpt lat="-20.034305" lon="-44.003239"><ele>1315.2</ele></trkpt>
   <trkpt lat="-20.034104" lon="-44.003197"><ele>1311.6</ele></trkpt>
   <trkpt lat="-20.034076" lon="-44.003184"><ele>1311.0</ele></trkpt>
   <trkpt lat="-20.034016" lon="-44.003113"><ele>1308.0</ele></trkpt>
   <trkpt lat="-20.033790" lon="-44.003074"><ele>1302.6</ele></trkpt>
   <trkpt lat="-20.033633" lon="-44.003081"><ele>1299.6</ele></trkpt>
   <trkpt lat="-20.033563" lon="-44.003046"><ele>1298.0</ele></trkpt>
   <trkpt lat="-20.033486" lon="-44.002963"><ele>1295.4</ele></trkpt>
   <trkpt lat="-20.033444" lon="-44.003000"><ele>1294.2</ele></trkpt>
   <trkpt lat="-20.033433" lon="-44.003042"><ele>1293.4</ele></trkpt>
   <trkpt lat="-20.033449" lon="-44.003144"><ele>1292.2</ele></trkpt>
   <trkpt lat="-20.033499" lon="-44.003236"><ele>1291.0</ele></trkpt>
   <trkpt lat="-20.033532" lon="-44.003270"><ele>1290.4</ele></trkpt>
   <trkpt lat="-20.033649" lon="-44.003328"><ele>1288.0</ele></trkpt>
   <trkpt lat="-20.033652" lon="-44.003343"><ele>1287.2</ele></trkpt>
   <trkpt lat="-20.033626" lon="-44.003363"><ele>1286.6</ele></trkpt>
   <trkpt lat="-20.033570" lon="-44.003377"><ele>1285.2</ele></trkpt>
   <trkpt lat="-20.033325" lon="-44.003390"><ele>1281.8</ele></trkpt>
   <trkpt lat="-20.033261" lon="-44.003411"><ele>1280.4</ele></trkpt>
   <trkpt lat="-20.033231" lon="-44.003452"><ele>1278.8</ele></trkpt>
   <trkpt lat="-20.033227" lon="-44.003483"><ele>1278.0</ele></trkpt>
   <trkpt lat="-20.033243" lon="-44.003559"><ele>1276.4</ele></trkpt>
   <trkpt lat="-20.033278" lon="-44.003632"><ele>1274.8</ele></trkpt>
  </trkseg>
 </trk>
</gpx>
