<?xml version="1.0" encoding="UTF-8"?>
<gpx version="1.1" creator="track-viewer sample" xmlns="http://www.topografix.com/GPX/1/1">
 <trk>
  <name>Vale do Sol</name>
  <type>cycling</type>
  <trkseg>
   <trkpt lat="-20.079322" lon="-43.983197"><ele>1387.0</ele></trkpt>
   <trkpt lat="-20.079387" lon="-43.983149"><ele>1387.8</ele></trkpt>
   <trkpt lat="-20.079438" lon="-43.983066"><ele>1388.6</ele></trkpt>
   <trkpt lat="-20.079547" lon="-43.983022"><ele>1389.6</ele></trkpt>
   <trkpt lat="-20.079605" lon="-43.982958"><ele>1390.0</ele></trkpt>
   <trkpt lat="-20.079713" lon="-43.982960"><ele>1391.2</ele></trkpt>
   <trkpt lat="-20.079760" lon="-43.982946"><ele>1391.6</ele></trkpt>
   <trkpt lat="-20.079795" lon="-43.982968"><ele>1392.2</ele></trkpt>
   <trkpt lat="-20.079792" lon="-43.983055"><ele>1392.8</ele></trkpt>
   <trkpt lat="-20.079704" lon="-43.983176"><ele>1393.0</ele></trkpt>
   <trkpt lat="-20.079587" lon="-43.983271"><ele>1392.8</ele></trkpt>
   <trkpt lat="-20.079484" lon="-43.983427"><ele>1392.0</ele></trkpt>
   <trkpt lat="-20.079378" lon="-43.983552"><ele>1391.4</ele></trkpt>
   <trkpt lat="-20.079077" lon="-43.983818"><ele>1389.2</ele></trkpt>
   <trkpt lat="-20.078921" lon="-43.984062"><ele>1388.4</ele></trkpt>
   <trkpt lat="-20.078759" lon="-43.984239"><ele>1388.0</ele></trkpt>
   <trkpt lat="-20.078714" lon="-43.984325"><ele>1388.2</ele></trkpt>
   <trkpt lat="-20.078704" lon="-43.984404"><ele>1388.6</ele></trkpt>
   <trkpt lat="-20.078712" lon="-43.984537"><ele>1389.8</ele></trkpt>
   <trkpt lat="-20.078667" lon="-43.984628"><ele>1390.6</ele></trkpt>
   <trkpt lat="-20.078653" lon="-43.984756"><ele>1392.0</ele></trkpt>
   <trkpt lat="-20.078670" lon="-43.984898"><ele>1393.8</ele></trkpt>
   <trkpt lat="-20.078708" lon="-43.984972"><ele>1395.0</ele></trkpt>
   <trkpt lat="-20.078716" lon="-43.985093"><ele>1397.4</ele></trkpt>
   <trkpt lat="-20.078738" lon="-43.985165"><ele>1398.6</ele></trkpt>
   <trkpt lat="-20.078662" lon="-43.985290"><ele>1399.4</ele></trkpt>
   <trkpt lat="-20.078659" lon="-43.985331"><ele>1399.8</ele></trkpt>
   <trkpt lat="-20.078690" lon="-43.985450"><ele>1401.8</ele></trkpt>
   <trkpt lat="-20.078616" lon="-43.985572"><ele>1402.8</ele></trkpt>
   <trkpt lat="-20.078580" lon="-43.985706"><ele>1403.2</ele></trkpt>
   <trkpt lat="-20.078519" lon="-43.985847"><ele>1403.2</ele></trkpt>
   <trkpt lat="-20.078533" lon="-43.986108"><ele>1403.6</ele></trkpt>
   <trkpt lat="-20.078464" lon="-43.986276"><ele>1403.0</ele></trkpt>
   <trkpt lat="-20.078473" lon="-43.986433"><ele>1402.8</ele></trkpt>
   <trkpt lat="-20.078426" lon="-43.986578"><ele>1402.4</ele></trkpt>
   <trkpt lat="-20.078390" lon="-43.986965"><ele>1402.2</ele></trkpt>
   <trkpt lat="-20.078324" lon="-43.987121"><ele>1401.8</ele></trkpt>
   <trkpt lat="-20.078299" lon="-43.987212"><ele>1401.6</ele></trkpt>
   <trkpt lat="-20.078294" lon="-43.987340"><ele>1401.8</ele></trkpt>
   <trkpt lat="-20.078304" lon="-43.987440"><ele>1402.2</ele></trkpt>
   <trkpt lat="-20.078336" lon="-43.987566"><ele>1403.0</ele></trkpt>
   <trkpt lat="-20.078386" lon="-43.987645"><ele>1403.8</ele></trkpt>
   <trkpt lat="-20.078408" lon="-43.987745"><ele>1404.4</ele></trkpt>
   <trkpt lat="-20.078648" lon="-43.987920"><ele>1407.4</ele></trkpt>
   <trkpt lat="-20.079267" lon="-43.988440"><ele>1416.6</ele></trkpt>
   <trkpt lat="-20.079393" lon="-43.988519"><ele>1418.8</ele></trkpt>
   <trkpt lat="-20.079542" lon="-43.988567"><ele>1421.0</ele></trkpt>
   <trkpt lat="-20.079703" lon="-43.988589"><ele>1423.0</ele></trkpt>
   <trkpt lat="-20.079930" lon="-43.988569"><ele>1425.8</ele></trkpt>
   <trkpt lat="-20.080671" lon="-43.988427"><ele>1435.4</ele></trkpt>
   <trkpt lat="-20.080966" lon="-43.988339"><ele>1438.4</ele></trkpt>
   <trkpt lat="-20.081150" lon="-43.988309"><ele>1440.6</ele></trkpt>
   <trkpt lat="-20.081493" lon="-43.988332"><ele>1445.2</ele></trkpt>
   <trkpt lat="-20.081712" lon="-43.988375"><ele>1446.8</ele></trkpt>
   <trkpt lat="-20.081773" lon="-43.988414"><ele>1447.2</ele></trkpt>
   <trkpt lat="-20.081791" lon="-43.988475"><ele>1447.2</ele></trkpt>
   <trkpt lat="-20.081851" lon="-43.988501"><ele>1447.2</ele></trkpt>
   <trkpt lat="-20.081928" lon="-43.988576"><ele>1447.4</ele></trkpt>
   <trkpt lat="-20.082220" lon="-43.988641"><ele>1448.2</ele></trkpt>
   <trkpt lat="-20.082411" lon="-43.988724"><ele>1448.2</ele></trkpt>
   <trkpt lat="-20.082554" lon="-43.988811"><ele>1447.8</ele></trkpt>
   <trkpt lat="-20.082666" lon="-43.988900"><ele>1447.2</ele></trkpt>
   <trkpt lat="-20.083147" lon="-43.989369"><ele>1444.0</ele></trkpt>
   <trkpt lat="-20.083431" lon="-43.989578"><ele>1442.4</ele></trkpt>
   <trkpt lat="-20.083574" lon="-43.989655"><ele>1441.2</ele></trkpt>
   <trkpt lat="-20.083653" lon="-43.989637"><ele>1440.4</ele></trkpt>
   <trkpt lat="-20.083738" lon="-43.989546"><ele>1439.0</ele></trkpt>
   <trkpt lat="-20.083765" lon="-43.989550"><ele>1438.4</ele></trkpt>
   <trkpt lat="-20.084110" lon="-43.989250"><ele>1436.6</ele></trkpt>
   <trkpt lat="-20.084553" lon="-43.988956"><ele>1435.6</ele></trkpt>
   <trkpt lat="-20.084772" lon="-43.988842"><ele>1435.4</ele></trkpt>
   <trkpt lat="-20.085340" lon="-43.988618"><ele>1435.4</ele></trkpt>
   <trkpt lat="-20.085457" lon="-43.988555"><ele>1435.4</ele></trkpt>
   <trkpt lat="-20.085527" lon="-43.988501"><ele>1435.6</ele></trkpt>
   <trkpt lat="-20.086228" lon="-43.987755"><ele>1437.2</ele></trkpt>
   <trkpt lat="-20.086622" lon="-43.987374"><ele>1439.0</ele></trkpt>
   <trkpt lat="-20.086708" lon="-43.987268"><ele>1439.6</ele></trkpt>
   <trkpt lat="-20.086985" lon="-43.986978"><ele>1441.0</ele></trkpt>
   <trkpt lat="-20.087436" lon="-43.986602"><ele>1443.8</ele></trkpt>
   <trkpt lat="-20.087697" lon="-43.986333"><ele>1445.4</ele></trkpt>
   <trkpt lat="-20.087987" lon="-43.986102"><ele>1448.6</ele></trkpt>
   <trkpt lat="-20.088231" lon="-43.985871"><ele>1450.8</ele></trkpt>
   <trkpt lat="-20.088497" lon="-43.985668"><ele>1452.8</ele></trkpt>
   <trkpt lat="-20.088763" lon="-43.985391"><ele>1454.8</ele></trkpt>
   <trkpt lat="-20.088859" lon="-43.985213"><ele>1456.6</ele></trkpt>
   <trkpt lat="-20.088979" lon="-43.985072"><ele>1459.2</ele></trkpt>
   <trkpt lat="-20.089146" lon="-43.984965"><ele>1461.8</ele></trkpt>
   <trkpt lat="-20.089356" lon="-43.984886"><ele>1464.4</ele></trkpt>
   <trkpt lat="-20.089501" lon="-43.984804"><ele>1466.0</ele></trkpt>
   <trkpt lat="-20.089985" lon="-43.984574"><ele>1471.0</ele></trkpt>
   <trkpt lat="-20.090330" lon="-43.984385"><ele>1473.6</ele></trkpt>
   <trkpt lat="-20.091404" lon="-43.983836"><ele>1481.6</ele></trkpt>
   <trkpt lat="-20.091881" lon="-43.983606"><ele>1485.0</ele></trkpt>
   <trkpt lat="-20.092185" lon="-43.983486"><ele>1486.6</ele></trkpt>
   <trkpt lat="-20.092266" lon="-43.983465"><ele>1487.0</ele></trkpt>
   <trkpt lat="-20.092432" lon="-43.983452"><ele>1488.0</ele></trkpt>
   <trkpt lat="-20.092861" lon="-43.983459"><ele>1490.0</ele></trkpt>
   <trkpt lat="-20.093203" lon="-43.983508"><ele>1491.6</ele></trkpt>
   <trkpt lat="-20.093420" lon="-43.983554"><ele>1492.4</ele></trkpt>
   <trkpt lat="-20.094223" lon="-43.983659"><ele>1492.4</ele></trkpt>
   <trkpt lat="-20.094355" lon="-43.983656"><ele>1491.6</ele></trkpt>
   <trkpt lat="-20.094727" lon="-43.983610"><ele>1489.4</ele></trkpt>
   <trkpt lat="-20.095143" lon="-43.983586"><ele>1488.2</ele></trkpt>
   <trkpt lat="-20.095397" lon="-43.983592"><ele>1487.2</ele></trkpt>
   <trkpt lat="-20.095562" lon="-43.983614"><ele>1486.8</ele></trkpt>
   <trkpt lat="-20.095797" lon="-43.983683"><ele>1486.0</ele></trkpt>
   <trkpt lat="-20.096023" lon="-43.983784"><ele>1485.4</ele></trkpt>
   <trkpt lat="-20.096406" lon="-43.984000"><ele>1484.2</ele></trkpt>
   <trkpt lat="-20.096870" lon="-43.984302"><ele>1482.6</ele></trkpt>
   <trkpt lat="-20.097034" lon="-43.984394"><ele>1481.8</ele></trkpt>
   <trkpt lat="-20.097215" lon="-43.984474"><ele>1480.6</ele></trkpt>
   <trkpt lat="-20.097507" lon="-43.984578"><ele>1478.8</ele></trkpt>
   <trkpt lat="-20.097610" lon="-43.984605"><ele>1478.0</ele></trkpt>
   <trkpt lat="-20.097829" lon="-43.984634"><ele>1475.8</ele></trkpt>
   <trkpt lat="-20.099070" lon="-43.984639"><ele>1464.2</ele></trkpt>
   <trkpt lat="-20.100041" lon="-43.984661"><ele>1458.8</ele></trkpt>
   <trkpt lat="-20.100270" lon="-43.984687"><ele>1457.6</ele></trkpt>
   <trkpt lat="-20.100492" lon="-43.984764"><ele>1456.2</ele></trkpt>
   <trkpt lat="-20.101112" lon="-43.985135"><ele>1451.8</ele></trkpt>
   <trkpt lat="-20.101943" lon="-43.985546"><ele>1452.0</ele></trkpt>
   <trkpt lat="-20.102393" lon="-43.985689"><ele>1454.2</ele></trkpt>
   <trkpt lat="-20.102706" lon="-43.985738"><ele>1456.4</ele></trkpt>
   <trkpt lat="-20.103006" lon="-43.985718"><ele>1459.4</ele></trkpt>
   <trkpt lat="-20.103208" lon="-43.985687"><ele>1461.4</ele></trkpt>
   <trkpt lat="-20.104041" lon="-43.985410"><ele>1463.2</ele></trkpt>
   <trkpt lat="-20.104320" lon="-43.985335"><ele>1463.4</ele></trkpt>
   <trkpt lat="-20.105583" lon="-43.985088"><ele>1461.8</ele></trkpt>
   <trkpt lat="-20.106160" lon="-43.984994"><ele>1458.8</ele></trkpt>
   <trkpt lat="-20.107437" lon="-43.984729"><ele>1453.6</ele></trkpt>
   <trkpt lat="-20.107621" lon="-43.984721"><ele>1452.8</ele></trkpt>
   <trkpt lat="-20.107988" lon="-43.984775"><ele>1452.0</ele></trkpt>
   <trkpt lat="-20.108163" lon="-43.984750"><ele>1451.6</ele></trkpt>
   <trkpt lat="-20.108331" lon="-43.984692"><ele>1451.0</ele></trkpt>
   <trkpt lat="-20.108570" lon="-43.984570"><ele>1450.4</ele></trkpt>
   <trkpt lat="-20.108996" lon="-43.984244"><ele>1449.0</ele></trkpt>
   <trkpt lat="-20.109219" lon="-43.984105"><ele>1448.4</ele></trkpt>
   <trkpt lat="-20.110198" lon="-43.983618"><ele>1448.0</ele></trkpt>
   <trkpt lat="-20.110339" lon="-43.983560"><ele>1447.6</ele></trkpt>
   <trkpt lat="-20.110489" lon="-43.983521"><ele>1447.6</ele></trkpt>
   <trkpt lat="-20.110639" lon="-43.983508"><ele>1447.8</ele></trkpt>
   <trkpt lat="-20.110846" lon="-43.983531"><ele>1448.2</ele></trkpt>
   <trkpt lat="-20.111329" lon="-43.983691"><ele>1451.2</ele></trkpt>
   <trkpt lat="-20.111619" lon="-43.983720"><ele>1453.2</ele></trkpt>
   <trkpt lat="-20.111742" lon="-43.983682"><ele>1454.8</ele></trkpt>
   <trkpt lat="-20.112033" lon="-43.983519"><ele>1459.6</ele></trkpt>
   <trkpt lat="-20.112357" lon="-43.983428"><ele>1464.6</ele></trkpt>
   <trkpt lat="-20.112449" lon="-43.983428"><ele>1465.4</ele></trkpt>
   <trkpt lat="-20.112707" lon="-43.983474"><ele>1466.6</ele></trkpt>
   <trkpt lat="-20.113305" lon="-43.983538"><ele>1466.2</ele></trkpt>
   <trkpt lat="-20.113568" lon="-43.983542"><ele>1466.0</ele></trkpt>
   <trkpt lat="-20.113775" lon="-43.983530"><ele>1466.0</ele></trkpt>
   <trkpt lat="-20.113948" lon="-43.983478"><ele>1466.4</ele></trkpt>
   <trkpt lat="-20.114318" lon="-43.983303"><ele>1469.2</ele></trkpt>
   <trkpt lat="-20.114696" lon="-43.983035"><ele>1473.2</ele></trkpt>
   <trkpt lat="-20.114891" lon="-43.982986"><ele>1475.4</ele></trkpt>
   <trkpt lat="-20.114946" lon="-43.982989"><ele>1476.0</ele></trkpt>
   <trkpt lat="-20.115036" lon="-43.983034"><ele>1476.8</ele></trkpt>
   <trkpt lat="-20.115336" lon="-43.983275"><ele>1478.0</ele></trkpt>
   <trkpt lat="-20.115476" lon="-43.983317"><ele>1478.0</ele></trkpt>
   <trkpt lat="-20.115679" lon="-43.983290"><ele>1478.0</ele></trkpt>
   <trkpt lat="-20.115934" lon="-43.983189"><ele>1478.0</ele></trkpt>
   <trkpt lat="-20.116040" lon="-43.983163"><ele>1477.8</ele></trkpt>
   <trkpt lat="-20.116346" lon="-43.983171"><ele>1477.4</ele></trkpt>
   <trkpt lat="-20.116480" lon="-43.983152"><ele>1477.0</ele></trkpt>
   <trkpt lat="-20.116614" lon="-43.983102"><ele>1476.4</ele></trkpt>
   <trkpt lat="-20.116967" lon="-43.982873"><ele>1474.6</ele></trkpt>
   <trkpt lat="-20.117140" lon="-43.982785"><ele>1473.6</ele></trkpt>
   <trkpt lat="-20.117873" lon="-43.982516"><ele>1472.4</ele></trkpt>
   <trkpt lat="-20.118015" lon="-43.982452"><ele>1472.4</ele></trkpt>
   <trkpt lat="-20.118146" lon="-43.982376"><ele>1472.8</ele></trkpt>
   <trkpt lat="-20.118581" lon="-43.982071"><ele>1473.4</ele></trkpt>
   <trkpt lat="-20.118772" lon="-43.981952"><ele>1473.2</ele></trkpt>
   <trkpt lat="-20.119376" lon="-43.981627"><ele>1471.2</ele></trkpt>
   <trkpt lat="-20.119815" lon="-43.981469"><ele>1469.6</ele></trkpt>
   <trkpt lat="-20.119979" lon="-43.981393"><ele>1469.4</ele></trkpt>
   <trkpt lat="-20.120369" lon="-43.981152"><ele>1468.0</ele></trkpt>
   <trkpt lat="-20.120529" lon="-43.981073"><ele>1467.8</ele></trkpt>
   <trkpt lat="-20.121432" lon="-43.980816"><ele>1464.2</ele></trkpt>
   <trkpt lat="-20.121621" lon="-43.980783"><ele>1464.0</ele></trkpt>
   <trkpt lat="-20.121976" lon="-43.980746"><ele>1462.6</ele></trkpt>
   <trkpt lat="-20.122142" lon="-43.980708"><ele>1462.4</ele></trkpt>
   <trkpt lat="-20.122454" lon="-43.980580"><ele>1461.6</ele></trkpt>
   <trkpt lat="-20.122678" lon="-43.980449"><ele>1461.2</ele></trkpt>
   <trkpt lat="-20.122877" lon="-43.980286"><ele>1461.2</ele></trkpt>
   <trkpt lat="-20.123110" lon="-43.980056"><ele>1461.8</ele></trkpt>
   <trkpt lat="-20.123212" lon="-43.979945"><ele>1462.0</ele></trkpt>
   <trkpt lat="-20.123290" lon="-43.979826"><ele>1462.2</ele></trkpt>
   <trkpt lat="-20.123367" lon="-43.979647"><ele>1463.0</ele></trkpt>
   <trkpt lat="-20.123398" lon="-43.979522"><ele>1463.6</ele></trkpt>
   <trkpt lat="-20.123454" lon="-43.978957"><ele>1465.2</ele></trkpt>
   <trkpt lat="-20.123499" lon="-43.978758"><ele>1465.6</ele></trkpt>
   <trkpt lat="-20.123560" lon="-43.978638"><ele>1465.6</ele></trkpt>
   <trkpt lat="-20.123605" lon="-43.978584"><ele>1465.4</ele></trkpt>
   <trkpt lat="-20.123772" lon="-43.978438"><ele>1464.4</ele></trkpt>
   <trkpt lat="-20.123835" lon="-43.978399"><ele>1464.0</ele></trkpt>
   <trkpt lat="-20.123905" lon="-43.978377"><ele>1463.6</ele></trkpt>
   <trkpt lat="-20.124055" lon="-43.978372"><ele>1463.0</ele></trkpt>
   <trkpt lat="-20.124437" lon="-43.978431"><ele>1462.0</ele></trkpt>
   <trkpt lat="-20.124586" lon="-43.978472"><ele>1461.4</ele></trkpt>
   <trkpt lat="-20.124933" lon="-43.978610"><ele>1460.4</ele></trkpt>
   <trkpt lat="-20.125216" lon="-43.978652"><ele>1459.2</ele></trkpt>
   <trkpt lat="-20.125414" lon="-43.978743"><ele>1458.2</ele></trkpt>
   <trkpt lat="-20.125546" lon="-43.978776"><ele>1457.6</ele></trkpt>
   <trkpt lat="-20.125688" lon="-43.978761"><ele>1456.6</ele></trkpt>
   <trkpt lat="-20.126054" lon="-43.978669"><ele>1454.6</ele></trkpt>
   <trkpt lat="-20.126193" lon="-43.978649"><ele>1453.8</ele></trkpt>
   <trkpt lat="-20.126403" lon="-43.978666"><ele>1453.4</ele></trkpt>
   <trkpt lat="-20.126765" lon="-43.978737"><ele>1453.0</ele></trkpt>
   <trkpt lat="-20.126905" lon="-43.978724"><ele>1453.0</ele></trkpt>
   <trkpt lat="-20.126972" lon="-43.978698"><ele>1452.8</ele></trkpt>
   <trkpt lat="-20.127096" lon="-43.978620"><ele>1452.8</ele></trkpt>
   <trkpt lat="-20.127436" lon="-43.978345"><ele>1453.8</ele></trkpt>
   <trkpt lat="-20.127886" lon="-43.978095"><ele>1455.8</ele></trkpt>
   <trkpt lat="-20.128153" lon="-43.977971"><ele>1457.2</ele></trkpt>
   <trkpt lat="-20.128390" lon="-43.977890"><ele>1458.0</ele></trkpt>
   <trkpt lat="-20.129515" lon="-43.977403"><ele>1462.2</ele></trkpt>
   <trkpt lat="-20.129814" lon="-43.977319"><ele>1465.6</ele></trkpt>
   <trkpt lat="-20.129942" lon="-43.977264"><ele>1466.8</ele></trkpt>
   <trkpt lat="-20.130097" lon="-43.977177"><ele>1468.8</ele></trkpt>
   <trkpt lat="-20.130568" lon="-43.976999"><ele>1472.0</ele></trkpt>
   <trkpt lat="-20.130867" lon="-43.976857"><ele>1475.2</ele></trkpt>
   <trkpt lat="-20.131069" lon="-43.976689"><ele>1477.8</ele></trkpt>
   <trkpt lat="-20.131161" lon="-43.976569"><ele>1479.2</ele></trkpt>
   <trkpt lat="-20.131276" lon="-43.976457"><ele>1481.0</ele></trkpt>
   <trkpt lat="-20.131422" lon="-43.976286"><ele>1484.6</ele></trkpt>
   <trkpt lat="-20.131508" lon="-43.976215"><ele>1486.2</ele></trkpt>
   <trkpt lat="-20.131587" lon="-43.976087"><ele>1487.8</ele></trkpt>
   <trkpt lat="-20.131704" lon="-43.975964"><ele>1490.2</ele></trkpt>
   <trkpt lat="-20.131819" lon="-43.975797"><ele>1494.6</ele></trkpt>
   <trkpt lat="-20.131886" lon="-43.975561"><ele>1497.8</ele></trkpt>
   <trkpt lat="-20.132136" lon="-43.975225"><ele>1500.2</ele></trkpt>
   <trkpt lat="-20.132479" lon="-43.975003"><ele>1501.8</ele></trkpt>
   <trkpt lat="-20.132702" lon="-43.974761"><ele>1502.0</ele></trkpt>
   <trkpt lat="-20.132835" lon="-43.974645"><ele>1502.2</ele></trkpt>
   <trkpt lat="-20.132982" lon="-43.974554"><ele>1502.4</ele></trkpt>
   <trkpt lat="-20.133106" lon="-43.974496"><ele>1503.4</ele></trkpt>
   <trkpt lat="-20.133167" lon="-43.974480"><ele>1504.2</ele></trkpt>
   <trkpt lat="-20.133221" lon="-43.974489"><ele>1505.2</ele></trkpt>
   <trkpt lat="-20.133363" lon="-43.974600"><ele>1507.2</ele></trkpt>
   <trkpt lat="-20.133674" lon="-43.974676"><ele>1509.2</ele></trkpt>
   <trkpt lat="-20.133860" lon="-43.974752"><ele>1508.8</ele></trkpt>
   <trkpt lat="-20.133975" lon="-43.974781"><ele>1508.0</ele></trkpt>
   <trkpt lat="-20.134318" lon="-43.974787"><ele>1505.2</ele></trkpt>
   <trkpt lat="-20.134722" lon="-43.974819"><ele>1499.0</ele></trkpt>
   <trkpt lat="-20.134774" lon="-43.974806"><ele>1497.8</ele></trkpt>
   <trkpt lat="-20.134822" lon="-43.974777"><ele>1496.8</ele></trkpt>
   <trkpt lat="-20.135007" lon="-43.974616"><ele>1493.8</ele></trkpt>
   <trkpt lat="-20.135128" lon="-43.974565"><ele>1493.0</ele></trkpt>
   <trkpt lat="-20.135256" lon="-43.974533"><ele>1492.2</ele></trkpt>
   <trkpt lat="-20.135522" lon="-43.974504"><ele>1490.2</ele></trkpt>
   <trkpt lat="-20.135841" lon="-43.974490"><ele>1487.0</ele></trkpt>
   <trkpt lat="-20.136176" lon="-43.974435"><ele>1483.2</ele></trkpt>
   <trkpt lat="-20.136480" lon="-43.974460"><ele>1478.8</ele></trkpt>
   <trkpt lat="-20.136619" lon="-43.974455"><ele>1477.2</ele></trkpt>
   <trkpt lat="-20.137228" lon="-43.974331"><ele>1472.6</ele></trkpt>
   <trkpt lat="-20.137662" lon="-43.974272"><ele>1469.4</ele></trkpt>
   <trkpt lat="-20.137779" lon="-43.974238"><ele>1468.2</ele></trkpt>
   <trkpt lat="-20.137823" lon="-43.974207"><ele>1467.8</ele></trkpt>
   <trkpt lat="-20.137875" lon="-43.974129"><ele>1467.4</ele></trkpt>
   <trkpt lat="-20.137894" lon="-43.974053"><ele>1467.6</ele></trkpt>
   <trkpt lat="-20.137913" lon="-43.973867"><ele>1469.2</ele></trkpt>
   <trkpt lat="-20.137956" lon="-43.973694"><ele>1472.6</ele></trkpt>
   <trkpt lat="-20.138039" lon="-43.973611"><ele>1474.6</ele></trkpt>
   <trkpt lat="-20.138284" lon="-43.973465"><ele>1478.8</ele></trkpt>
   <trkpt lat="-20.138448" lon="-43.973251"><ele>1482.2</ele></trkpt>
   <trkpt lat="-20.138495" lon="-43.973237"><ele>1483.0</ele></trkpt>
   <trkpt lat="-20.138540" lon="-43.973205"><ele>1484.2</ele></trkpt>
   <trkpt lat="-20.138568" lon="-43.973150"><ele>1485.2</ele></trkpt>
   <trkpt lat="-20.138583" lon="-43.973068"><ele>1486.6</ele></trkpt>
   <trkpt lat="-20.138668" lon="-43.972842"><ele>1490.8</ele></trkpt>
   <trkpt lat="-20.138665" lon="-43.972595"><ele>1493.8</ele></trkpt>
   <trkpt lat="-20.138641" lon="-43.972375"><ele>1495.6</ele></trkpt>
   <trkpt lat="-20.138650" lon="-43.972219"><ele>1496.6</ele></trkpt>
   <trkpt lat="-20.138632" lon="-43.971996"><ele>1497.6</ele></trkpt>
   <trkpt lat="-20.138639" lon="-43.971935"><ele>1498.0</ele></trkpt>
   <trkpt lat="-20.138677" lon="-43.971823"><ele>1499.0</ele></trkpt>
   <trkpt lat="-20.138671" lon="-43.971766"><ele>1499.2</ele></trkpt>
   <trkpt lat="-20.138645" lon="-43.971705"><ele>1499.2</ele></trkpt>
   <trkpt lat="-20.138502" lon="-43.971502"><ele>1500.2</ele></trkpt>
   <trkpt lat="-20.138506" lon="-43.971453"><ele>1500.8</ele></trkpt>
   <trkpt lat="-20.138535" lon="-43.971380"><ele>1501.4</ele></trkpt>
   <trkpt lat="-20.138537" lon="-43.971326"><ele>1501.8</ele></trkpt>
   <trkpt lat="-20.138511" lon="-43.971235"><ele>1502.0</ele></trkpt>
   <trkpt lat="-20.138449" lon="-43.971106"><ele>1501.6</ele></trkpt>
   <trkpt lat="-20.138356" lon="-43.971014"><ele>1501.0</ele></trkpt>
   <trkpt lat="-20.138172" lon="-43.970913"><ele>1499.8</ele></trkpt>
   <trkpt lat="-20.138114" lon="-43.970828"><ele>1499.4</ele></trkpt>
   <trkpt lat="-20.138105" lon="-43.970726"><ele>1499.4</ele></trkpt>
   <trkpt lat="-20.138199" lon="-43.970406"><ele>1498.6</ele></trkpt>
   <trkpt lat="-20.138071" lon="-43.969595"><ele>1490.4</ele></trkpt>
   <trkpt lat="-20.138022" lon="-43.969480"><ele>1488.8</ele></trkpt>
   <trkpt lat="-20.137961" lon="-43.969391"><ele>1487.2</ele></trkpt>
   <trkpt lat="-20.137883" lon="-43.969299"><ele>1485.0</ele></trkpt>
   <trkpt lat="-20.137754" lon="-43.969197"><ele>1482.0</ele></trkpt>
   <trkpt lat="-20.137721" lon="-43.969111"><ele>1480.4</ele></trkpt>
   <trkpt lat="-20.137733" lon="-43.969015"><ele>1479.0</ele></trkpt>
   <trkpt lat="-20.137778" lon="-43.968922"><ele>1477.2</ele></trkpt>
   <trkpt lat="-20.138061" lon="-43.968627"><ele>1473.6</ele></trkpt>
   <trkpt lat="-20.138424" lon="-43.968177"><ele>1471.6</ele></trkpt>
   <trkpt lat="-20.138529" lon="-43.967986"><ele>1470.6</ele></trkpt>
   <trkpt lat="-20.138540" lon="-43.967932"><ele>1470.2</ele></trkpt>
   <trkpt lat="-20.138539" lon="-43.967783"><ele>1469.4</ele></trkpt>
   <trkpt lat="-20.138556" lon="-43.967751"><ele>1469.0</ele></trkpt>
   <trkpt lat="-20.138621" lon="-43.967706"><ele>1469.0</ele></trkpt>
   <trkpt lat="-20.138663" lon="-43.967692"><ele>1469.0</ele></trkpt>
   <trkpt lat="-20.138903" lon="-43.967657"><ele>1467.8</ele></trkpt>
   <trkpt lat="-20.138946" lon="-43.967641"><ele>1467.2</ele></trkpt>
   <trkpt lat="-20.139062" lon="-43.967532"><ele>1465.4</ele></trkpt>
   <trkpt lat="-20.139114" lon="-43.967424"><ele>1463.6</ele></trkpt>
   <trkpt lat="-20.139180" lon="-43.967341"><ele>1462.2</ele></trkpt>
   <trkpt lat="-20.139270" lon="-43.967284"><ele>1461.0</ele></trkpt>
   <trkpt lat="-20.139419" lon="-43.967241"><ele>1459.4</ele></trkpt>
   <trkpt lat="-20.139528" lon="-43.967125"><ele>1457.4</ele></trkpt>
   <trkpt lat="-20.139556" lon="-43.967113"><ele>1456.8</ele></trkpt>
   <trkpt lat="-20.139615" lon="-43.967124"><ele>1456.0</ele></trkpt>
   <trkpt lat="-20.139714" lon="-43.967254"><ele>1454.8</ele></trkpt>
   <trkpt lat="-20.139737" lon="-43.967269"><ele>1454.6</ele></trkpt>
   <trkpt lat="-20.139794" lon="-43.967276"><ele>1454.2</ele></trkpt>
   <trkpt lat="-20.139820" lon="-43.967262"><ele>1453.8</ele></trkpt>
   <trkpt lat="-20.139836" lon="-43.967233"><ele>1453.4</ele></trkpt>
   <trkpt lat="-20.139837" lon="-43.967192"><ele>1453.0</ele></trkpt>
   <trkpt lat="-20.139808" lon="-43.967093"><ele>1452.0</ele></trkpt>
   <trkpt lat="-20.139736" lon="-43.966939"><ele>1450.2</ele></trkpt>
   <trkpt lat="-20.139618" lon="-43.966734"><ele>1447.8</ele></trkpt>
   <trkpt lat="-20.139612" lon="-43.966695"><ele>1447.2</ele></trkpt>
   <trkpt lat="-20.139638" lon="-43.966621"><ele>1446.2</ele></trkpt>
   <trkpt lat="-20.139806" lon="-43.966520"><ele>1443.8</ele></trkpt>
   <trkpt lat="-20.139984" lon="-43.966477"><ele>1441.0</ele></trkpt>
   <trkpt lat="-20.140198" lon="-43.966266"><ele>1438.8</ele></trkpt>
   <trkpt lat="-20.140474" lon="-43.966035"><ele>1437.0</ele></trkpt>
   <trkpt lat="-20.140588" lon="-43.965905"><ele>1436.4</ele></trkpt>
   <trkpt lat="-20.140675" lon="-43.965756"><ele>1436.6</ele></trkpt>
   <trkpt lat="-20.140753" lon="-43.965654"><ele>1436.6</ele></trkpt>
   <trkpt lat="-20.140961" lon="-43.965453"><ele>1435.2</ele></trkpt>
   <trkpt lat="-20.141061" lon="-43.965326"><ele>1433.4</ele></trkpt>
   <trkpt lat="-20.141078" lon="-43.965283"><ele>1432.8</ele></trkpt>
   <trkpt lat="-20.141098" lon="-43.965105"><ele>1430.8</ele></trkpt>
   <trkpt lat="-20.141112" lon="-43.965070"><ele>1430.0</ele></trkpt>
   <trkpt lat="-20.141236" lon="-43.964964"><ele>1427.2</ele></trkpt>
   <trkpt lat="-20.141339" lon="-43.964841"><ele>1424.8</ele></trkpt>
   <trkpt lat="-20.141387" lon="-43.964808"><ele>1424.0</ele></trkpt>
   <trkpt lat="-20.141488" lon="-43.964762"><ele>1422.8</ele></trkpt>
   <trkpt lat="-20.141750" lon="-43.964766"><ele>1419.4</ele></trkpt>
   <trkpt lat="-20.141974" lon="-43.964736"><ele>1417.2</ele></trkpt>
   <trkpt lat="-20.142132" lon="-43.964680"><ele>1416.2</ele></trkpt>
   <trkpt lat="-20.142422" lon="-43.964532"><ele>1414.8</ele></trkpt>
   <trkpt lat="-20.142550" lon="-43.964482"><ele>1414.0</ele></trkpt>
   <trkpt lat="-20.142854" lon="-43.964415"><ele>1411.2</ele></trkpt>
   <trkpt lat="-20.143009" lon="-43.964362"><ele>1409.6</ele></trkpt>
   <trkpt lat="-20.143191" lon="-43.964362"><ele>1407.8</ele></trkpt>
   <trkpt lat="-20.143226" lon="-43.964350"><ele>1407.4</ele></trkpt>
   <trkpt lat="-20.143309" lon="-43.964271"><ele>1406.4</ele></trkpt>
   <trkpt lat="-20.143342" lon="-43.964255"><ele>1406.0</ele></trkpt>
   <trkpt lat="-20.143486" lon="-43.964293"><ele>1406.0</ele></trkpt>
   <trkpt lat="-20.143562" lon="-43.964292"><ele>1406.2</ele></trkpt>
   <trkpt lat="-20.143757" lon="-43.964159"><ele>1408.2</ele></trkpt>
   <trkpt lat="-20.143860" lon="-43.964055"><ele>1410.4</ele></trkpt>
   <trkpt lat="-20.143899" lon="-43.964033"><ele>1411.0</ele></trkpt>
   <trkpt lat="-20.143982" lon="-43.964035"><ele>1412.6</ele></trkpt>
   <trkpt lat="-20.144115" lon="-43.964014"><ele>1415.2</ele></trkpt>
   <trkpt lat="-20.144232" lon="-43.964089"><ele>1417.4</ele></trkpt>
   <trkpt lat="-20.144298" lon="-43.964089"><ele>1418.2</ele></trkpt>
   <trkpt lat="-20.144560" lon="-43.963996"><ele>1419.6</ele></trkpt>
   <trkpt lat="-20.144850" lon="-43.963949"><ele>1420.8</ele></trkpt>
   <trkpt lat="-20.145114" lon="-43.963851"><ele>1420.6</ele></trkpt>
   <trkpt lat="-20.145301" lon="-43.963805"><ele>1420.6</ele></trkpt>
   <trkpt lat="-20.145387" lon="-43.963810"><ele>1420.2</ele></trkpt>
   <trkpt lat="-20.145621" lon="-43.963882"><ele>1418.6</ele></trkpt>
   <trkpt lat="-20.145673" lon="-43.963883"><ele>1418.0</ele></trkpt>
   <trkpt lat="-20.145719" lon="-43.963868"><ele>1417.8</ele></trkpt>
   <trkpt lat="-20.145782" lon="-43.963792"><ele>1416.8</ele></trkpt>
   <trkpt lat="-20.145852" lon="-43.963632"><ele>1415.8</ele></trkpt>
   <trkpt lat="-20.145932" lon="-43.963498"><ele>1414.0</ele></trkpt>
   <trkpt lat="-20.146056" lon="-43.963145"><ele>1411.4</ele></trkpt>
   <trkpt lat="-20.146063" lon="-43.962969"><ele>1410.2</ele></trkpt>
   <trkpt lat="-20.146117" lon="-43.962940"><ele>1409.4</ele></trkpt>
   <trkpt lat="-20.146401" lon="-43.962923"><ele>1405.6</ele></trkpt>
   <trkpt lat="-20.146612" lon="-43.962839"><ele>1400.2</ele></trkpt>
   <trkpt lat="-20.146665" lon="-43.962825"><ele>1399.4</ele></trkpt>
   <trkpt lat="-20.146718" lon="-43.962831"><ele>1398.4</ele></trkpt>
   <trkpt lat="-20.146762" lon="-43.962868"><ele>1397.4</ele></trkpt>
   <trkpt lat="-20.146794" lon="-43.962930"><ele>1396.2</ele></trkpt>
   <trkpt lat="-20.146814" lon="-43.963008"><ele>1395.2</ele></trkpt>
   <trkpt lat="-20.146862" lon="-43.963229"><ele>1392.6</ele></trkpt>
   <trkpt lat="-20.146872" lon="-43.963432"><ele>1390.6</ele></trkpt>
   <trkpt lat="-20.146889" lon="-43.963461"><ele>1390.2</ele></trkpt>
   <trkpt lat="-20.146921" lon="-43.963479"><ele>1389.8</ele></trkpt>
   <trkpt lat="-20.147006" lon="-43.963477"><ele>1388.4</ele></trkpt>
   <trkpt lat="-20.147050" lon="-43.963461"><ele>1387.6</ele></trkpt>
   <trkpt lat="-20.147132" lon="-43.963402"><ele>1386.2</ele></trkpt>
   <trkpt lat="-20.147167" lon="-43.963358"><ele>1385.4</ele></trkpt>
   <trkpt lat="-20.147265" lon="-43.963161"><ele>1383.2</ele></trkpt>
   <trkpt lat="-20.147395" lon="-43.962941"><ele>1381.0</ele></trkpt>
   <trkpt lat="-20.147469" lon="-43.962867"><ele>1379.4</ele></trkpt>
   <trkpt lat="-20.147627" lon="-43.962749"><ele>1376.6</ele></trkpt>
   <trkpt lat="-20.147673" lon="-43.962611"><ele>1375.4</ele></trkpt>
   <trkpt lat="-20.147752" lon="-43.962443"><ele>1373.6</ele></trkpt>
   <trkpt lat="-20.147835" lon="-43.962148"><ele>1370.6</ele></trkpt>
   <trkpt lat="-20.147848" lon="-43.962125"><ele>1370.0</ele></trkpt>
   <trkpt lat="-20.147866" lon="-43.962120"><ele>1369.4</ele></trkpt>
   <trkpt lat="-20.147909" lon="-43.962160"><ele>1368.6</ele></trkpt>
   <trkpt lat="-20.148126" lon="-43.962444"><ele>1365.2</ele></trkpt>
   <trkpt lat="-20.148168" lon="-43.962518"><ele>1363.8</ele></trkpt>
   <trkpt lat="-20.148208" lon="-43.962658"><ele>1361.8</ele></trkpt>
   <trkpt lat="-20.148231" lon="-43.962953"><ele>1359.0</ele></trkpt>
   <trkpt lat="-20.148301" lon="-43.963299"><ele>1356.0</ele></trkpt>
   <trkpt lat="-20.148321" lon="-43.963343"><ele>1355.4</ele></trkpt>
   <trkpt lat="-20.148354" lon="-43.963372"><ele>1354.8</ele></trkpt>
   <trkpt lat="-20.148401" lon="-43.963385"><ele>1354.2</ele></trkpt>
   <trkpt lat="-20.148686" lon="-43.963373"><ele>1349.0</ele></trkpt>
   <trkpt lat="-20.148801" lon="-43.963424"><ele>1346.0</ele></trkpt>
   <trkpt lat="-20.148887" lon="-43.963440"><ele>1344.2</ele></trkpt>
   <trkpt lat="-20.149024" lon="-43.963412"><ele>1341.4</ele></trkpt>
   <trkpt lat="-20.149258" lon="-43.963241"><ele>1337.6</ele></trkpt>
   <trkpt lat="-20.149545" lon="-43.963146"><ele>1334.0</ele></trkpt>
   <trkpt lat="-20.149775" lon="-43.963022"><ele>1331.0</ele></trkpt>
   <trkpt lat="-20.149858" lon="-43.962945"><ele>1329.6</ele></trkpt>
   <trkpt lat="-20.149969" lon="-43.962767"><ele>1327.6</ele></trkpt>
   <trkpt lat="-20.150055" lon="-43.962688"><ele>1325.6</ele></trkpt>
   <trkpt lat="-20.150107" lon="-43.962663"><ele>1324.4</ele></trkpt>
   <trkpt lat="-20.150156" lon="-43.962696"><ele>1323.2</ele></trkpt>
   <trkpt lat="-20.150171" lon="-43.962730"><ele>1322.6</ele></trkpt>
   <trkpt lat="-20.150195" lon="-43.962890"><ele>1321.4</ele></trkpt>
   <trkpt lat="-20.150187" lon="-43.963057"><ele>1320.8</ele></trkpt>
   <trkpt lat="-20.150207" lon="-43.963127"><ele>1320.2</ele></trkpt>
   <trkpt lat="-20.150247" lon="-43.963188"><ele>1318.8</ele></trkpt>
   <trkpt lat="-20.150275" lon="-43.963198"><ele>1318.2</ele></trkpt>
   <trkpt lat="-20.150434" lon="-43.963132"><ele>1315.4</ele></trkpt>
   <trkpt lat="-20.150522" lon="-43.963157"><ele>1314.0</ele></trkpt>
   <trkpt lat="-20.150642" lon="-43.963229"><ele>1311.8</ele></trkpt>
   <trkpt lat="-20.150736" lon="-43.963212"><ele>1310.0</ele></trkpt>
   <trkpt lat="-20.150879" lon="-43.963128"><ele>1307.2</ele></trkpt>
   <trkpt lat="-20.151017" lon="-43.963076"><ele>1304.4</ele></trkpt>
   <trkpt lat="-20.151045" lon="-43.963041"><ele>1303.8</ele></trkpt>
   <trkpt lat="-20.151060" lon="-43.962996"><ele>1303.2</ele></trkpt>
   <trkpt lat="-20.151071" lon="-43.962810"><ele>1302.6</ele></trkpt>
   <trkpt lat="-20.151087" lon="-43.962786"><ele>1302.6</ele></trkpt>
   <trkpt lat="-20.151147" lon="-43.962769"><ele>1302.8</ele></trkpt>
   <trkpt lat="-20.151225" lon="-43.962773"><ele>1302.8</ele></trkpt>
   <trkpt lat="-20.151328" lon="-43.962838"><ele>1302.4</ele></trkpt>
   <trkpt lat="-20.151510" lon="-43.963008"><ele>1302.4</ele></trkpt>
   <trkpt lat="-20.151532" lon="-43.963038"><ele>1302.6</ele></trkpt>
   <trkpt lat="-20.151556" lon="-43.963121"><ele>1302.6</ele></trkpt>
   <trkpt lat="-20.151604" lon="-43.963180"><ele>1303.0</ele></trkpt>
   <trkpt lat="-20.151671" lon="-43.963187"><ele>1303.4</ele></trkpt>
   <trkpt lat="-20.152127" lon="-43.963046"><ele>1306.4</ele></trkpt>
   <trkpt lat="-20.152308" lon="-43.963054"><ele>1309.6</ele></trkpt>
   <trkpt lat="-20.152361" lon="-43.963086"><ele>1310.8</ele></trkpt>
   <trkpt lat="-20.152448" lon="-43.963082"><ele>1312.0</ele></trkpt>
   <trkpt lat="-20.152510" lon="-43.963111"><ele>1313.0</ele></trkpt>
   <trkpt lat="-20.152531" lon="-43.963141"><ele>1313.6</ele></trkpt>
   <trkpt lat="-20.152507" lon="-43.963239"><ele>1315.4</ele></trkpt>
   <trkpt lat="-20.152526" lon="-43.963254"><ele>1316.0</ele></trkpt>
   <trkpt lat="-20.152666" lon="-43.963243"><ele>1317.8</ele></trkpt>
   <trkpt lat="-20.152778" lon="-43.963213"><ele>1319.0</ele></trkpt>
   <trkpt lat="-20.152949" lon="-43.963223"><ele>1322.2</ele></trkpt>
   <trkpt lat="-20.153151" lon="-43.963122"><ele>1322.8</ele></trkpt>
   <trkpt lat="-20.153283" lon="-43.963081"><ele>1323.2</ele></trkpt>
   <trkpt lat="-20.153411" lon="-43.963021"><ele>1323.2</ele></trkpt>
   <trkpt lat="-20.153458" lon="-43.963016"><ele>1323.4</ele></trkpt>
   <trkpt lat="-20.153587" lon="-43.963058"><ele>1325.8</ele></trkpt>
   <trkpt lat="-20.153699" lon="-43.963032"><ele>1328.2</ele></trkpt>
   <trkpt lat="-20.153840" lon="-43.963051"><ele>1331.2</ele></trkpt>
   <trkpt lat="-20.153847" lon="-43.963062"><ele>1331.6</ele></trkpt>
   <trkpt lat="-20.153837" lon="-43.963073"><ele>1331.8</ele></trkpt>
   <trkpt lat="-20.153609" lon="-43.963137"><ele>1332.2</ele></trkpt>
   <trkpt lat="-20.153589" lon="-43.963174"><ele>1332.0</ele></trkpt>
   <trkpt lat="-20.153604" lon="-43.963221"><ele>1332.4</ele></trkpt>
   <trkpt lat="-20.153633" lon="-43.963254"><ele>1332.8</ele></trkpt>
   <trkpt lat="-20.153734" lon="-43.963252"><ele>1334.0</ele></trkpt>
   <trkpt lat="-20.153842" lon="-43.963269"><ele>1335.6</ele></trkpt>
   <trkpt lat="-20.154046" lon="-43.963187"><ele>1336.4</ele></trkpt>
   <trkpt lat="-20.154233" lon="-43.963166"><ele>1336.8</ele></trkpt>
   <trkpt lat="-20.154346" lon="-43.963094"><ele>1336.2</ele></trkpt>
   <trkpt lat="-20.154485" lon="-43.963044"><ele>1335.4</ele></trkpt>
   <trkpt lat="-20.154814" lon="-43.962986"><ele>1335.0</ele></trkpt>
   <trkpt lat="-20.154980" lon="-43.962928"><ele>1335.0</ele></trkpt>
   <trkpt lat="-20.155053" lon="-43.962918"><ele>1335.2</ele></trkpt>
   <trkpt lat="-20.155166" lon="-43.962943"><ele>1336.6</ele></trkpt>
   <trkpt lat="-20.155316" lon="-43.962906"><ele>1337.4</ele></trkpt>
   <trkpt lat="-20.155420" lon="-43.962916"><ele>1338.6</ele></trkpt>
   <trkpt lat="-20.155523" lon="-43.962955"><ele>1339.8</ele></trkpt>
   <trkpt lat="-20.155587" lon="-43.963000"><ele>1341.2</ele></trkpt>
   <trkpt lat="-20.155764" lon="-43.963026"><ele>1342.8</ele></trkpt>
   <trkpt lat="-20.155883" lon="-43.963095"><ele>1344.4</ele></trkpt>
   <trkpt lat="-20.156058" lon="-43.963164"><ele>1346.0</ele></trkpt>
   <trkpt lat="-20.156209" lon="-43.963259"><ele>1346.8</ele></trkpt>
   <trkpt lat="-20.156407" lon="-43.963307"><ele>1346.2</ele></trkpt>
   <trkpt lat="-20.156470" lon="-43.963334"><ele>1345.8</ele></trkpt>
   <trkpt lat="-20.156486" lon="-43.963357"><ele>1345.6</ele></trkpt>
   <trkpt lat="-20.156516" lon="-43.963502"><ele>1345.4</ele></trkpt>
   <trkpt lat="-20.156439" lon="-43.963750"><ele>1345.8</ele></trkpt>
   <trkpt lat="-20.156418" lon="-43.963862"><ele>1346.0</ele></trkpt>
   <trkpt lat="-20.156411" lon="-43.964049"><ele>1346.4</ele></trkpt>
   <trkpt lat="-20.156429" lon="-43.964175"><ele>1346.4</ele></trkpt>
   <trkpt lat="-20.156477" lon="-43.964292"><ele>1346.2</ele></trkpt>
   <trkpt lat="-20.156557" lon="-43.964389"><ele>1345.8</ele></trkpt>
   <trkpt lat="-20.156667" lon="-43.964462"><ele>1345.8</ele></trkpt>
   <trkpt lat="-20.156803" lon="-43.964502"><ele>1345.6</ele></trkpt>
   <trkpt lat="-20.157589" lon="-43.964549"><ele>1344.0</ele></trkpt>
   <trkpt lat="-20.158195" lon="-43.964600"><ele>1345.2</ele></trkpt>
   <trkpt lat="-20.158872" lon="-43.964708"><ele>1347.8</ele></trkpt>
   <trkpt lat="-20.159473" lon="-43.964749"><ele>1348.8</ele></trkpt>
   <trkpt lat="-20.159971" lon="-43.964768"><ele>1349.2</ele></trkpt>
   <trkpt lat="-20.160593" lon="-43.964816"><ele>1349.4</ele></trkpt>
   <trkpt lat="-20.161234" lon="-43.964887"><ele>1349.0</ele></trkpt>
   <trkpt lat="-20.163530" lon="-43.965074"><ele>1341.6</ele></trkpt>
   <trkpt lat="-20.163559" lon="-43.965095"><ele>1341.4</ele></trkpt>
   <trkpt lat="-20.163554" lon="-43.965116"><ele>1341.2</ele></trkpt>
   <trkpt lat="-20.163503" lon="-43.965155"><ele>1341.2</ele></trkpt>
   <trkpt lat="-20.163169" lon="-43.965218"><ele>1344.0</ele></trkpt>
   <trkpt lat="-20.163130" lon="-43.965243"><ele>1344.8</ele></trkpt>
   <trkpt lat="-20.163131" lon="-43.965264"><ele>1345.0</ele></trkpt>
   <trkpt lat="-20.163175" lon="-43.965317"><ele>1345.4</ele></trkpt>
   <trkpt lat="-20.163254" lon="-43.965364"><ele>1345.6</ele></trkpt>
   <trkpt lat="-20.163344" lon="-43.965395"><ele>1345.4</ele></trkpt>
   <trkpt lat="-20.163507" lon="-43.965421"><ele>1345.0</ele></trkpt>
   <trkpt lat="-20.164933" lon="-43.965558"><ele>1338.6</ele></trkpt>
   <trkpt lat="-20.165373" lon="-43.965583"><ele>1336.0</ele></trkpt>
   <trkpt lat="-20.166234" lon="-43.965696"><ele>1332.4</ele></trkpt>
   <trkpt lat="-20.167035" lon="-43.965750"><ele>1330.4</ele></trkpt>
   <trkpt lat="-20.167286" lon="-43.965702"><ele>1329.8</ele></trkpt>
   <trkpt lat="-20.167337" lon="-43.965761"><ele>1329.8</ele></trkpt>
   <trkpt lat="-20.167391" lon="-43.965783"><ele>1330.0</ele></trkpt>
   <trkpt lat="-20.167621" lon="-43.965792"><ele>1331.0</ele></trkpt>
   <trkpt lat="-20.167828" lon="-43.965822"><ele>1332.0</ele></trkpt>
   <trkpt lat="-20.168502" lon="-43.965883"><ele>1331.2</ele></trkpt>
   <trkpt lat="-20.169228" lon="-43.965932"><ele>1330.2</ele></trkpt>
   <trkpt lat="-20.169823" lon="-43.965997"><ele>1331.6</ele></trkpt>
   <trkpt lat="-20.170424" lon="-43.966084"><ele>1334.0</ele></trkpt>
   <trkpt lat="-20.170706" lon="-43.966095"><ele>1335.2</ele></trkpt>
   <trkpt lat="-20.171159" lon="-43.966135"><ele>1338.4</ele></trkpt>
   <trkpt lat="-20.171761" lon="-43.966153"><ele>1342.2</ele></trkpt>
   <trkpt lat="-20.171896" lon="-43.966192"><ele>1343.2</ele></trkpt>
   <trkpt lat="-20.172159" lon="-43.966384"><ele>1346.4</ele></trkpt>
   <trkpt lat="-20.172236" lon="-43.966358"><ele>1346.4</ele></trkpt>
   <trkpt lat="-20.172319" lon="-43.966298"><ele>1346.0</ele></trkpt>
   <trkpt lat="-20.172412" lon="-43.966165"><ele>1345.4</ele></trkpt>
   <trkpt lat="-20.172539" lon="-43.966135"><ele>1345.4</ele></trkpt>
   <trkpt lat="-20.172611" lon="-43.966136"><ele>1345.4</ele></trkpt>
   <trkpt lat="-20.172762" lon="-43.966214"><ele>1346.2</ele></trkpt>
   <trkpt lat="-20.172828" lon="-43.966212"><ele>1346.4</ele></trkpt>
   <trkpt lat="-20.172897" lon="-43.966193"><ele>1346.4</ele></trkpt>
   <trkpt lat="-20.173113" lon="-43.966245"><ele>1346.2</ele></trkpt>
   <trkpt lat="-20.173462" lon="-43.966270"><ele>1346.4</ele></trkpt>
   <trkpt lat="-20.173677" lon="-43.966273"><ele>1348.0</ele></trkpt>
   <trkpt lat="-20.173761" lon="-43.966215"><ele>1348.6</ele></trkpt>
   <trkpt lat="-20.173891" lon="-43.966207"><ele>1349.8</ele></trkpt>
   <trkpt lat="-20.173996" lon="-43.966229"><ele>1350.8</ele></trkpt>
   <trkpt lat="-20.174091" lon="-43.966285"><ele>1351.6</ele></trkpt>
   <trkpt lat="-20.174143" lon="-43.966301"><ele>1352.2</ele></trkpt>
   <trkpt lat="-20.174327" lon="-43.966304"><ele>1355.0</ele></trkpt>
   <trkpt lat="-20.174903" lon="-43.966358"><ele>1358.0</ele></trkpt>
   <trkpt lat="-20.175063" lon="-43.966314"><ele>1359.6</ele></trkpt>
   <trkpt lat="-20.175260" lon="-43.966351"><ele>1363.2</ele></trkpt>
   <trkpt lat="-20.175412" lon="-43.966345"><ele>1365.4</ele></trkpt>
   <trkpt lat="-20.175539" lon="-43.966389"><ele>1367.4</ele></trkpt>
   <trkpt lat="-20.175776" lon="-43.966431"><ele>1368.0</ele></trkpt>
   <trkpt lat="-20.176009" lon="-43.966426"><ele>1366.6</ele></trkpt>
   <trkpt lat="-20.176333" lon="-43.966457"><ele>1365.6</ele></trkpt>
   <trkpt lat="-20.176506" lon="-43.966503"><ele>1367.2</ele></trkpt>
   <trkpt lat="-20.176829" lon="-43.966542"><ele>1369.0</ele></trkpt>
   <trkpt lat="-20.176976" lon="-43.966610"><ele>1370.0</ele></trkpt>
   <trkpt lat="-20.177073" lon="-43.966592"><ele>1370.0</ele></trkpt>
   <trkpt lat="-20.177435" lon="-43.966566"><ele>1368.0</ele></trkpt>
   <trkpt lat="-20.177620" lon="-43.966598"><ele>1364.0</ele></trkpt>
   <trkpt lat="-20.177861" lon="-43.966660"><ele>1363.0</ele></trkpt>
   <trkpt lat="-20.178301" lon="-43.966668"><ele>1360.0</ele></trkpt>
   <trkpt lat="-20.179067" lon="-43.966749"><ele>1356.4</ele></trkpt>
   <trkpt lat="-20.179207" lon="-43.966735"><ele>1354.4</ele></trkpt>
   <trkpt lat="-20.179271" lon="-43.966699"><ele>1352.6</ele></trkpt>
   <trkpt lat="-20.179437" lon="-43.966658"><ele>1351.2</ele></trkpt>
   <trkpt lat="-20.179462" lon="-43.966663"><ele>1351.0</ele></trkpt>
   <trkpt lat="-20.179555" lon="-43.966727"><ele>1350.8</ele></trkpt>
   <trkpt lat="-20.179781" lon="-43.966798"><ele>1350.4</ele></trkpt>
   <trkpt lat="-20.180759" lon="-43.966907"><ele>1346.8</ele></trkpt>
   <trkpt lat="-20.180979" lon="-43.966907"><ele>1346.2</ele></trkpt>
   <trkpt lat="-20.181092" lon="-43.966869"><ele>1347.6</ele></trkpt>
   <trkpt lat="-20.181231" lon="-43.966920"><ele>1348.8</ele></trkpt>
   <trkpt lat="-20.181303" lon="-43.966931"><ele>1348.6</ele></trkpt>
   <trkpt lat="-20.181582" lon="-43.966939"><ele>1346.8</ele></trkpt>
   <trkpt lat="-20.181816" lon="-43.966930"><ele>1346.4</ele></trkpt>
   <trkpt lat="-20.182094" lon="-43.966952"><ele>1344.8</ele></trkpt>
   <trkpt lat="-20.182440" lon="-43.967011"><ele>1342.8</ele></trkpt>
   <trkpt lat="-20.182751" lon="-43.966995"><ele>1340.8</ele></trkpt>
   <trkpt lat="-20.182885" lon="-43.967025"><ele>1338.8</ele></trkpt>
   <trkpt lat="-20.182983" lon="-43.967029"><ele>1337.6</ele></trkpt>
   <trkpt lat="-20.183293" lon="-43.967120"><ele>1337.0</ele></trkpt>
   <trkpt lat="-20.183520" lon="-43.967099"><ele>1338.4</ele></trkpt>
   <trkpt lat="-20.183724" lon="-43.967182"><ele>1340.8</ele></trkpt>
   <trkpt lat="-20.184297" lon="-43.967232"><ele>1341.8</ele></trkpt>
   <trkpt lat="-20.184836" lon="-43.967367"><ele>1340.0</ele></trkpt>
   <trkpt lat="-20.185339" lon="-43.967550"><ele>1341.0</ele></trkpt>
   <trkpt lat="-20.185537" lon="-43.967667"><ele>1344.4</ele></trkpt>
   <trkpt lat="-20.185654" lon="-43.967701"><ele>1346.2</ele></trkpt>
   <trkpt lat="-20.185777" lon="-43.967766"><ele>1348.2</ele></trkpt>
   <trkpt lat="-20.185855" lon="-43.967837"><ele>1350.4</ele></trkpt>
   <trkpt lat="-20.185964" lon="-43.967881"><ele>1351.2</ele></trkpt>
   <trkpt lat="-20.186235" lon="-43.968058"><ele>1351.6</ele></trkpt>
   <trkpt lat="-20.186718" lon="-43.968408"><ele>1350.2</ele></trkpt>
   <trkpt lat="-20.187047" lon="-43.968601"><ele>1350.4</ele></trkpt>
   <trkpt lat="-20.187195" lon="-43.968717"><ele>1351.0</ele></trkpt>
   <trkpt lat="-20.188211" lon="-43.969424"><ele>1347.8</ele></trkpt>
   <trkpt lat="-20.188296" lon="-43.969511"><ele>1346.0</ele></trkpt>
   <trkpt lat="-20.188300" lon="-43.969594"><ele>1345.2</ele></trkpt>
   <trkpt lat="-20.188322" lon="-43.969643"><ele>1345.2</ele></trkpt>
   <trkpt lat="-20.188488" lon="-43.969739"><ele>1346.6</ele></trkpt>
   <trkpt lat="-20.188673" lon="-43.969890"><ele>1345.6</ele></trkpt>
   <trkpt lat="-20.188877" lon="-43.970225"><ele>1347.0</ele></trkpt>
   <trkpt lat="-20.189034" lon="-43.970406"><ele>1348.6</ele></trkpt>
   <trkpt lat="-20.189103" lon="-43.970583"><ele>1348.6</ele></trkpt>
   <trkpt lat="-20.189181" lon="-43.970680"><ele>1348.4</ele></trkpt>
   <trkpt lat="-20.189219" lon="-43.970698"><ele>1348.2</ele></trkpt>
   <trkpt lat="-20.189259" lon="-43.970699"><ele>1348.0</ele></trkpt>
   <trkpt lat="-20.189295" lon="-43.970682"><ele>1347.6</ele></trkpt>
   <trkpt lat="-20.189322" lon="-43.970647"><ele>1347.2</ele></trkpt>
   <trkpt lat="-20.189337" lon="-43.970599"><ele>1346.6</ele></trkpt>
   <trkpt lat="-20.189348" lon="-43.970482"><ele>1345.2</ele></trkpt>
   <trkpt lat="-20.189384" lon="-43.970391"><ele>1344.2</ele></trkpt>
   <trkpt lat="-20.189413" lon="-43.970373"><ele>1344.0</ele></trkpt>
   <trkpt lat="-20.189477" lon="-43.970398"><ele>1344.0</ele></trkpt>
   <trkpt lat="-20.189627" lon="-43.970584"><ele>1345.6</ele></trkpt>
   <trkpt lat="-20.189865" lon="-43.970847"><ele>1348.2</ele></trkpt>
   <trkpt lat="-20.189893" lon="-43.970994"><ele>1348.0</ele></trkpt>
   <trkpt lat="-20.189979" lon="-43.971145"><ele>1348.8</ele></trkpt>
   <trkpt lat="-20.189973" lon="-43.971210"><ele>1350.0</ele></trkpt>
   <trkpt lat="-20.190020" lon="-43.971327"><ele>1351.2</ele></trkpt>
   <trkpt lat="-20.190020" lon="-43.971456"><ele>1352.2</ele></trkpt>
   <trkpt lat="-20.190032" lon="-43.971478"><ele>1352.4</ele></trkpt>
   <trkpt lat="-20.190108" lon="-43.971528"><ele>1352.8</ele></trkpt>
   <trkpt lat="-20.190144" lon="-43.971580"><ele>1353.0</ele></trkpt>
   <trkpt lat="-20.190185" lon="-43.971698"><ele>1353.6</ele></trkpt>
   <trkpt lat="-20.190190" lon="-43.971814"><ele>1354.6</ele></trkpt>
   <trkpt lat="-20.190246" lon="-43.971928"><ele>1355.2</ele></trkpt>
   <trkpt lat="-20.190271" lon="-43.972019"><ele>1355.8</ele></trkpt>
   <trkpt lat="-20.190338" lon="-43.972120"><ele>1356.4</ele></trkpt>
   <trkpt lat="-20.190376" lon="-43.972240"><ele>1357.0</ele></trkpt>
   <trkpt lat="-20.190415" lon="-43.972312"><ele>1357.2</ele></trkpt>
   <trkpt lat="-20.190409" lon="-43.972424"><ele>1357.0</ele></trkpt>
   <trkpt lat="-20.190420" lon="-43.972447"><ele>1357.0</ele></trkpt>
   <trkpt lat="-20.190491" lon="-43.972510"><ele>1358.0</ele></trkpt>
   <trkpt lat="-20.190492" lon="-43.972713"><ele>1359.0</ele></trkpt>
   <trkpt lat="-20.190550" lon="-43.972840"><ele>1359.4</ele></trkpt>
   <trkpt lat="-20.190655" lon="-43.972958"><ele>1359.4</ele></trkpt>
   <trkpt lat="-20.190655" lon="-43.973048"><ele>1359.8</ele></trkpt>
   <trkpt lat="-20.190669" lon="-43.973100"><ele>1360.2</ele></trkpt>
   <trkpt lat="-20.190707" lon="-43.973129"><ele>1360.8</ele></trkpt>
   <trkpt lat="-20.190732" lon="-43.973129"><ele>1361.0</ele></trkpt>
   <trkpt lat="-20.190785" lon="-43.973105"><ele>1361.2</ele></trkpt>
   <trkpt lat="-20.190878" lon="-43.973036"><ele>1361.2</ele></trkpt>
   <trkpt lat="-20.190964" lon="-43.973011"><ele>1361.0</ele></trkpt>
   <trkpt lat="-20.191011" lon="-43.973015"><ele>1361.0</ele></trkpt>
   <trkpt lat="-20.191098" lon="-43.973055"><ele>1360.8</ele></trkpt>
   <trkpt lat="-20.191172" lon="-43.973124"><ele>1360.8</ele></trkpt>
   <trkpt lat="-20.191297" lon="-43.973283"><ele>1360.4</ele></trkpt>
   <trkpt lat="-20.191374" lon="-43.973420"><ele>1360.2</ele></trkpt>
   <trkpt lat="-20.191475" lon="-43.973644"><ele>1359.4</ele></trkpt>
   <trkpt lat="-20.191588" lon="-43.973808"><ele>1358.8</ele></trkpt>
   <trkpt lat="-20.191737" lon="-43.973924"><ele>1358.6</ele></trkpt>
   <trkpt lat="-20.191995" lon="-43.974052"><ele>1358.6</ele></trkpt>
   <trkpt lat="-20.192080" lon="-43.974114"><ele>1358.8</ele></trkpt>
   <trkpt lat="-20.192171" lon="-43.974231"><ele>1359.4</ele></trkpt>
   <trkpt lat="-20.192244" lon="-43.974404"><ele>1360.2</ele></trkpt>
   <trkpt lat="-20.192292" lon="-43.974474"><ele>1360.8</ele></trkpt>
   <trkpt lat="-20.192417" lon="-43.974578"><ele>1361.8</ele></trkpt>
   <trkpt lat="-20.192519" lon="-43.974620"><ele>1362.6</ele></trkpt>
   <trkpt lat="-20.192596" lon="-43.974594"><ele>1362.4</ele></trkpt>
   <trkpt lat="-20.192676" lon="-43.974510"><ele>1362.2</ele></trkpt>
   <trkpt lat="-20.192962" lon="-43.974093"><ele>1361.0</ele></trkpt>
   <trkpt lat="-20.193600" lon="-43.973261"><ele>1357.8</ele></trkpt>
   <trkpt lat="-20.194183" lon="-43.972368"><ele>1356.4</ele></trkpt>
   <trkpt lat="-20.194229" lon="-43.972314"><ele>1356.4</ele></trkpt>
   <trkpt lat="-20.194334" lon="-43.972235"><ele>1356.8</ele></trkpt>
   <trkpt lat="-20.194451" lon="-43.972197"><ele>1357.2</ele></trkpt>
   <trkpt lat="-20.194513" lon="-43.972193"><ele>1357.6</ele></trkpt>
   <trkpt lat="-20.194789" lon="-43.972220"><ele>1359.0</ele></trkpt>
   <trkpt lat="-20.194947" lon="-43.972182"><ele>1360.6</ele></trkpt>
   <trkpt lat="-20.194992" lon="-43.972201"><ele>1361.0</ele></trkpt>
   <trkpt lat="-20.195039" lon="-43.972243"><ele>1361.4</ele></trkpt>
   <trkpt lat="-20.195311" lon="-43.972806"><ele>1365.6</ele></trkpt>
   <trkpt lat="-20.195329" lon="-43.972896"><ele>1366.4</ele></trkpt>
   <trkpt lat="-20.195339" lon="-43.973085"><ele>1367.6</ele></trkpt>
   <trkpt lat="-20.195374" lon="-43.973213"><ele>1368.6</ele></trkpt>
   <trkpt lat="-20.195429" lon="-43.973304"><ele>1369.2</ele></trkpt>
   <trkpt lat="-20.195569" lon="-43.973411"><ele>1370.4</ele></trkpt>
   <trkpt lat="-20.196045" lon="-43.973601"><ele>1372.8</ele></trkpt>
   <trkpt lat="-20.196110" lon="-43.973614"><ele>1373.2</ele></trkpt>
   <trkpt lat="-20.196140" lon="-43.973608"><ele>1373.4</ele></trkpt>
   <trkpt lat="-20.196194" lon="-43.973557"><ele>1373.4</ele></trkpt>
   <trkpt lat="-20.196210" lon="-43.973510"><ele>1373.2</ele></trkpt>
   <trkpt lat="-20.196194" lon="-43.973312"><ele>1372.4</ele></trkpt>
   <trkpt lat="-20.196205" lon="-43.973177"><ele>1372.0</ele></trkpt>
   <trkpt lat="-20.196232" lon="-43.973124"><ele>1371.6</ele></trkpt>
   <trkpt lat="-20.196274" lon="-43.973089"><ele>1371.2</ele></trkpt>
   <trkpt lat="-20.196326" lon="-43.973077"><ele>1371.0</ele></trkpt>
   <trkpt lat="-20.196383" lon="-43.973091"><ele>1370.8</ele></trkpt>
   <trkpt lat="-20.196436" lon="-43.973126"><ele>1370.6</ele></trkpt>
   <trkpt lat="-20.196473" lon="-43.973173"><ele>1370.6</ele></trkpt>
   <trkpt lat="-20.196495" lon="-43.973276"><ele>1370.8</ele></trkpt>
   <trkpt lat="-20.196509" lon="-43.973514"><ele>1372.2</ele></trkpt>
   <trkpt lat="-20.196564" lon="-43.973636"><ele>1373.6</ele></trkpt>
   <trkpt lat="-20.196636" lon="-43.973737"><ele>1374.8</ele></trkpt>
   <trkpt lat="-20.196713" lon="-43.973767"><ele>1375.6</ele></trkpt>
   <trkpt lat="-20.196839" lon="-43.973759"><ele>1376.6</ele></trkpt>
   <trkpt lat="-20.196930" lon="-43.973769"><ele>1377.4</ele></trkpt>
   <trkpt lat="-20.197010" lon="-43.973805"><ele>1378.2</ele></trkpt>
   <trkpt lat="-20.197160" lon="-43.973920"><ele>1380.2</ele></trkpt>
   <trkpt lat="-20.197241" lon="-43.973962"><ele>1380.8</ele></trkpt>
   <trkpt lat="-20.197383" lon="-43.974003"><ele>1382.2</ele></trkpt>
   <trkpt lat="-20.197773" lon="-43.974075"><ele>1384.4</ele></trkpt>
   <trkpt lat="-20.198095" lon="-43.974032"><ele>1385.6</ele></trkpt>
   <trkpt lat="-20.198459" lon="-43.974007"><ele>1386.8</ele></trkpt>
   <trkpt lat="-20.198544" lon="-43.973979"><ele>1387.0</ele></trkpt>
   <trkpt lat="-20.198737" lon="-43.973875"><ele>1386.8</ele></trkpt>
   <trkpt lat="-20.198964" lon="-43.973808"><ele>1387.2</ele></trkpt>
   <trkpt lat="-20.199139" lon="-43.973794"><ele>1388.0</ele></trkpt>
   <trkpt lat="-20.199423" lon="-43.973793"><ele>1390.2</ele></trkpt>
   <trkpt lat="-20.199496" lon="-43.973807"><ele>1390.6</ele></trkpt>
   <trkpt lat="-20.199580" lon="-43.973868"><ele>1391.6</ele></trkpt>
   <trkpt lat="-20.199719" lon="-43.974130"><ele>1394.2</ele></trkpt>
   <trkpt lat="-20.199760" lon="-43.974185"><ele>1394.6</ele></trkpt>
   <trkpt lat="-20.199812" lon="-43.974228"><ele>1395.2</ele></trkpt>
   <trkpt lat="-20.199876" lon="-43.974246"><ele>1395.8</ele></trkpt>
   <trkpt lat="-20.199945" lon="-43.974247"><ele>1396.4</ele></trkpt>
   <trkpt lat="-20.200420" lon="-43.974210"><ele>1400.2</ele></trkpt>
   <trkpt lat="-20.201358" lon="-43.974077"><ele>1402.8</ele></trkpt>
   <trkpt lat="-20.201838" lon="-43.973967"><ele>1402.4</ele></trkpt>
   <trkpt lat="-20.202500" lon="-43.973903"><ele>1401.2</ele></trkpt>
   <trkpt lat="-20.202874" lon="-43.973813"><ele>1403.0</ele></trkpt>
   <trkpt lat="-20.203986" lon="-43.973661"><ele>1405.0</ele></trkpt>
   <trkpt lat="-20.204469" lon="-43.973567"><ele>1403.0</ele></trkpt>
   <trkpt lat="-20.205124" lon="-43.973459"><ele>1399.6</ele></trkpt>
   <trkpt lat="-20.205272" lon="-43.973412"><ele>1398.2</ele></trkpt>
   <trkpt lat="-20.205327" lon="-43.973368"><ele>1397.6</ele></trkpt>
   <trkpt lat="-20.205363" lon="-43.973311"><ele>1397.0</ele></trkpt>
   <trkpt lat="-20.205378" lon="-43.973242"><ele>1396.4</ele></trkpt>
   <trkpt lat="-20.205337" lon="-43.972749"><ele>1394.8</ele></trkpt>
   <trkpt lat="-20.205390" lon="-43.971751"><ele>1388.8</ele></trkpt>
   <trkpt lat="-20.205361" lon="-43.971446"><ele>1385.6</ele></trkpt>
   <trkpt lat="-20.205355" lon="-43.971036"><ele>1380.8</ele></trkpt>
   <trkpt lat="-20.205395" lon="-43.970647"><ele>1378.2</ele></trkpt>
   <trkpt lat="-20.205440" lon="-43.970416"><ele>1377.6</ele></trkpt>
   <trkpt lat="-20.205473" lon="-43.970110"><ele>1378.8</ele></trkpt>
   <trkpt lat="-20.205458" lon="-43.969621"><ele>1384.4</ele></trkpt>
   <trkpt lat="-20.205499" lon="-43.969357"><ele>1384.6</ele></trkpt>
   <trkpt lat="-20.205528" lon="-43.968974"><ele>1382.4</ele></trkpt>
   <trkpt lat="-20.205531" lon="-43.968735"><ele>1379.4</ele></trkpt>
   <trkpt lat="-20.205567" lon="-43.968324"><ele>1373.4</ele></trkpt>
   <trkpt lat="-20.205591" lon="-43.967561"><ele>1366.2</ele></trkpt>
   <trkpt lat="-20.205619" lon="-43.967311"><ele>1363.0</ele></trkpt>
   <trkpt lat="-20.205650" lon="-43.966712"><ele>1358.8</ele></trkpt>
   <trkpt lat="-20.205681" lon="-43.965884"><ele>1357.2</ele></trkpt>
   <trkpt lat="-20.205679" lon="-43.965630"><ele>1353.8</ele></trkpt>
   <trkpt lat="-20.205666" lon="-43.965557"><ele>1352.8</ele></trkpt>
   <trkpt lat="-20.205637" lon="-43.965495"><ele>1352.0</ele></trkpt>
   <trkpt lat="-20.205595" lon="-43.965444"><ele>1351.4</ele></trkpt>
   <trkpt lat="-20.205175" lon="-43.965097"><ele>1349.8</ele></trkpt>
   <trkpt lat="-20.205077" lon="-43.964984"><ele>1349.6</ele></trkpt>
   <trkpt lat="-20.204845" lon="-43.964672"><ele>1349.0</ele></trkpt>
   <trkpt lat="-20.204740" lon="-43.964559"><ele>1349.0</ele></trkpt>
   <trkpt lat="-20.204525" lon="-43.964381"><ele>1349.4</ele></trkpt>
   <trkpt lat="-20.204304" lon="-43.964256"><ele>1349.8</ele></trkpt>
   <trkpt lat="-20.204172" lon="-43.964126"><ele>1350.2</ele></trkpt>
   <trkpt lat="-20.204097" lon="-43.964022"><ele>1350.4</ele></trkpt>
   <trkpt lat="-20.204073" lon="-43.963967"><ele>1350.6</ele></trkpt>
   <trkpt lat="-20.204064" lon="-43.963913"><ele>1350.6</ele></trkpt>
   <trkpt lat="-20.204105" lon="-43.963762"><ele>1350.4</ele></trkpt>
   <trkpt lat="-20.204102" lon="-43.963712"><ele>1350.4</ele></trkpt>
   <trkpt lat="-20.204079" lon="-43.963671"><ele>1350.4</ele></trkpt>
   <trkpt lat="-20.203995" lon="-43.963606"><ele>1350.4</ele></trkpt>
   <trkpt lat="-20.203786" lon="-43.963516"><ele>1351.0</ele></trkpt>
   <trkpt lat="-20.203616" lon="-43.963366"><ele>1351.6</ele></trkpt>
   <trkpt lat="-20.203075" lon="-43.962990"><ele>1354.0</ele></trkpt>
   <trkpt lat="-20.202822" lon="-43.962721"><ele>1349.2</ele></trkpt>
   <trkpt lat="-20.202613" lon="-43.962452"><ele>1343.0</ele></trkpt>
   <trkpt lat="-20.202526" lon="-43.962317"><ele>1340.4</ele></trkpt>
   <trkpt lat="-20.202364" lon="-43.962025"><ele>1335.6</ele></trkpt>
   <trkpt lat="-20.202300" lon="-43.961794"><ele>1332.8</ele></trkpt>
   <trkpt lat="-20.202304" lon="-43.961758"><ele>1332.4</ele></trkpt>
   <trkpt lat="-20.202325" lon="-43.961738"><ele>1332.0</ele></trkpt>
   <trkpt lat="-20.202433" lon="-43.961685"><ele>1331.6</ele></trkpt>
   <trkpt lat="-20.202517" lon="-43.961625"><ele>1331.2</ele></trkpt>
   <trkpt lat="-20.202582" lon="-43.961538"><ele>1331.0</ele></trkpt>
   <trkpt lat="-20.202639" lon="-43.961356"><ele>1330.8</ele></trkpt>
   <trkpt lat="-20.202645" lon="-43.961210"><ele>1330.4</ele></trkpt>
   <trkpt lat="-20.202635" lon="-43.961132"><ele>1330.2</ele></trkpt>
   <trkpt lat="-20.202597" lon="-43.960972"><ele>1329.8</ele></trkpt>
   <trkpt lat="-20.202423" lon="-43.960397"><ele>1329.0</ele></trkpt>
   <trkpt lat="-20.202294" lon="-43.960014"><ele>1328.8</ele></trkpt>
   <trkpt lat="-20.202097" lon="-43.959580"><ele>1328.8</ele></trkpt>
   <trkpt lat="-20.202016" lon="-43.959449"><ele>1328.8</ele></trkpt>
   <trkpt lat="-20.201918" lon="-43.959329"><ele>1328.8</ele></trkpt>
   <trkpt lat="-20.201756" lon="-43.959176"><ele>1329.0</ele></trkpt>
   <trkpt lat="-20.201435" lon="-43.958912"><ele>1329.2</ele></trkpt>
   <trkpt lat="-20.201323" lon="-43.958844"><ele>1329.4</ele></trkpt>
   <trkpt lat="-20.201206" lon="-43.958797"><ele>1329.4</ele></trkpt>
   <trkpt lat="-20.201096" lon="-43.958794"><ele>1329.2</ele></trkpt>
   <trkpt lat="-20.200958" lon="-43.958863"><ele>1329.0</ele></trkpt>
   <trkpt lat="-20.200878" lon="-43.958878"><ele>1328.8</ele></trkpt>
   <trkpt lat="-20.200649" lon="-43.958830"><ele>1328.8</ele></trkpt>
   <trkpt lat="-20.200343" lon="-43.958701"><ele>1329.0</ele></trkpt>
   <trkpt lat="-20.200248" lon="-43.958711"><ele>1328.8</ele></trkpt>
   <trkpt lat="-20.200111" lon="-43.958791"><ele>1328.4</ele></trkpt>
   <trkpt lat="-20.200065" lon="-43.958801"><ele>1328.4</ele></trkpt>
   <trkpt lat="-20.199968" lon="-43.958775"><ele>1328.2</ele></trkpt>
   <trkpt lat="-20.199821" lon="-43.958665"><ele>1328.0</ele></trkpt>
   <trkpt lat="-20.199431" lon="-43.958275"><ele>1327.2</ele></trkpt>
   <trkpt lat="-20.199324" lon="-43.958230"><ele>1327.0</ele></trkpt>
   <trkpt lat="-20.199122" lon="-43.958109"><ele>1327.0</ele></trkpt>
   <trkpt lat="-20.198916" lon="-43.957923"><ele>1327.0</ele></trkpt>
   <trkpt lat="-20.198862" lon="-43.957897"><ele>1327.0</ele></trkpt>
   <trkpt lat="-20.198793" lon="-43.957905"><ele>1327.0</ele></trkpt>
   <trkpt lat="-20.198727" lon="-43.957949"><ele>1327.2</ele></trkpt>
   <trkpt lat="-20.198703" lon="-43.958028"><ele>1327.0</ele></trkpt>
   <trkpt lat="-20.198691" lon="-43.958248"><ele>1326.6</ele></trkpt>
   <trkpt lat="-20.198651" lon="-43.958343"><ele>1326.4</ele></trkpt>
   <trkpt lat="-20.198616" lon="-43.958372"><ele>1326.4</ele></trkpt>
   <trkpt lat="-20.198574" lon="-43.958384"><ele>1326.4</ele></trkpt>
   <trkpt lat="-20.198325" lon="-43.958375"><ele>1326.4</ele></trkpt>
   <trkpt lat="-20.198191" lon="-43.958436"><ele>1326.2</ele></trkpt>
   <trkpt lat="-20.197989" lon="-43.958569"><ele>1326.2</ele></trkpt>
   <trkpt lat="-20.197891" lon="-43.958602"><ele>1326.2</ele></trkpt>
   <trkpt lat="-20.197724" lon="-43.958636"><ele>1326.0</ele></trkpt>
   <trkpt lat="-20.197555" lon="-43.958644"><ele>1325.6</ele></trkpt>
   <trkpt lat="-20.197360" lon="-43.958677"><ele>1325.4</ele></trkpt>
   <trkpt lat="-20.197085" lon="-43.958698"><ele>1325.2</ele></trkpt>
   <trkpt lat="-20.196882" lon="-43.958690"><ele>1325.4</ele></trkpt>
   <trkpt lat="-20.196592" lon="-43.958717"><ele>1325.0</ele></trkpt>
   <trkpt lat="-20.196507" lon="-43.958713"><ele>1325.0</ele></trkpt>
   <trkpt lat="-20.196176" lon="-43.958825"><ele>1325.0</ele></trkpt>
   <trkpt lat="-20.196071" lon="-43.958844"><ele>1325.0</ele></trkpt>
   <trkpt lat="-20.195838" lon="-43.958851"><ele>1325.0</ele></trkpt>
   <trkpt lat="-20.195624" lon="-43.958809"><ele>1324.8</ele></trkpt>
   <trkpt lat="-20.195524" lon="-43.958809"><ele>1324.8</ele></trkpt>
   <trkpt lat="-20.195418" lon="-43.958835"><ele>1324.8</ele></trkpt>
   <trkpt lat="-20.195157" lon="-43.958933"><ele>1324.2</ele></trkpt>
   <trkpt lat="-20.195010" lon="-43.958928"><ele>1324.0</ele></trkpt>
   <trkpt lat="-20.194848" lon="-43.958985"><ele>1324.0</ele></trkpt>
   <trkpt lat="-20.194764" lon="-43.958993"><ele>1323.8</ele></trkpt>
   <trkpt lat="-20.194701" lon="-43.958968"><ele>1323.6</ele></trkpt>
   <trkpt lat="-20.194654" lon="-43.958931"><ele>1323.6</ele></trkpt>
   <trkpt lat="-20.194470" lon="-43.958876"><ele>1323.6</ele></trkpt>
   <trkpt lat="-20.194375" lon="-43.958860"><ele>1323.6</ele></trkpt>
   <trkpt lat="-20.194280" lon="-43.958863"><ele>1323.8</ele></trkpt>
   <trkpt lat="-20.194195" lon="-43.958842"><ele>1323.8</ele></trkpt>
   <trkpt lat="-20.194045" lon="-43.958721"><ele>1324.0</ele></trkpt>
   <trkpt lat="-20.193958" lon="-43.958687"><ele>1324.0</ele></trkpt>
   <trkpt lat="-20.193856" lon="-43.958685"><ele>1324.0</ele></trkpt>
   <trkpt lat="-20.193695" lon="-43.958712"><ele>1324.0</ele></trkpt>
   <trkpt lat="-20.193652" lon="-43.958703"><ele>1324.0</ele></trkpt>
   <trkpt lat="-20.193620" lon="-43.958679"><ele>1323.8</ele></trkpt>
   <trkpt lat="-20.193543" lon="-43.958574"><ele>1324.0</ele></trkpt>
   <trkpt lat="-20.193508" lon="-43.958549"><ele>1324.0</ele></trkpt>
   <trkpt lat="-20.193420" lon="-43.958521"><ele>1324.2</ele></trkpt>
   <trkpt lat="-20.193272" lon="-43.958499"><ele>1324.4</ele></trkpt>
   <trkpt lat="-20.193094" lon="-43.958426"><ele>1324.4</ele></trkpt>
   <trkpt lat="-20.192948" lon="-43.958390"><ele>1324.4</ele></trkpt>
   <trkpt lat="-20.192621" lon="-43.958208"><ele>1325.0</ele></trkpt>
   <trkpt lat="-20.192451" lon="-43.958140"><ele>1325.4</ele></trkpt>
   <trkpt lat="-20.191939" lon="-43.958006"><ele>1326.6</ele></trkpt>
   <trkpt lat="-20.190911" lon="-43.957795"><ele>1328.4</ele></trkpt>
   <trkpt lat="-20.190370" lon="-43.957727"><ele>1329.2</ele></trkpt>
   <trkpt lat="-20.190104" lon="-43.957708"><ele>1329.8</ele></trkpt>
   <trkpt lat="-20.189283" lon="-43.957712"><ele>1332.8</ele></trkpt>
   <trkpt lat="-20.189038" lon="-43.957696"><ele>1334.6</ele></trkpt>
   <trkpt lat="-20.188887" lon="-43.957669"><ele>1335.6</ele></trkpt>
   <trkpt lat="-20.188620" lon="-43.957687"><ele>1336.6</ele></trkpt>
   <trkpt lat="-20.188492" lon="-43.957647"><ele>1338.0</ele></trkpt>
   <trkpt lat="-20.188362" lon="-43.957716"><ele>1338.2</ele></trkpt>
   <trkpt lat="-20.188241" lon="-43.957751"><ele>1338.4</ele></trkpt>
   <trkpt lat="-20.188158" lon="-43.957753"><ele>1338.2</ele></trkpt>
   <trkpt lat="-20.187836" lon="-43.957663"><ele>1337.6</ele></trkpt>
   <trkpt lat="-20.187404" lon="-43.957787"><ele>1338.6</ele></trkpt>
   <trkpt lat="-20.187293" lon="-43.957790"><ele>1340.0</ele></trkpt>
   <trkpt lat="-20.187220" lon="-43.957760"><ele>1341.0</ele></trkpt>
   <trkpt lat="-20.187128" lon="-43.957788"><ele>1342.0</ele></trkpt>
   <trkpt lat="-20.187094" lon="-43.957786"><ele>1342.0</ele></trkpt>
   <trkpt lat="-20.186930" lon="-43.957714"><ele>1342.0</ele></trkpt>
   <trkpt lat="-20.186810" lon="-43.957612"><ele>1341.8</ele></trkpt>
   <trkpt lat="-20.186764" lon="-43.957588"><ele>1341.8</ele></trkpt>
   <trkpt lat="-20.186449" lon="-43.957479"><ele>1340.4</ele></trkpt>
   <trkpt lat="-20.186404" lon="-43.957482"><ele>1340.2</ele></trkpt>
   <trkpt lat="-20.186378" lon="-43.957504"><ele>1339.8</ele></trkpt>
   <trkpt lat="-20.186375" lon="-43.957543"><ele>1339.4</ele></trkpt>
   <trkpt lat="-20.186391" lon="-43.957595"><ele>1339.2</ele></trkpt>
   <trkpt lat="-20.186454" lon="-43.957719"><ele>1338.4</ele></trkpt>
   <trkpt lat="-20.186679" lon="-43.958033"><ele>1337.0</ele></trkpt>
   <trkpt lat="-20.186699" lon="-43.958090"><ele>1336.4</ele></trkpt>
   <trkpt lat="-20.186681" lon="-43.958093"><ele>1336.0</ele></trkpt>
   <trkpt lat="-20.186648" lon="-43.958068"><ele>1335.8</ele></trkpt>
   <trkpt lat="-20.186513" lon="-43.957924"><ele>1335.0</ele></trkpt>
   <trkpt lat="-20.186401" lon="-43.957829"><ele>1334.2</ele></trkpt>
   <trkpt lat="-20.186296" lon="-43.957771"><ele>1333.2</ele></trkpt>
   <trkpt lat="-20.186258" lon="-43.957768"><ele>1332.8</ele></trkpt>
   <trkpt lat="-20.186245" lon="-43.957786"><ele>1332.4</ele></trkpt>
   <trkpt lat="-20.186250" lon="-43.957820"><ele>1332.2</ele></trkpt>
   <trkpt lat="-20.186321" lon="-43.958053"><ele>1330.8</ele></trkpt>
   <trkpt lat="-20.186426" lon="-43.958227"><ele>1329.0</ele></trkpt>
   <trkpt lat="-20.186429" lon="-43.958254"><ele>1328.4</ele></trkpt>
   <trkpt lat="-20.186410" lon="-43.958276"><ele>1328.0</ele></trkpt>
   <trkpt lat="-20.186225" lon="-43.958354"><ele>1326.6</ele></trkpt>
   <trkpt lat="-20.185767" lon="-43.958580"><ele>1324.6</ele></trkpt>
   <trkpt lat="-20.185601" lon="-43.958630"><ele>1324.0</ele></trkpt>
   <trkpt lat="-20.185441" lon="-43.958695"><ele>1323.4</ele></trkpt>
   <trkpt lat="-20.185164" lon="-43.958765"><ele>1322.8</ele></trkpt>
   <trkpt lat="-20.184743" lon="-43.958918"><ele>1323.0</ele></trkpt>
   <trkpt lat="-20.184557" lon="-43.958952"><ele>1323.4</ele></trkpt>
   <trkpt lat="-20.184443" lon="-43.958957"><ele>1323.4</ele></trkpt>
   <trkpt lat="-20.184158" lon="-43.958880"><ele>1323.6</ele></trkpt>
   <trkpt lat="-20.183891" lon="-43.958858"><ele>1323.4</ele></trkpt>
   <trkpt lat="-20.183615" lon="-43.958800"><ele>1323.2</ele></trkpt>
   <trkpt lat="-20.183411" lon="-43.958779"><ele>1323.0</ele></trkpt>
   <trkpt lat="-20.182945" lon="-43.958776"><ele>1323.2</ele></trkpt>
   <trkpt lat="-20.182568" lon="-43.958738"><ele>1323.4</ele></trkpt>
   <trkpt lat="-20.182315" lon="-43.958686"><ele>1323.6</ele></trkpt>
   <trkpt lat="-20.181349" lon="-43.958649"><ele>1323.8</ele></trkpt>
   <trkpt lat="-20.181128" lon="-43.958656"><ele>1324.0</ele></trkpt>
   <trkpt lat="-20.180916" lon="-43.958680"><ele>1323.8</ele></trkpt>
   <trkpt lat="-20.180602" lon="-43.958808"><ele>1323.4</ele></trkpt>
   <trkpt lat="-20.180478" lon="-43.958824"><ele>1323.0</ele></trkpt>
   <trkpt lat="-20.180423" lon="-43.958815"><ele>1322.6</ele></trkpt>
   <trkpt lat="-20.180377" lon="-43.958789"><ele>1322.2</ele></trkpt>
   <trkpt lat="-20.180340" lon="-43.958749"><ele>1322.2</ele></trkpt>
   <trkpt lat="-20.180315" lon="-43.958699"><ele>1322.2</ele></trkpt>
   <trkpt lat="-20.180282" lon="-43.958423"><ele>1322.8</ele></trkpt>
   <trkpt lat="-20.180287" lon="-43.958379"><ele>1323.0</ele></trkpt>
   <trkpt lat="-20.180342" lon="-43.958263"><ele>1323.4</ele></trkpt>
   <trkpt lat="-20.180357" lon="-43.958131"><ele>1323.4</ele></trkpt>
   <trkpt lat="-20.180420" lon="-43.958001"><ele>1323.4</ele></trkpt>
   <trkpt lat="-20.180445" lon="-43.957908"><ele>1323.8</ele></trkpt>
   <trkpt lat="-20.180414" lon="-43.957377"><ele>1325.0</ele></trkpt>
   <trkpt lat="-20.180392" lon="-43.957153"><ele>1325.4</ele></trkpt>
   <trkpt lat="-20.180345" lon="-43.956879"><ele>1325.6</ele></trkpt>
   <trkpt lat="-20.180329" lon="-43.956584"><ele>1326.6</ele></trkpt>
   <trkpt lat="-20.180310" lon="-43.956551"><ele>1326.6</ele></trkpt>
   <trkpt lat="-20.180278" lon="-43.956531"><ele>1326.6</ele></trkpt>
   <trkpt lat="-20.180079" lon="-43.956489"><ele>1326.8</ele></trkpt>
   <trkpt lat="-20.179988" lon="-43.956431"><ele>1327.2</ele></trkpt>
   <trkpt lat="-20.179959" lon="-43.956391"><ele>1327.2</ele></trkpt>
   <trkpt lat="-20.179919" lon="-43.956263"><ele>1328.0</ele></trkpt>
   <trkpt lat="-20.179881" lon="-43.956190"><ele>1328.4</ele></trkpt>
   <trkpt lat="-20.179791" lon="-43.956102"><ele>1329.2</ele></trkpt>
   <trkpt lat="-20.179723" lon="-43.956071"><ele>1329.8</ele></trkpt>
   <trkpt lat="-20.179690" lon="-43.956073"><ele>1330.0</ele></trkpt>
   <trkpt lat="-20.179640" lon="-43.956120"><ele>1330.2</ele></trkpt>
   <trkpt lat="-20.179466" lon="-43.956447"><ele>1330.6</ele></trkpt>
   <trkpt lat="-20.179173" lon="-43.956838"><ele>1330.8</ele></trkpt>
   <trkpt lat="-20.178960" lon="-43.957147"><ele>1331.2</ele></trkpt>
   <trkpt lat="-20.178802" lon="-43.957406"><ele>1332.0</ele></trkpt>
   <trkpt lat="-20.178704" lon="-43.957546"><ele>1332.6</ele></trkpt>
   <trkpt lat="-20.178640" lon="-43.957616"><ele>1333.2</ele></trkpt>
   <trkpt lat="-20.178565" lon="-43.957655"><ele>1333.6</ele></trkpt>
   <trkpt lat="-20.178349" lon="-43.957702"><ele>1336.4</ele></trkpt>
   <trkpt lat="-20.178205" lon="-43.957759"><ele>1338.6</ele></trkpt>
   <trkpt lat="-20.177925" lon="-43.957930"><ele>1341.2</ele></trkpt>
   <trkpt lat="-20.177401" lon="-43.958189"><ele>1342.2</ele></trkpt>
   <trkpt lat="-20.177146" lon="-43.958297"><ele>1343.0</ele></trkpt>
   <trkpt lat="-20.176843" lon="-43.958399"><ele>1344.2</ele></trkpt>
   <trkpt lat="-20.176707" lon="-43.958432"><ele>1344.8</ele></trkpt>
   <trkpt lat="-20.176620" lon="-43.958435"><ele>1345.2</ele></trkpt>
   <trkpt lat="-20.176433" lon="-43.958366"><ele>1346.6</ele></trkpt>
   <trkpt lat="-20.176314" lon="-43.958285"><ele>1348.0</ele></trkpt>
   <trkpt lat="-20.176194" lon="-43.958252"><ele>1348.2</ele></trkpt>
   <trkpt lat="-20.176084" lon="-43.958239"><ele>1347.6</ele></trkpt>
   <trkpt lat="-20.175726" lon="-43.958232"><ele>1345.0</ele></trkpt>
   <trkpt lat="-20.175449" lon="-43.958207"><ele>1343.6</ele></trkpt>
   <trkpt lat="-20.175330" lon="-43.958235"><ele>1343.0</ele></trkpt>
   <trkpt lat="-20.175142" lon="-43.958376"><ele>1341.4</ele></trkpt>
   <trkpt lat="-20.175065" lon="-43.958474"><ele>1340.4</ele></trkpt>
   <trkpt lat="-20.175030" lon="-43.958492"><ele>1340.2</ele></trkpt>
   <trkpt lat="-20.174933" lon="-43.958505"><ele>1339.8</ele></trkpt>
   <trkpt lat="-20.174809" lon="-43.958486"><ele>1339.6</ele></trkpt>
   <trkpt lat="-20.174687" lon="-43.958429"><ele>1339.6</ele></trkpt>
   <trkpt lat="-20.174457" lon="-43.958142"><ele>1338.8</ele></trkpt>
   <trkpt lat="-20.174417" lon="-43.958115"><ele>1338.4</ele></trkpt>
   <trkpt lat="-20.174377" lon="-43.958118"><ele>1338.0</ele></trkpt>
   <trkpt lat="-20.174337" lon="-43.958146"><ele>1337.8</ele></trkpt>
   <trkpt lat="-20.174261" lon="-43.958242"><ele>1337.4</ele></trkpt>
   <trkpt lat="-20.174146" lon="-43.958506"><ele>1336.6</ele></trkpt>
   <trkpt lat="-20.173848" lon="-43.958709"><ele>1335.4</ele></trkpt>
   <trkpt lat="-20.173698" lon="-43.958771"><ele>1334.2</ele></trkpt>
   <trkpt lat="-20.173615" lon="-43.958792"><ele>1333.8</ele></trkpt>
   <trkpt lat="-20.173439" lon="-43.958806"><ele>1332.8</ele></trkpt>
   <trkpt lat="-20.173263" lon="-43.958784"><ele>1332.0</ele></trkpt>
   <trkpt lat="-20.173098" lon="-43.958729"><ele>1331.4</ele></trkpt>
   <trkpt lat="-20.172880" lon="-43.958593"><ele>1330.6</ele></trkpt>
   <trkpt lat="-20.172759" lon="-43.958473"><ele>1330.0</ele></trkpt>
   <trkpt lat="-20.172708" lon="-43.958407"><ele>1330.0</ele></trkpt>
   <trkpt lat="-20.172628" lon="-43.958262"><ele>1329.6</ele></trkpt>
   <trkpt lat="-20.172550" lon="-43.958034"><ele>1329.6</ele></trkpt>
   <trkpt lat="-20.172526" lon="-43.957890"><ele>1329.8</ele></trkpt>
   <trkpt lat="-20.172524" lon="-43.957760"><ele>1330.2</ele></trkpt>
   <trkpt lat="-20.172568" lon="-43.957534"><ele>1331.0</ele></trkpt>
   <trkpt lat="-20.172625" lon="-43.957377"><ele>1331.6</ele></trkpt>
   <trkpt lat="-20.172675" lon="-43.957277"><ele>1332.0</ele></trkpt>
   <trkpt lat="-20.172869" lon="-43.956993"><ele>1333.0</ele></trkpt>
   <trkpt lat="-20.172893" lon="-43.956883"><ele>1333.4</ele></trkpt>
   <trkpt lat="-20.172864" lon="-43.956781"><ele>1333.8</ele></trkpt>
   <trkpt lat="-20.172620" lon="-43.956404"><ele>1333.8</ele></trkpt>
   <trkpt lat="-20.172378" lon="-43.955903"><ele>1331.8</ele></trkpt>
   <trkpt lat="-20.172215" lon="-43.955463"><ele>1331.2</ele></trkpt>
   <trkpt lat="-20.172185" lon="-43.955276"><ele>1331.4</ele></trkpt>
   <trkpt lat="-20.172198" lon="-43.955159"><ele>1331.6</ele></trkpt>
   <trkpt lat="-20.172232" lon="-43.955047"><ele>1331.8</ele></trkpt>
   <trkpt lat="-20.172284" lon="-43.954939"><ele>1332.0</ele></trkpt>
   <trkpt lat="-20.172382" lon="-43.954795"><ele>1332.4</ele></trkpt>
   <trkpt lat="-20.172455" lon="-43.954719"><ele>1332.8</ele></trkpt>
   <trkpt lat="-20.172578" lon="-43.954639"><ele>1333.6</ele></trkpt>
   <trkpt lat="-20.172995" lon="-43.954469"><ele>1336.6</ele></trkpt>
   <trkpt lat="-20.173314" lon="-43.954314"><ele>1339.2</ele></trkpt>
   <trkpt lat="-20.173370" lon="-43.954269"><ele>1339.8</ele></trkpt>
   <trkpt lat="-20.173416" lon="-43.954210"><ele>1340.4</ele></trkpt>
   <trkpt lat="-20.173454" lon="-43.954093"><ele>1341.0</ele></trkpt>
   <trkpt lat="-20.173429" lon="-43.953885"><ele>1340.8</ele></trkpt>
   <trkpt lat="-20.173407" lon="-43.953530"><ele>1339.6</ele></trkpt>
   <trkpt lat="-20.173425" lon="-43.953104"><ele>1337.2</ele></trkpt>
   <trkpt lat="-20.173441" lon="-43.953031"><ele>1336.6</ele></trkpt>
   <trkpt lat="-20.173496" lon="-43.952893"><ele>1336.0</ele></trkpt>
   <trkpt lat="-20.173571" lon="-43.952776"><ele>1335.6</ele></trkpt>
   <trkpt lat="-20.173684" lon="-43.952651"><ele>1335.0</ele></trkpt>
   <trkpt lat="-20.173698" lon="-43.952617"><ele>1334.6</ele></trkpt>
   <trkpt lat="-20.173713" lon="-43.952462"><ele>1332.8</ele></trkpt>
   <trkpt lat="-20.173637" lon="-43.952231"><ele>1329.0</ele></trkpt>
   <trkpt lat="-20.173646" lon="-43.952123"><ele>1327.8</ele></trkpt>
   <trkpt lat="-20.173680" lon="-43.952014"><ele>1327.2</ele></trkpt>
   <trkpt lat="-20.173710" lon="-43.951963"><ele>1326.8</ele></trkpt>
   <trkpt lat="-20.173793" lon="-43.951883"><ele>1326.0</ele></trkpt>
   <trkpt lat="-20.174273" lon="-43.951732"><ele>1324.8</ele></trkpt>
   <trkpt lat="-20.174287" lon="-43.951664"><ele>1324.8</ele></trkpt>
   <trkpt lat="-20.174247" lon="-43.951561"><ele>1325.6</ele></trkpt>
   <trkpt lat="-20.174248" lon="-43.951502"><ele>1325.8</ele></trkpt>
   <trkpt lat="-20.174381" lon="-43.951113"><ele>1327.2</ele></trkpt>
   <trkpt lat="-20.174425" lon="-43.951059"><ele>1327.6</ele></trkpt>
   <trkpt lat="-20.174509" lon="-43.950997"><ele>1328.6</ele></trkpt>
   <trkpt lat="-20.174665" lon="-43.950840"><ele>1331.0</ele></trkpt>
   <trkpt lat="-20.174734" lon="-43.950697"><ele>1332.2</ele></trkpt>
   <trkpt lat="-20.174757" lon="-43.950606"><ele>1332.2</ele></trkpt>
   <trkpt lat="-20.174755" lon="-43.950553"><ele>1332.0</ele></trkpt>
   <trkpt lat="-20.174733" lon="-43.950505"><ele>1331.8</ele></trkpt>
   <trkpt lat="-20.174694" lon="-43.950462"><ele>1331.6</ele></trkpt>
   <trkpt lat="-20.174413" lon="-43.950274"><ele>1330.8</ele></trkpt>
   <trkpt lat="-20.174033" lon="-43.949974"><ele>1331.2</ele></trkpt>
   <trkpt lat="-20.173676" lon="-43.949654"><ele>1331.8</ele></trkpt>
   <trkpt lat="-20.173443" lon="-43.949467"><ele>1332.4</ele></trkpt>
   <trkpt lat="-20.173351" lon="-43.949410"><ele>1332.4</ele></trkpt>
   <trkpt lat="-20.173307" lon="-43.949405"><ele>1332.6</ele></trkpt>
   <trkpt lat="-20.173270" lon="-43.949418"><ele>1332.6</ele></trkpt>
   <trkpt lat="-20.173249" lon="-43.949443"><ele>1332.6</ele></trkpt>
   <trkpt lat="-20.173223" lon="-43.949533"><ele>1332.6</ele></trkpt>
   <trkpt lat="-20.173182" lon="-43.949605"><ele>1332.8</ele></trkpt>
   <trkpt lat="-20.172884" lon="-43.949903"><ele>1334.0</ele></trkpt>
   <trkpt lat="-20.172730" lon="-43.950121"><ele>1331.8</ele></trkpt>
   <trkpt lat="-20.172606" lon="-43.950229"><ele>1330.8</ele></trkpt>
   <trkpt lat="-20.172149" lon="-43.950454"><ele>1328.6</ele></trkpt>
   <trkpt lat="-20.171889" lon="-43.950614"><ele>1329.0</ele></trkpt>
   <trkpt lat="-20.171558" lon="-43.950703"><ele>1330.6</ele></trkpt>
   <trkpt lat="-20.171412" lon="-43.950767"><ele>1330.0</ele></trkpt>
   <trkpt lat="-20.171372" lon="-43.950798"><ele>1329.6</ele></trkpt>
   <trkpt lat="-20.171349" lon="-43.950840"><ele>1329.2</ele></trkpt>
   <trkpt lat="-20.171308" lon="-43.951001"><ele>1327.0</ele></trkpt>
   <trkpt lat="-20.171276" lon="-43.951050"><ele>1326.2</ele></trkpt>
   <trkpt lat="-20.171231" lon="-43.951086"><ele>1325.6</ele></trkpt>
   <trkpt lat="-20.171176" lon="-43.951105"><ele>1325.2</ele></trkpt>
   <trkpt lat="-20.170991" lon="-43.951122"><ele>1324.2</ele></trkpt>
   <trkpt lat="-20.170880" lon="-43.951168"><ele>1323.8</ele></trkpt>
   <trkpt lat="-20.170830" lon="-43.951202"><ele>1323.6</ele></trkpt>
   <trkpt lat="-20.170757" lon="-43.951293"><ele>1323.6</ele></trkpt>
   <trkpt lat="-20.170747" lon="-43.951351"><ele>1323.2</ele></trkpt>
   <trkpt lat="-20.170779" lon="-43.951553"><ele>1322.8</ele></trkpt>
   <trkpt lat="-20.170771" lon="-43.951615"><ele>1322.6</ele></trkpt>
   <trkpt lat="-20.170745" lon="-43.951665"><ele>1322.6</ele></trkpt>
   <trkpt lat="-20.170702" lon="-43.951702"><ele>1322.4</ele></trkpt>
   <trkpt lat="-20.170588" lon="-43.951736"><ele>1322.2</ele></trkpt>
   <trkpt lat="-20.170135" lon="-43.951768"><ele>1322.0</ele></trkpt>
   <trkpt lat="-20.169885" lon="-43.951837"><ele>1322.0</ele></trkpt>
   <trkpt lat="-20.169473" lon="-43.952029"><ele>1322.2</ele></trkpt>
   <trkpt lat="-20.169308" lon="-43.952171"><ele>1322.8</ele></trkpt>
   <trkpt lat="-20.169216" lon="-43.952290"><ele>1323.4</ele></trkpt>
   <trkpt lat="-20.169130" lon="-43.952567"><ele>1323.8</ele></trkpt>
   <trkpt lat="-20.169095" lon="-43.952793"><ele>1323.8</ele></trkpt>
   <trkpt lat="-20.169114" lon="-43.953087"><ele>1323.8</ele></trkpt>
   <trkpt lat="-20.169104" lon="-43.953211"><ele>1323.8</ele></trkpt>
   <trkpt lat="-20.169049" lon="-43.953398"><ele>1323.8</ele></trkpt>
   <trkpt lat="-20.168967" lon="-43.953584"><ele>1323.6</ele></trkpt>
   <trkpt lat="-20.168898" lon="-43.953703"><ele>1323.4</ele></trkpt>
   <trkpt lat="-20.168776" lon="-43.953870"><ele>1323.2</ele></trkpt>
   <trkpt lat="-20.168496" lon="-43.954153"><ele>1323.2</ele></trkpt>
   <trkpt lat="-20.168376" lon="-43.954302"><ele>1323.4</ele></trkpt>
   <trkpt lat="-20.168230" lon="-43.954524"><ele>1323.6</ele></trkpt>
   <trkpt lat="-20.168097" lon="-43.954768"><ele>1323.6</ele></trkpt>
   <trkpt lat="-20.168016" lon="-43.954879"><ele>1323.6</ele></trkpt>
   <trkpt lat="-20.167914" lon="-43.954968"><ele>1323.4</ele></trkpt>
   <trkpt lat="-20.167737" lon="-43.955064"><ele>1323.2</ele></trkpt>
   <trkpt lat="-20.167543" lon="-43.955119"><ele>1323.2</ele></trkpt>
   <trkpt lat="-20.167340" lon="-43.955139"><ele>1323.0</ele></trkpt>
   <trkpt lat="-20.167133" lon="-43.955127"><ele>1322.8</ele></trkpt>
   <trkpt lat="-20.166926" lon="-43.955092"><ele>1322.8</ele></trkpt>
   <trkpt lat="-20.166721" lon="-43.955028"><ele>1323.0</ele></trkpt>
   <trkpt lat="-20.165813" lon="-43.954626"><ele>1323.4</ele></trkpt>
   <trkpt lat="-20.165518" lon="-43.954551"><ele>1323.2</ele></trkpt>
   <trkpt lat="-20.165071" lon="-43.954463"><ele>1323.0</ele></trkpt>
   <trkpt lat="-20.164928" lon="-43.954447"><ele>1323.2</ele></trkpt>
   <trkpt lat="-20.164795" lon="-43.954455"><ele>1323.4</ele></trkpt>
   <trkpt lat="-20.164599" lon="-43.954488"><ele>1323.6</ele></trkpt>
   <trkpt lat="-20.164391" lon="-43.954552"><ele>1323.2</ele></trkpt>
   <trkpt lat="-20.164254" lon="-43.954618"><ele>1323.0</ele></trkpt>
   <trkpt lat="-20.163730" lon="-43.954929"><ele>1322.6</ele></trkpt>
   <trkpt lat="-20.163670" lon="-43.954972"><ele>1322.6</ele></trkpt>
   <trkpt lat="-20.163570" lon="-43.955076"><ele>1322.6</ele></trkpt>
   <trkpt lat="-20.163349" lon="-43.955365"><ele>1322.4</ele></trkpt>
   <trkpt lat="-20.163257" lon="-43.955467"><ele>1322.4</ele></trkpt>
   <trkpt lat="-20.163154" lon="-43.955531"><ele>1322.0</ele></trkpt>
   <trkpt lat="-20.162988" lon="-43.955541"><ele>1321.8</ele></trkpt>
   <trkpt lat="-20.162935" lon="-43.955556"><ele>1321.6</ele></trkpt>
   <trkpt lat="-20.162888" lon="-43.955588"><ele>1321.6</ele></trkpt>
   <trkpt lat="-20.162853" lon="-43.955633"><ele>1321.4</ele></trkpt>
   <trkpt lat="-20.162833" lon="-43.955685"><ele>1321.4</ele></trkpt>
   <trkpt lat="-20.162843" lon="-43.955833"><ele>1321.6</ele></trkpt>
   <trkpt lat="-20.162832" lon="-43.955873"><ele>1321.8</ele></trkpt>
   <trkpt lat="-20.162719" lon="-43.955792"><ele>1322.2</ele></trkpt>
   <trkpt lat="-20.162594" lon="-43.955760"><ele>1322.4</ele></trkpt>
   <trkpt lat="-20.162560" lon="-43.955739"><ele>1322.6</ele></trkpt>
   <trkpt lat="-20.162497" lon="-43.955580"><ele>1322.6</ele></trkpt>
   <trkpt lat="-20.162425" lon="-43.955541"><ele>1322.6</ele></trkpt>
   <trkpt lat="-20.162291" lon="-43.955509"><ele>1322.8</ele></trkpt>
   <trkpt lat="-20.162128" lon="-43.955570"><ele>1323.0</ele></trkpt>
   <trkpt lat="-20.162089" lon="-43.955565"><ele>1323.0</ele></trkpt>
   <trkpt lat="-20.161859" lon="-43.955472"><ele>1323.0</ele></trkpt>
   <trkpt lat="-20.161547" lon="-43.955445"><ele>1323.2</ele></trkpt>
   <trkpt lat="-20.161416" lon="-43.955418"><ele>1323.2</ele></trkpt>
   <trkpt lat="-20.160516" lon="-43.955045"><ele>1324.2</ele></trkpt>
   <trkpt lat="-20.160456" lon="-43.955035"><ele>1324.2</ele></trkpt>
   <trkpt lat="-20.160399" lon="-43.955045"><ele>1324.2</ele></trkpt>
   <trkpt lat="-20.160351" lon="-43.955075"><ele>1324.2</ele></trkpt>
   <trkpt lat="-20.160239" lon="-43.955209"><ele>1324.0</ele></trkpt>
   <trkpt lat="-20.160120" lon="-43.955264"><ele>1323.8</ele></trkpt>
   <trkpt lat="-20.160084" lon="-43.955295"><ele>1323.8</ele></trkpt>
   <trkpt lat="-20.160032" lon="-43.955395"><ele>1323.6</ele></trkpt>
   <trkpt lat="-20.159911" lon="-43.955831"><ele>1322.6</ele></trkpt>
   <trkpt lat="-20.159733" lon="-43.956226"><ele>1321.2</ele></trkpt>
   <trkpt lat="-20.158597" lon="-43.959214"><ele>1320.4</ele></trkpt>
   <trkpt lat="-20.158334" lon="-43.959864"><ele>1321.4</ele></trkpt>
   <trkpt lat="-20.157898" lon="-43.960712"><ele>1323.6</ele></trkpt>
   <trkpt lat="-20.157735" lon="-43.960884"><ele>1324.6</ele></trkpt>
   <trkpt lat="-20.157638" lon="-43.961126"><ele>1326.0</ele></trkpt>
   <trkpt lat="-20.157550" lon="-43.961245"><ele>1326.8</ele></trkpt>
   <trkpt lat="-20.157475" lon="-43.961376"><ele>1327.6</ele></trkpt>
   <trkpt lat="-20.157346" lon="-43.961498"><ele>1328.8</ele></trkpt>
   <trkpt lat="-20.157294" lon="-43.961583"><ele>1329.2</ele></trkpt>
   <trkpt lat="-20.157188" lon="-43.961888"><ele>1331.0</ele></trkpt>
   <trkpt lat="-20.156928" lon="-43.962529"><ele>1334.8</ele></trkpt>
   <trkpt lat="-20.156756" lon="-43.963037"><ele>1338.2</ele></trkpt>
   <trkpt lat="-20.156600" lon="-43.963436"><ele>1340.0</ele></trkpt>
   <trkpt lat="-20.156575" lon="-43.963445"><ele>1340.2</ele></trkpt>
   <trkpt lat="-20.156526" lon="-43.963417"><ele>1340.4</ele></trkpt>
   <trkpt lat="-20.156469" lon="-43.963336"><ele>1340.6</ele></trkpt>
   <trkpt lat="-20.156442" lon="-43.963319"><ele>1340.6</ele></trkpt>
   <trkpt lat="-20.156177" lon="-43.963259"><ele>1342.2</ele></trkpt>
   <trkpt lat="-20.156005" lon="-43.963148"><ele>1342.0</ele></trkpt>
   <trkpt lat="-20.155779" lon="-43.963037"><ele>1341.0</ele></trkpt>
   <trkpt lat="-20.155553" lon="-43.962979"><ele>1339.0</ele></trkpt>
   <trkpt lat="-20.155424" lon="-43.962932"><ele>1337.2</ele></trkpt>
   <trkpt lat="-20.155339" lon="-43.962918"><ele>1336.0</ele></trkpt>
   <trkpt lat="-20.155127" lon="-43.962961"><ele>1334.0</ele></trkpt>
   <trkpt lat="-20.154927" lon="-43.962970"><ele>1332.0</ele></trkpt>
   <trkpt lat="-20.154683" lon="-43.963039"><ele>1330.8</ele></trkpt>
   <trkpt lat="-20.154395" lon="-43.963100"><ele>1330.4</ele></trkpt>
   <trkpt lat="-20.154320" lon="-43.963132"><ele>1330.6</ele></trkpt>
   <trkpt lat="-20.154230" lon="-43.963192"><ele>1331.4</ele></trkpt>
   <trkpt lat="-20.154083" lon="-43.963211"><ele>1331.8</ele></trkpt>
   <trkpt lat="-20.153970" lon="-43.963239"><ele>1331.8</ele></trkpt>
   <trkpt lat="-20.153893" lon="-43.963273"><ele>1331.6</ele></trkpt>
   <trkpt lat="-20.153822" lon="-43.963272"><ele>1331.4</ele></trkpt>
   <trkpt lat="-20.153675" lon="-43.963233"><ele>1329.6</ele></trkpt>
   <trkpt lat="-20.153607" lon="-43.963161"><ele>1328.4</ele></trkpt>
   <trkpt lat="-20.153582" lon="-43.963154"><ele>1328.2</ele></trkpt>
   <trkpt lat="-20.153451" lon="-43.963193"><ele>1327.6</ele></trkpt>
   <trkpt lat="-20.153196" lon="-43.963239"><ele>1324.4</ele></trkpt>
   <trkpt lat="-20.153092" lon="-43.963295"><ele>1323.4</ele></trkpt>
   <trkpt lat="-20.152954" lon="-43.963307"><ele>1321.8</ele></trkpt>
   <trkpt lat="-20.152655" lon="-43.963450"><ele>1320.2</ele></trkpt>
   <trkpt lat="-20.152538" lon="-43.963468"><ele>1319.4</ele></trkpt>
   <trkpt lat="-20.152433" lon="-43.963501"><ele>1318.4</ele></trkpt>
   <trkpt lat="-20.152404" lon="-43.963495"><ele>1317.6</ele></trkpt>
   <trkpt lat="-20.152533" lon="-43.963389"><ele>1316.2</ele></trkpt>
   <trkpt lat="-20.152550" lon="-43.963351"><ele>1315.4</ele></trkpt>
   <trkpt lat="-20.152459" lon="-43.963377"><ele>1314.6</ele></trkpt>
   <trkpt lat="-20.152016" lon="-43.963436"><ele>1311.2</ele></trkpt>
   <trkpt lat="-20.151933" lon="-43.963486"><ele>1310.6</ele></trkpt>
   <trkpt lat="-20.151858" lon="-43.963581"><ele>1311.2</ele></trkpt>
   <trkpt lat="-20.151713" lon="-43.963652"><ele>1311.0</ele></trkpt>
   <trkpt lat="-20.151616" lon="-43.963662"><ele>1310.4</ele></trkpt>
   <trkpt lat="-20.151604" lon="-43.963645"><ele>1310.0</ele></trkpt>
   <trkpt lat="-20.151609" lon="-43.963619"><ele>1309.4</ele></trkpt>
   <trkpt lat="-20.151784" lon="-43.963428"><ele>1307.0</ele></trkpt>
   <trkpt lat="-20.151812" lon="-43.963368"><ele>1305.8</ele></trkpt>
   <trkpt lat="-20.151800" lon="-43.963344"><ele>1304.8</ele></trkpt>
   <trkpt lat="-20.151737" lon="-43.963298"><ele>1303.0</ele></trkpt>
   <trkpt lat="-20.151602" lon="-43.963243"><ele>1300.4</ele></trkpt>
   <trkpt lat="-20.151577" lon="-43.963222"><ele>1299.8</ele></trkpt>
   <trkpt lat="-20.151567" lon="-43.963191"><ele>1299.4</ele></trkpt>
   <trkpt lat="-20.151570" lon="-43.963067"><ele>1298.4</ele></trkpt>
   <trkpt lat="-20.151535" lon="-43.962987"><ele>1298.0</ele></trkpt>
   <trkpt lat="-20.151299" lon="-43.962796"><ele>1297.6</ele></trkpt>
   <trkpt lat="-20.151260" lon="-43.962775"><ele>1297.8</ele></trkpt>
   <trkpt lat="-20.151187" lon="-43.962766"><ele>1298.2</ele></trkpt>
   <trkpt lat="-20.151085" lon="-43.962801"><ele>1298.2</ele></trkpt>
   <trkpt lat="-20.151050" lon="-43.962870"><ele>1298.0</ele></trkpt>
   <trkpt lat="-20.151040" lon="-43.963040"><ele>1297.6</ele></trkpt>
   <trkpt lat="-20.151026" lon="-43.963086"><ele>1297.4</ele></trkpt>
   <trkpt lat="-20.151003" lon="-43.963120"><ele>1297.4</ele></trkpt>
   <trkpt lat="-20.150974" lon="-43.963136"><ele>1297.6</ele></trkpt>
   <trkpt lat="-20.150821" lon="-43.963156"><ele>1300.0</ele></trkpt>
   <trkpt lat="-20.150708" lon="-43.963236"><ele>1302.6</ele></trkpt>
   <trkpt lat="-20.150600" lon="-43.963214"><ele>1304.6</ele></trkpt>
   <trkpt lat="-20.150532" lon="-43.963144"><ele>1305.8</ele></trkpt>
   <trkpt lat="-20.150458" lon="-43.963112"><ele>1307.4</ele></trkpt>
   <trkpt lat="-20.150382" lon="-43.963126"><ele>1309.0</ele></trkpt>
   <trkpt lat="-20.150317" lon="-43.963186"><ele>1310.8</ele></trkpt>
   <trkpt lat="-20.150292" lon="-43.963188"><ele>1311.4</ele></trkpt>
   <trkpt lat="-20.150268" lon="-43.963166"><ele>1312.0</ele></trkpt>
   <trkpt lat="-20.150216" lon="-43.963028"><ele>1314.8</ele></trkpt>
   <trkpt lat="-20.150223" lon="-43.962861"><ele>1315.2</ele></trkpt>
   <trkpt lat="-20.150175" lon="-43.962727"><ele>1315.6</ele></trkpt>
   <trkpt lat="-20.150139" lon="-43.962683"><ele>1316.0</ele></trkpt>
   <trkpt lat="-20.150104" lon="-43.962669"><ele>1316.6</ele></trkpt>
   <trkpt lat="-20.150071" lon="-43.962677"><ele>1317.4</ele></trkpt>
   <trkpt lat="-20.150020" lon="-43.962769"><ele>1319.0</ele></trkpt>
   <trkpt lat="-20.149965" lon="-43.962790"><ele>1320.0</ele></trkpt>
   <trkpt lat="-20.149878" lon="-43.962779"><ele>1321.2</ele></trkpt>
   <trkpt lat="-20.149700" lon="-43.962696"><ele>1324.2</ele></trkpt>
   <trkpt lat="-20.149544" lon="-43.962668"><ele>1326.8</ele></trkpt>
   <trkpt lat="-20.149489" lon="-43.962631"><ele>1327.8</ele></trkpt>
   <trkpt lat="-20.149400" lon="-43.962536"><ele>1329.2</ele></trkpt>
   <trkpt lat="-20.149302" lon="-43.962485"><ele>1330.6</ele></trkpt>
   <trkpt lat="-20.149206" lon="-43.962397"><ele>1332.4</ele></trkpt>
   <trkpt lat="-20.149095" lon="-43.962260"><ele>1333.6</ele></trkpt>
   <trkpt lat="-20.148996" lon="-43.962219"><ele>1335.0</ele></trkpt>
   <trkpt lat="-20.148848" lon="-43.962047"><ele>1336.0</ele></trkpt>
   <trkpt lat="-20.148802" lon="-43.961933"><ele>1336.2</ele></trkpt>
   <trkpt lat="-20.148755" lon="-43.961863"><ele>1336.2</ele></trkpt>
   <trkpt lat="-20.148692" lon="-43.961829"><ele>1336.6</ele></trkpt>
   <trkpt lat="-20.148585" lon="-43.961832"><ele>1338.0</ele></trkpt>
   <trkpt lat="-20.148542" lon="-43.961821"><ele>1338.6</ele></trkpt>
   <trkpt lat="-20.148259" lon="-43.961670"><ele>1341.2</ele></trkpt>
   <trkpt lat="-20.147886" lon="-43.961494"><ele>1344.8</ele></trkpt>
   <trkpt lat="-20.147804" lon="-43.961427"><ele>1345.8</ele></trkpt>
   <trkpt lat="-20.147692" lon="-43.961291"><ele>1347.2</ele></trkpt>
   <trkpt lat="-20.147621" lon="-43.961226"><ele>1348.0</ele></trkpt>
   <trkpt lat="-20.147349" lon="-43.961053"><ele>1349.2</ele></trkpt>
   <trkpt lat="-20.147033" lon="-43.960981"><ele>1348.2</ele></trkpt>
   <trkpt lat="-20.146735" lon="-43.960974"><ele>1345.8</ele></trkpt>
   <trkpt lat="-20.146441" lon="-43.960841"><ele>1342.2</ele></trkpt>
   <trkpt lat="-20.146072" lon="-43.960701"><ele>1338.2</ele></trkpt>
   <trkpt lat="-20.145889" lon="-43.960649"><ele>1336.2</ele></trkpt>
   <trkpt lat="-20.145703" lon="-43.960622"><ele>1334.4</ele></trkpt>
   <trkpt lat="-20.145149" lon="-43.960627"><ele>1329.8</ele></trkpt>
   <trkpt lat="-20.144409" lon="-43.960544"><ele>1317.8</ele></trkpt>
   <trkpt lat="-20.143932" lon="-43.960611"><ele>1313.8</ele></trkpt>
   <trkpt lat="-20.143586" lon="-43.960598"><ele>1311.0</ele></trkpt>
   <trkpt lat="-20.143492" lon="-43.960609"><ele>1310.4</ele></trkpt>
   <trkpt lat="-20.143327" lon="-43.960668"><ele>1309.8</ele></trkpt>
   <trkpt lat="-20.143267" lon="-43.960714"><ele>1309.6</ele></trkpt>
   <trkpt lat="-20.143176" lon="-43.960843"><ele>1310.4</ele></trkpt>
   <trkpt lat="-20.143152" lon="-43.960852"><ele>1310.6</ele></trkpt>
   <trkpt lat="-20.142933" lon="-43.960803"><ele>1309.4</ele></trkpt>
   <trkpt lat="-20.142856" lon="-43.960809"><ele>1309.2</ele></trkpt>
   <trkpt lat="-20.142705" lon="-43.960861"><ele>1308.6</ele></trkpt>
   <trkpt lat="-20.142586" lon="-43.960959"><ele>1308.6</ele></trkpt>
   <trkpt lat="-20.142512" lon="-43.961058"><ele>1309.0</ele></trkpt>
   <trkpt lat="-20.142459" lon="-43.961160"><ele>1310.4</ele></trkpt>
   <trkpt lat="-20.142339" lon="-43.961246"><ele>1311.8</ele></trkpt>
   <trkpt lat="-20.142267" lon="-43.961351"><ele>1311.8</ele></trkpt>
   <trkpt lat="-20.142194" lon="-43.961413"><ele>1311.8</ele></trkpt>
   <trkpt lat="-20.142093" lon="-43.961426"><ele>1311.8</ele></trkpt>
   <trkpt lat="-20.141982" lon="-43.961410"><ele>1311.6</ele></trkpt>
   <trkpt lat="-20.141784" lon="-43.961314"><ele>1310.6</ele></trkpt>
   <trkpt lat="-20.141753" lon="-43.961287"><ele>1310.2</ele></trkpt>
   <trkpt lat="-20.141727" lon="-43.961204"><ele>1309.4</ele></trkpt>
   <trkpt lat="-20.141668" lon="-43.961158"><ele>1309.0</ele></trkpt>
   <trkpt lat="-20.141534" lon="-43.961131"><ele>1308.8</ele></trkpt>
   <trkpt lat="-20.141454" lon="-43.961143"><ele>1309.4</ele></trkpt>
   <trkpt lat="-20.141367" lon="-43.961176"><ele>1310.6</ele></trkpt>
   <trkpt lat="-20.141279" lon="-43.961234"><ele>1312.4</ele></trkpt>
   <trkpt lat="-20.141089" lon="-43.961320"><ele>1315.2</ele></trkpt>
   <trkpt lat="-20.140578" lon="-43.961396"><ele>1319.8</ele></trkpt>
   <trkpt lat="-20.140367" lon="-43.961499"><ele>1321.4</ele></trkpt>
   <trkpt lat="-20.140088" lon="-43.961562"><ele>1321.4</ele></trkpt>
   <trkpt lat="-20.139698" lon="-43.961738"><ele>1321.0</ele></trkpt>
   <trkpt lat="-20.139509" lon="-43.961791"><ele>1321.4</ele></trkpt>
   <trkpt lat="-20.139307" lon="-43.961874"><ele>1322.4</ele></trkpt>
   <trkpt lat="-20.138909" lon="-43.961994"><ele>1322.8</ele></trkpt>
   <trkpt lat="-20.138650" lon="-43.962058"><ele>1322.4</ele></trkpt>
   <trkpt lat="-20.138076" lon="-43.962256"><ele>1319.6</ele></trkpt>
   <trkpt lat="-20.137658" lon="-43.962361"><ele>1316.4</ele></trkpt>
   <trkpt lat="-20.137350" lon="-43.962497"><ele>1314.0</ele></trkpt>
   <trkpt lat="-20.137052" lon="-43.962594"><ele>1312.6</ele></trkpt>
   <trkpt lat="-20.136741" lon="-43.962740"><ele>1311.2</ele></trkpt>
   <trkpt lat="-20.136609" lon="-43.962775"><ele>1310.8</ele></trkpt>
   <trkpt lat="-20.136230" lon="-43.962840"><ele>1308.8</ele></trkpt>
   <trkpt lat="-20.135941" lon="-43.962948"><ele>1307.6</ele></trkpt>
   <trkpt lat="-20.135661" lon="-43.963028"><ele>1306.8</ele></trkpt>
   <trkpt lat="-20.135153" lon="-43.963206"><ele>1304.6</ele></trkpt>
   <trkpt lat="-20.135063" lon="-43.963261"><ele>1304.2</ele></trkpt>
   <trkpt lat="-20.135005" lon="-43.963382"><ele>1304.4</ele></trkpt>
   <trkpt lat="-20.134912" lon="-43.963495"><ele>1305.2</ele></trkpt>
   <trkpt lat="-20.134832" lon="-43.963843"><ele>1309.2</ele></trkpt>
   <trkpt lat="-20.134762" lon="-43.963979"><ele>1310.6</ele></trkpt>
   <trkpt lat="-20.134718" lon="-43.964108"><ele>1311.6</ele></trkpt>
   <trkpt lat="-20.134681" lon="-43.964145"><ele>1311.8</ele></trkpt>
   <trkpt lat="-20.134629" lon="-43.964143"><ele>1311.6</ele></trkpt>
   <trkpt lat="-20.134539" lon="-43.964113"><ele>1311.8</ele></trkpt>
   <trkpt lat="-20.134462" lon="-43.964116"><ele>1312.6</ele></trkpt>
   <trkpt lat="-20.134267" lon="-43.964086"><ele>1312.4</ele></trkpt>
   <trkpt lat="-20.134226" lon="-43.964068"><ele>1312.0</ele></trkpt>
   <trkpt lat="-20.134126" lon="-43.963972"><ele>1310.8</ele></trkpt>
   <trkpt lat="-20.134082" lon="-43.963956"><ele>1310.4</ele></trkpt>
   <trkpt lat="-20.133925" lon="-43.963982"><ele>1309.2</ele></trkpt>
   <trkpt lat="-20.133869" lon="-43.963982"><ele>1308.8</ele></trkpt>
   <trkpt lat="-20.133819" lon="-43.963965"><ele>1308.2</ele></trkpt>
   <trkpt lat="-20.133778" lon="-43.963933"><ele>1307.8</ele></trkpt>
   <trkpt lat="-20.133750" lon="-43.963886"><ele>1307.4</ele></trkpt>
   <trkpt lat="-20.133714" lon="-43.963761"><ele>1306.4</ele></trkpt>
   <trkpt lat="-20.133656" lon="-43.963655"><ele>1305.2</ele></trkpt>
   <trkpt lat="-20.133617" lon="-43.963632"><ele>1304.8</ele></trkpt>
   <trkpt lat="-20.133573" lon="-43.963631"><ele>1304.6</ele></trkpt>
   <trkpt lat="-20.133315" lon="-43.963759"><ele>1304.8</ele></trkpt>
   <trkpt lat="-20.132920" lon="-43.963891"><ele>1305.4</ele></trkpt>
   <trkpt lat="-20.132658" lon="-43.963997"><ele>1306.2</ele></trkpt>
   <trkpt lat="-20.132145" lon="-43.964145"><ele>1307.4</ele></trkpt>
   <trkpt lat="-20.131755" lon="-43.964286"><ele>1306.0</ele></trkpt>
   <trkpt lat="-20.131315" lon="-43.964411"><ele>1303.8</ele></trkpt>
   <trkpt lat="-20.131121" lon="-43.964509"><ele>1305.2</ele></trkpt>
   <trkpt lat="-20.130989" lon="-43.964559"><ele>1305.6</ele></trkpt>
   <trkpt lat="-20.130932" lon="-43.964625"><ele>1306.0</ele></trkpt>
   <trkpt lat="-20.130868" lon="-43.964666"><ele>1306.0</ele></trkpt>
   <trkpt lat="-20.130716" lon="-43.964695"><ele>1306.0</ele></trkpt>
   <trkpt lat="-20.130409" lon="-43.964715"><ele>1305.4</ele></trkpt>
   <trkpt lat="-20.130086" lon="-43.964806"><ele>1304.8</ele></trkpt>
   <trkpt lat="-20.129954" lon="-43.964869"><ele>1304.8</ele></trkpt>
   <trkpt lat="-20.129809" lon="-43.964985"><ele>1304.6</ele></trkpt>
   <trkpt lat="-20.129528" lon="-43.965138"><ele>1304.0</ele></trkpt>
   <trkpt lat="-20.129188" lon="-43.965153"><ele>1303.0</ele></trkpt>
   <trkpt lat="-20.129155" lon="-43.965175"><ele>1302.8</ele></trkpt>
   <trkpt lat="-20.129140" lon="-43.965211"><ele>1302.6</ele></trkpt>
   <trkpt lat="-20.129123" lon="-43.965316"><ele>1302.0</ele></trkpt>
   <trkpt lat="-20.129077" lon="-43.965423"><ele>1301.6</ele></trkpt>
   <trkpt lat="-20.129040" lon="-43.965449"><ele>1301.4</ele></trkpt>
   <trkpt lat="-20.128829" lon="-43.965509"><ele>1300.2</ele></trkpt>
   <trkpt lat="-20.128496" lon="-43.965683"><ele>1299.4</ele></trkpt>
   <trkpt lat="-20.128372" lon="-43.965695"><ele>1299.0</ele></trkpt>
   <trkpt lat="-20.127880" lon="-43.965656"><ele>1297.6</ele></trkpt>
   <trkpt lat="-20.127730" lon="-43.965674"><ele>1297.2</ele></trkpt>
   <trkpt lat="-20.127527" lon="-43.965723"><ele>1297.0</ele></trkpt>
   <trkpt lat="-20.127429" lon="-43.965771"><ele>1297.0</ele></trkpt>
   <trkpt lat="-20.127380" lon="-43.965838"><ele>1297.2</ele></trkpt>
   <trkpt lat="-20.127346" lon="-43.965973"><ele>1296.8</ele></trkpt>
   <trkpt lat="-20.127319" lon="-43.966014"><ele>1296.4</ele></trkpt>
   <trkpt lat="-20.127279" lon="-43.966038"><ele>1296.4</ele></trkpt>
   <trkpt lat="-20.127088" lon="-43.966040"><ele>1296.0</ele></trkpt>
   <trkpt lat="-20.126847" lon="-43.965985"><ele>1295.2</ele></trkpt>
   <trkpt lat="-20.126554" lon="-43.966093"><ele>1293.8</ele></trkpt>
   <trkpt lat="-20.126217" lon="-43.966278"><ele>1292.0</ele></trkpt>
   <trkpt lat="-20.126095" lon="-43.966369"><ele>1291.4</ele></trkpt>
   <trkpt lat="-20.125937" lon="-43.966526"><ele>1290.6</ele></trkpt>
   <trkpt lat="-20.125822" lon="-43.966619"><ele>1290.0</ele></trkpt>
   <trkpt lat="-20.125696" lon="-43.966673"><ele>1289.4</ele></trkpt>
   <trkpt lat="-20.125487" lon="-43.966723"><ele>1289.2</ele></trkpt>
   <trkpt lat="-20.125342" lon="-43.966812"><ele>1289.8</ele></trkpt>
   <trkpt lat="-20.125150" lon="-43.966875"><ele>1291.4</ele></trkpt>
   <trkpt lat="-20.125042" lon="-43.966935"><ele>1292.2</ele></trkpt>
   <trkpt lat="-20.124825" lon="-43.967153"><ele>1294.6</ele></trkpt>
   <trkpt lat="-20.124751" lon="-43.967257"><ele>1295.6</ele></trkpt>
   <trkpt lat="-20.124650" lon="-43.967346"><ele>1296.8</ele></trkpt>
   <trkpt lat="-20.124564" lon="-43.967487"><ele>1297.8</ele></trkpt>
   <trkpt lat="-20.124420" lon="-43.967576"><ele>1299.2</ele></trkpt>
   <trkpt lat="-20.123964" lon="-43.967935"><ele>1300.0</ele></trkpt>
   <trkpt lat="-20.123951" lon="-43.967955"><ele>1300.0</ele></trkpt>
   <trkpt lat="-20.123950" lon="-43.967992"><ele>1300.0</ele></trkpt>
   <trkpt lat="-20.124002" lon="-43.968085"><ele>1300.2</ele></trkpt>
   <trkpt lat="-20.124001" lon="-43.968130"><ele>1300.6</ele></trkpt>
   <trkpt lat="-20.123969" lon="-43.968116"><ele>1301.0</ele></trkpt>
   <trkpt lat="-20.123782" lon="-43.967953"><ele>1301.8</ele></trkpt>
   <trkpt lat="-20.123728" lon="-43.967936"><ele>1302.2</ele></trkpt>
   <trkpt lat="-20.123711" lon="-43.967984"><ele>1303.0</ele></trkpt>
   <trkpt lat="-20.123711" lon="-43.968070"><ele>1303.6</ele></trkpt>
   <trkpt lat="-20.123686" lon="-43.968118"><ele>1304.0</ele></trkpt>
   <trkpt lat="-20.123248" lon="-43.968432"><ele>1307.0</ele></trkpt>
   <trkpt lat="-20.123192" lon="-43.968489"><ele>1307.2</ele></trkpt>
   <trkpt lat="-20.123116" lon="-43.968606"><ele>1307.0</ele></trkpt>
   <trkpt lat="-20.123059" lon="-43.968655"><ele>1307.0</ele></trkpt>
   <trkpt lat="-20.122949" lon="-43.968719"><ele>1306.8</ele></trkpt>
   <trkpt lat="-20.122762" lon="-43.968855"><ele>1306.2</ele></trkpt>
   <trkpt lat="-20.122537" lon="-43.968941"><ele>1305.6</ele></trkpt>
   <trkpt lat="-20.122231" lon="-43.969114"><ele>1304.6</ele></trkpt>
   <trkpt lat="-20.121838" lon="-43.969238"><ele>1303.6</ele></trkpt>
   <trkpt lat="-20.121722" lon="-43.969315"><ele>1303.8</ele></trkpt>
   <trkpt lat="-20.121669" lon="-43.969313"><ele>1304.0</ele></trkpt>
   <trkpt lat="-20.121580" lon="-43.969279"><ele>1304.4</ele></trkpt>
   <trkpt lat="-20.121539" lon="-43.969228"><ele>1304.4</ele></trkpt>
   <trkpt lat="-20.121470" lon="-43.969080"><ele>1304.2</ele></trkpt>
   <trkpt lat="-20.121427" lon="-43.969041"><ele>1304.0</ele></trkpt>
   <trkpt lat="-20.121374" lon="-43.969025"><ele>1304.0</ele></trkpt>
   <trkpt lat="-20.121236" lon="-43.968854"><ele>1303.2</ele></trkpt>
   <trkpt lat="-20.121191" lon="-43.968823"><ele>1303.2</ele></trkpt>
   <trkpt lat="-20.121054" lon="-43.968792"><ele>1303.8</ele></trkpt>
   <trkpt lat="-20.120873" lon="-43.968709"><ele>1304.4</ele></trkpt>
   <trkpt lat="-20.120681" lon="-43.968691"><ele>1305.2</ele></trkpt>
   <trkpt lat="-20.120612" lon="-43.968669"><ele>1305.2</ele></trkpt>
   <trkpt lat="-20.120465" lon="-43.968556"><ele>1305.2</ele></trkpt>
   <trkpt lat="-20.120352" lon="-43.968441"><ele>1305.0</ele></trkpt>
   <trkpt lat="-20.120237" lon="-43.968359"><ele>1304.8</ele></trkpt>
   <trkpt lat="-20.120203" lon="-43.968347"><ele>1304.6</ele></trkpt>
   <trkpt lat="-20.120081" lon="-43.968359"><ele>1304.8</ele></trkpt>
   <trkpt lat="-20.119993" lon="-43.968328"><ele>1305.2</ele></trkpt>
   <trkpt lat="-20.119939" lon="-43.968324"><ele>1305.4</ele></trkpt>
   <trkpt lat="-20.119771" lon="-43.968438"><ele>1307.4</ele></trkpt>
   <trkpt lat="-20.119708" lon="-43.968461"><ele>1307.8</ele></trkpt>
   <trkpt lat="-20.119458" lon="-43.968388"><ele>1308.0</ele></trkpt>
   <trkpt lat="-20.119311" lon="-43.968388"><ele>1308.0</ele></trkpt>
   <trkpt lat="-20.119269" lon="-43.968401"><ele>1308.0</ele></trkpt>
   <trkpt lat="-20.119161" lon="-43.968472"><ele>1308.2</ele></trkpt>
   <trkpt lat="-20.118962" lon="-43.968514"><ele>1308.4</ele></trkpt>
   <trkpt lat="-20.118789" lon="-43.968570"><ele>1308.6</ele></trkpt>
   <trkpt lat="-20.118472" lon="-43.968584"><ele>1308.0</ele></trkpt>
   <trkpt lat="-20.118233" lon="-43.968658"><ele>1308.0</ele></trkpt>
   <trkpt lat="-20.118017" lon="-43.968776"><ele>1308.4</ele></trkpt>
   <trkpt lat="-20.117974" lon="-43.968812"><ele>1308.6</ele></trkpt>
   <trkpt lat="-20.117841" lon="-43.969011"><ele>1310.0</ele></trkpt>
   <trkpt lat="-20.117647" lon="-43.969128"><ele>1311.4</ele></trkpt>
   <trkpt lat="-20.117474" lon="-43.969206"><ele>1312.6</ele></trkpt>
   <trkpt lat="-20.117274" lon="-43.969250"><ele>1313.4</ele></trkpt>
   <trkpt lat="-20.117136" lon="-43.969314"><ele>1314.2</ele></trkpt>
   <trkpt lat="-20.116901" lon="-43.969397"><ele>1315.2</ele></trkpt>
   <trkpt lat="-20.116719" lon="-43.969421"><ele>1315.8</ele></trkpt>
   <trkpt lat="-20.116684" lon="-43.969438"><ele>1316.0</ele></trkpt>
   <trkpt lat="-20.116665" lon="-43.969471"><ele>1316.2</ele></trkpt>
   <trkpt lat="-20.116663" lon="-43.969512"><ele>1316.4</ele></trkpt>
   <trkpt lat="-20.116678" lon="-43.969624"><ele>1316.8</ele></trkpt>
   <trkpt lat="-20.116661" lon="-43.969639"><ele>1317.0</ele></trkpt>
   <trkpt lat="-20.116316" lon="-43.969673"><ele>1317.8</ele></trkpt>
   <trkpt lat="-20.116076" lon="-43.969626"><ele>1318.0</ele></trkpt>
   <trkpt lat="-20.115877" lon="-43.969684"><ele>1318.0</ele></trkpt>
   <trkpt lat="-20.115626" lon="-43.969677"><ele>1318.0</ele></trkpt>
   <trkpt lat="-20.115424" lon="-43.969707"><ele>1318.0</ele></trkpt>
   <trkpt lat="-20.115249" lon="-43.969716"><ele>1318.2</ele></trkpt>
   <trkpt lat="-20.115137" lon="-43.969819"><ele>1319.0</ele></trkpt>
   <trkpt lat="-20.115068" lon="-43.969952"><ele>1320.2</ele></trkpt>
   <trkpt lat="-20.115021" lon="-43.970013"><ele>1320.8</ele></trkpt>
   <trkpt lat="-20.114987" lon="-43.970035"><ele>1321.2</ele></trkpt>
   <trkpt lat="-20.114905" lon="-43.970057"><ele>1321.6</ele></trkpt>
   <trkpt lat="-20.114768" lon="-43.970060"><ele>1322.2</ele></trkpt>
   <trkpt lat="-20.114614" lon="-43.970134"><ele>1323.0</ele></trkpt>
   <trkpt lat="-20.114474" lon="-43.970150"><ele>1323.4</ele></trkpt>
   <trkpt lat="-20.114383" lon="-43.970188"><ele>1323.8</ele></trkpt>
   <trkpt lat="-20.113906" lon="-43.970558"><ele>1326.4</ele></trkpt>
   <trkpt lat="-20.113776" lon="-43.970680"><ele>1327.4</ele></trkpt>
   <trkpt lat="-20.113240" lon="-43.971099"><ele>1328.4</ele></trkpt>
   <trkpt lat="-20.113204" lon="-43.971141"><ele>1328.0</ele></trkpt>
   <trkpt lat="-20.113130" lon="-43.971286"><ele>1326.2</ele></trkpt>
   <trkpt lat="-20.113106" lon="-43.971400"><ele>1325.0</ele></trkpt>
   <trkpt lat="-20.113106" lon="-43.971782"><ele>1323.8</ele></trkpt>
   <trkpt lat="-20.113193" lon="-43.972010"><ele>1323.8</ele></trkpt>
   <trkpt lat="-20.113315" lon="-43.972116"><ele>1324.4</ele></trkpt>
   <trkpt lat="-20.113328" lon="-43.972172"><ele>1324.6</ele></trkpt>
   <trkpt lat="-20.113312" lon="-43.972212"><ele>1324.8</ele></trkpt>
   <trkpt lat="-20.113268" lon="-43.972211"><ele>1325.0</ele></trkpt>
   <trkpt lat="-20.113055" lon="-43.972056"><ele>1324.8</ele></trkpt>
   <trkpt lat="-20.112964" lon="-43.972034"><ele>1325.0</ele></trkpt>
   <trkpt lat="-20.112825" lon="-43.972061"><ele>1324.6</ele></trkpt>
   <trkpt lat="-20.112659" lon="-43.972145"><ele>1324.8</ele></trkpt>
   <trkpt lat="-20.112588" lon="-43.972160"><ele>1324.6</ele></trkpt>
   <trkpt lat="-20.112410" lon="-43.972155"><ele>1323.8</ele></trkpt>
   <trkpt lat="-20.112019" lon="-43.972082"><ele>1322.2</ele></trkpt>
   <trkpt lat="-20.111948" lon="-43.972116"><ele>1321.4</ele></trkpt>
   <trkpt lat="-20.111607" lon="-43.972431"><ele>1318.6</ele></trkpt>
   <trkpt lat="-20.111506" lon="-43.972499"><ele>1317.6</ele></trkpt>
   <trkpt lat="-20.111470" lon="-43.972504"><ele>1317.4</ele></trkpt>
   <trkpt lat="-20.111448" lon="-43.972488"><ele>1317.0</ele></trkpt>
   <trkpt lat="-20.111405" lon="-43.972425"><ele>1316.0</ele></trkpt>
   <trkpt lat="-20.111373" lon="-43.972401"><ele>1315.4</ele></trkpt>
   <trkpt lat="-20.111335" lon="-43.972397"><ele>1314.8</ele></trkpt>
   <trkpt lat="-20.111248" lon="-43.972431"><ele>1313.8</ele></trkpt>
   <trkpt lat="-20.111181" lon="-43.972515"><ele>1312.8</ele></trkpt>
   <trkpt lat="-20.111041" lon="-43.972832"><ele>1312.2</ele></trkpt>
   <trkpt lat="-20.110941" lon="-43.972965"><ele>1311.8</ele></trkpt>
   <trkpt lat="-20.110848" lon="-43.973038"><ele>1311.2</ele></trkpt>
   <trkpt lat="-20.110632" lon="-43.973132"><ele>1310.0</ele></trkpt>
   <trkpt lat="-20.110524" lon="-43.973234"><ele>1309.8</ele></trkpt>
   <trkpt lat="-20.110450" lon="-43.973371"><ele>1310.2</ele></trkpt>
   <trkpt lat="-20.110325" lon="-43.973775"><ele>1309.6</ele></trkpt>
   <trkpt lat="-20.110285" lon="-43.973864"><ele>1309.8</ele></trkpt>
   <trkpt lat="-20.110146" lon="-43.973914"><ele>1309.4</ele></trkpt>
   <trkpt lat="-20.110063" lon="-43.973983"><ele>1309.8</ele></trkpt>
   <trkpt lat="-20.109963" lon="-43.974040"><ele>1309.6</ele></trkpt>
   <trkpt lat="-20.109687" lon="-43.974313"><ele>1309.6</ele></trkpt>
   <trkpt lat="-20.109412" lon="-43.974476"><ele>1307.2</ele></trkpt>
   <trkpt lat="-20.109305" lon="-43.974514"><ele>1306.8</ele></trkpt>
   <trkpt lat="-20.109189" lon="-43.974514"><ele>1306.6</ele></trkpt>
   <trkpt lat="-20.109086" lon="-43.974497"><ele>1307.0</ele></trkpt>
  </trkseg>
 </trk>
</gpx>
